state,city,signal_type,signal_text,label
Maharashtra,Nashik,Transport,A transport operator has announced new routes from Nashik. according to local reports.,0
Karnataka,Udupi,Corporate,A corporate advisory company has increased its presence in Udupi. as part of its operational expansion.,0
Maharashtra,Chhatrapati Sambhajinagar,Senior Living,A retirement housing development has received approval in Chhatrapati Sambhajinagar. as part of a planned expansion.,1
Karnataka,Hassan,Industrial,A manufacturing complex is planned on the outskirts of Hassan. as part of regional infrastructure development.,1
Goa,Ponda,Corporate,A professional services firm has opened a new office in Ponda.,0
Maharashtra,Chhatrapati Sambhajinagar,Corporate,A corporate advisory company has increased its presence in Chhatrapati Sambhajinagar. following the latest business update.,0
Maharashtra,Nashik,Healthcare,A new multi-specialty hospital campus is being developed in Nashik. following a new project announcement.,1
Maharashtra,Nashik,Logistics,A large warehousing and distribution centre is proposed near Nashik.,1
Maharashtra,Nagpur,Small Business,A small clothing shop has opened in Nagpur. as part of its business expansion.,0
Maharashtra,Alibaug,Residential,Planning authorities have approved a 400-unit housing project near Alibaug. as part of a major private investment.,1
Goa,Ponda,Finance,A banking company has announced expansion of its branch network in Ponda. following a corporate announcement.,0
Karnataka,Coorg,Institutional,A training and residential facility is proposed near Coorg. following the acquisition of land.,1
Maharashtra,Lonavala,Healthcare,A hospital expansion project will add new patient accommodation and treatment facilities in Lonavala. as part of a major private investment.,1
Maharashtra,Pune,Healthcare,A new healthcare campus is expected to serve thousands of patients in the Pune region.,1
Karnataka,Hubballi,Retail,A consumer electronics company has opened a showroom in Hubballi.,0
Karnataka,Udupi,Hospitality,Construction approval has been granted for a large tourism resort in Udupi. as part of a planned expansion.,1
Karnataka,Tumakuru,Commercial,A major commercial township has received development approval in Tumakuru.,1
Goa,Candolim,Entertainment,A streaming company has announced an event in Candolim.,0
Maharashtra,Thane,Tourism,A tourism infrastructure expansion is planned in the Thane region.,1
Maharashtra,Navi Mumbai,Senior Living,A retirement community with healthcare and accommodation facilities is proposed in Navi Mumbai. following an investment proposal.,1
Maharashtra,Nashik,Tourism,A major tourism investment has been announced near Nashik. after receiving development permission.,1
Goa,Vasco da Gama,Employment,A consulting company has announced recruitment in Vasco da Gama.,0
Karnataka,Tumakuru,Employment,A financial company has announced recruitment in Tumakuru.,0
Karnataka,Manipal,Tourism,A tourism infrastructure expansion is planned in the Manipal region. as part of a planned expansion.,1
Goa,Margao,Retail,A lifestyle brand has opened its latest outlet in Margao.,0
Goa,Morjim,Tourism,A major tourism infrastructure project is proposed near Morjim. following regulatory approval.,1
Maharashtra,Alibaug,Employment,A retail company plans to recruit staff in Alibaug. according to the company announcement.,0
Goa,Morjim,Retail,A lifestyle brand has opened its latest outlet in Morjim.,0
Karnataka,Tumakuru,Retail,A consumer electronics company has opened a showroom in Tumakuru. following a recent launch.,0
Karnataka,Udupi,Retail,A clothing company has announced a new retail location in Udupi. according to local reports.,0
Goa,Vasco da Gama,Corporate,A management consulting company has announced expansion in Vasco da Gama. following a corporate announcement.,0
Goa,Margao,Institutional,A training and residential facility is proposed near Margao.,1
Goa,Baga,Industrial,A major industrial company has announced a new production facility near Baga.,1
Maharashtra,Alibaug,Events,A technology conference will attract visitors to Alibaug. according to the company announcement.,0
Karnataka,Bengaluru,Institutional,A government-supported campus project has received approval in Bengaluru.,1
Maharashtra,Pune,Senior Living,A new senior living community with residential facilities is planned near Pune.,1
Karnataka,Bengaluru,Entertainment,A gaming centre has opened in Bengaluru. as part of its regional growth strategy.,0
Karnataka,Hassan,Residential,A developer has acquired land for a large residential township in Hassan.,1
Goa,Baga,Employment,A startup is hiring employees for its Baga office. according to the company announcement.,0
Karnataka,Tumakuru,Tourism,A new destination tourism complex is being planned in Tumakuru.,1
Karnataka,Mangaluru,Industrial,A new production facility is expected to begin construction in the Mangaluru region. following regulatory approval.,1
Maharashtra,Pune,Logistics,A logistics company has acquired land for a new distribution hub near Pune. following a new project announcement.,1
Maharashtra,Mumbai,Education,A new university campus with student accommodation is planned near Mumbai. as part of regional infrastructure development.,1
Karnataka,Manipal,Entertainment,A gaming centre has opened in Manipal. as part of its operational expansion.,0
Goa,Anjuna,Logistics,A freight and warehousing facility has received development approval near Anjuna.,1
Karnataka,Hassan,Technology,An IT company announced plans to increase its workforce in Hassan. as part of its market expansion.,0
Goa,Mapusa,Transport,A railway service has announced schedule changes affecting Mapusa. as part of its regional growth strategy.,0
Karnataka,Mangaluru,Small Business,A neighbourhood pharmacy has opened a new branch in Mangaluru. following a corporate announcement.,0
Maharashtra,Kolhapur,Small Business,A small clothing shop has opened in Kolhapur. following the latest business update.,0
Maharashtra,Nashik,Institutional,A government-supported campus project has received approval in Nashik.,1
Maharashtra,Mumbai,Hospitality,A hospitality developer is planning a new property with guest accommodation and recreational facilities near Mumbai. following the acquisition of land.,1
Maharashtra,Chhatrapati Sambhajinagar,Healthcare,A hospital expansion project will add new patient accommodation and treatment facilities in Chhatrapati Sambhajinagar. as part of regional infrastructure development.,1
Maharashtra,Thane,Hospitality,A beach resort project with 300 guest rooms is proposed in Thane. following the acquisition of land.,1
Karnataka,Manipal,Small Business,A small clothing shop has opened in Manipal.,0
Karnataka,Hubballi,Entertainment,An entertainment company has launched a new venue in Hubballi. as part of its regional growth strategy.,0
Goa,Margao,Tourism,A new eco-tourism development is being evaluated near Margao. after planning authority approval.,1
Karnataka,Tumakuru,Finance,A banking company has announced expansion of its branch network in Tumakuru. as part of its business expansion.,0
Karnataka,Hassan,Finance,A financial services company has expanded its operations in Hassan.,0
Maharashtra,Mumbai,Events,A trade exhibition will be held in Mumbai. according to the company.,0
Goa,Anjuna,Senior Living,A developer has announced a large assisted-living project near Anjuna. following a new project announcement.,1
Goa,Margao,Tourism,A tourism company is planning a new destination project near Margao. following a new project announcement.,1
Karnataka,Belagavi,Tourism,A major tourism investment has been announced near Belagavi. as part of a major private investment.,1
Goa,Panaji,Small Business,A small clothing shop has opened in Panaji.,0
Goa,Vasco da Gama,Institutional,A large training centre with residential accommodation is planned in Vasco da Gama.,1
Maharashtra,Mumbai,Technology,An IT services company has opened a new corporate office in Mumbai. as part of its operational expansion.,0
Karnataka,Coorg,Transport,A ride-sharing company has expanded services in Coorg.,0
Karnataka,Mysuru,Events,A business conference will be held in Mysuru. as part of its regional growth strategy.,0
Karnataka,Mysuru,Small Business,A convenience store has opened a new location in Mysuru. according to the company announcement.,0
Maharashtra,Mumbai,Entertainment,A music festival will take place in Mumbai.,0
Maharashtra,Kolhapur,Hospitality,"A new hospitality complex with restaurants, accommodation and recreational facilities is planned near Kolhapur.",1
Karnataka,Mangaluru,Retail,A consumer electronics company has opened a showroom in Mangaluru. according to the company announcement.,0
Goa,Margao,Tourism,A destination resort and visitor centre is proposed near Margao. as part of a major private investment.,1
Karnataka,Bengaluru,Institutional,A research and development campus is being developed near Bengaluru. following an investment proposal.,1
Karnataka,Mysuru,Logistics,A major e-commerce logistics hub is being developed near Mysuru. after receiving development permission.,1
Goa,Vasco da Gama,Tourism,A major tourism investment has been announced near Vasco da Gama. following the acquisition of land.,1
Maharashtra,Thane,Technology,An IT company announced plans to increase its workforce in Thane.,0
Maharashtra,Pune,Residential,A large residential complex with common amenities is under development near Pune. following regulatory approval.,1
Maharashtra,Alibaug,Hospitality,A new business hotel is planned near the commercial district of Alibaug.,1
Karnataka,Hassan,Tourism,A tourism developer has announced a large visitor accommodation project near Hassan. following the acquisition of land.,1
Maharashtra,Nagpur,Hospitality,A beach resort project with 80 guest rooms is proposed in Nagpur. following an investment proposal.,1
Goa,Calangute,Tourism,A tourism company is planning a new destination project near Calangute.,1
Goa,Baga,Commercial,A large business district expansion has been announced near Baga.,1
Goa,Calangute,Education,An educational trust has acquired land for a large institutional campus near Calangute. following the acquisition of land.,1
Maharashtra,Lonavala,Industrial,A large manufacturing campus with employee facilities is proposed near Lonavala.,1
Maharashtra,Chhatrapati Sambhajinagar,Healthcare,A healthcare company has announced a major hospital project near Chhatrapati Sambhajinagar. after receiving development permission.,1
Goa,Mapusa,Finance,A bank has opened a new branch in Mapusa. according to the company.,0
Maharashtra,Pune,Residential,A RERA-registered residential development comprising 300 apartments has been announced in Pune. after planning authority approval.,1
Karnataka,Hassan,Technology,An IT company announced plans to increase its workforce in Hassan. as part of its regional growth strategy.,0
Karnataka,Hubballi,Events,A cultural festival is scheduled to take place in Hubballi. as part of its market expansion.,0
Karnataka,Belagavi,Senior Living,A retirement community with healthcare and accommodation facilities is proposed in Belagavi. following a new project announcement.,1
Karnataka,Udupi,Residential,"A proposed residential township near Udupi will include apartments, community facilities and landscaped areas. following regulatory approval.",1
Karnataka,Bengaluru,Healthcare,A large medical facility with residential accommodation for staff is proposed in Bengaluru.,1
Goa,Morjim,Employment,A financial company has announced recruitment in Morjim.,0
Maharashtra,Kolhapur,Logistics,A major e-commerce logistics hub is being developed near Kolhapur. as part of regional infrastructure development.,1
Maharashtra,Navi Mumbai,Residential,A RERA-registered residential development comprising 600 apartments has been announced in Navi Mumbai.,1
Goa,Calangute,Commercial,"A mixed-use development containing offices, retail space and public facilities is proposed near Calangute.",1
Maharashtra,Thane,Technology,An IT company announced plans to increase its workforce in Thane. according to the company announcement.,0
Maharashtra,Mumbai,Entertainment,An entertainment company has launched a new venue in Mumbai. following a corporate announcement.,0
Maharashtra,Chhatrapati Sambhajinagar,Education,A residential educational campus with hostels and common facilities is planned near Chhatrapati Sambhajinagar. as part of a planned expansion.,1
Maharashtra,Chhatrapati Sambhajinagar,Tourism,A tourism infrastructure expansion is planned in the Chhatrapati Sambhajinagar region. following regulatory approval.,1
Karnataka,Udupi,Education,A new university campus with student accommodation is planned near Udupi. as part of regional infrastructure development.,1
Maharashtra,Nagpur,Retail,A footwear brand has expanded its retail presence in Nagpur.,0
Goa,Calangute,Events,A public seminar is scheduled in Calangute. following a recent launch.,0
Karnataka,Manipal,Transport,A transport operator has announced new routes from Manipal. according to the company.,0
Maharashtra,Alibaug,Events,A public seminar is scheduled in Alibaug.,0
Goa,Ponda,Industrial,Construction approval has been granted for an industrial development in Ponda. following an investment proposal.,1
Karnataka,Mangaluru,Senior Living,A senior residential campus with common facilities is being developed near Mangaluru. following an investment proposal.,1
Karnataka,Hubballi,Events,A cultural festival is scheduled to take place in Hubballi. as part of its business expansion.,0
Maharashtra,Alibaug,Events,A cultural festival is scheduled to take place in Alibaug.,0
Karnataka,Mangaluru,Healthcare,A large medical facility with residential accommodation for staff is proposed in Mangaluru. as part of regional infrastructure development.,1
Karnataka,Tumakuru,Institutional,A public-sector organization has announced development of a new campus in Tumakuru.,1
Goa,Anjuna,Transport,A ride-sharing company has expanded services in Anjuna. as part of its market expansion.,0
Karnataka,Mangaluru,Residential,Planning authorities have approved a 150-unit housing project near Mangaluru. after planning authority approval.,1
Karnataka,Mangaluru,Corporate,A recruitment company has expanded its operations in Mangaluru.,0
Maharashtra,Pune,Education,A new higher-education campus is being developed on the outskirts of Pune.,1
Karnataka,Belagavi,Institutional,An institutional development with multiple buildings has been approved near Belagavi. following the acquisition of land.,1
Maharashtra,Nashik,Senior Living,A new senior living community with residential facilities is planned near Nashik.,1
Maharashtra,Lonavala,Residential,A large residential complex with common amenities is under development near Lonavala. after planning authority approval.,1
Maharashtra,Kolhapur,Corporate,A business services firm has announced hiring in Kolhapur. as part of its operational expansion.,0
Maharashtra,Thane,Finance,An insurance company has opened a new office in Thane. following the latest business update.,0
Karnataka,Tumakuru,Transport,An airline has announced additional flights from Tumakuru.,0
Maharashtra,Alibaug,Finance,A bank has opened a new branch in Alibaug. following the latest business update.,0
Karnataka,Belagavi,Small Business,A small clothing shop has opened in Belagavi. following a recent launch.,0
Karnataka,Mysuru,Transport,A logistics company has expanded its delivery network in Mysuru. according to the company announcement.,0
Karnataka,Mysuru,Retail,A lifestyle brand has opened its latest outlet in Mysuru. following a recent launch.,0
Goa,Candolim,Technology,A software company announced a new digital platform in Candolim.,0
Karnataka,Coorg,Corporate,A corporate advisory company has increased its presence in Coorg.,0
Maharashtra,Chhatrapati Sambhajinagar,Logistics,A warehouse complex covering a large industrial area is proposed near Chhatrapati Sambhajinagar. after receiving preliminary clearance.,1
Goa,Margao,Hospitality,A tourism company has acquired land for a resort development near Margao. following an investment proposal.,1
Maharashtra,Nashik,Employment,A corporate employer has announced new vacancies in Nashik. according to local reports.,0
Goa,Mapusa,Tourism,A new eco-tourism development is being evaluated near Mapusa.,1
Goa,Candolim,Industrial,A large manufacturing campus with employee facilities is proposed near Candolim. following an investment proposal.,1
Karnataka,Tumakuru,Corporate,A management consulting company has announced expansion in Tumakuru.,0
Goa,Calangute,Senior Living,A new senior living community with residential facilities is planned near Calangute. as part of a major private investment.,1
Maharashtra,Nashik,Technology,A software company announced a new digital platform in Nashik. as part of its business expansion.,0
Karnataka,Hubballi,Corporate,A legal services company has opened a new office in Hubballi. as part of its operational expansion.,0
Karnataka,Hassan,Retail,A consumer electronics company has opened a showroom in Hassan. according to local reports.,0
Maharashtra,Chhatrapati Sambhajinagar,Institutional,A large institutional campus is planned near Chhatrapati Sambhajinagar.,1
Maharashtra,Nashik,Healthcare,A new healthcare campus is expected to serve thousands of patients in the Nashik region.,1
Maharashtra,Nashik,Retail,A national retail company has announced a new store in Nashik. as part of its business expansion.,0
Karnataka,Mangaluru,Hospitality,A luxury resort with approximately 500 rooms is proposed near Mangaluru. after receiving preliminary clearance.,1
Maharashtra,Navi Mumbai,Residential,A major housing project in Navi Mumbai has entered the construction approval stage. following an investment proposal.,1
Karnataka,Bengaluru,Employment,A company has announced hiring for its Bengaluru operations. as part of its market expansion.,0
Goa,Panaji,Finance,A banking company has announced expansion of its branch network in Panaji. as part of its operational expansion.,0
Maharashtra,Kolhapur,Employment,A business process outsourcing company is hiring in Kolhapur. according to the company announcement.,0
Maharashtra,Alibaug,Institutional,A research and development campus is being developed near Alibaug. following an investment proposal.,1
Karnataka,Mangaluru,Hospitality,A hospitality developer is planning a new property with guest accommodation and recreational facilities near Mangaluru. after receiving development permission.,1
Maharashtra,Nagpur,Transport,A transport operator has announced new routes from Nagpur. following a corporate announcement.,0
Maharashtra,Mumbai,Senior Living,A retirement community with healthcare and accommodation facilities is proposed in Mumbai. following an investment proposal.,1
Goa,Mapusa,Industrial,A major industrial company has announced a new production facility near Mapusa.,1
Karnataka,Belagavi,Institutional,A new administrative and residential campus is proposed near Belagavi. as part of a planned expansion.,1
Goa,Candolim,Corporate,A professional services firm has opened a new office in Candolim.,0
Maharashtra,Thane,Hospitality,A hotel expansion will add more than 150 rooms and new guest facilities in Thane.,1
Maharashtra,Alibaug,Employment,A business process outsourcing company is hiring in Alibaug. as part of its regional growth strategy.,0
Goa,Ponda,Residential,A mixed-use residential development with 150 apartments is planned on the outskirts of Ponda.,1
Karnataka,Bengaluru,Tourism,A major tourism infrastructure project is proposed near Bengaluru. as part of regional infrastructure development.,1
Maharashtra,Chhatrapati Sambhajinagar,Events,A public seminar is scheduled in Chhatrapati Sambhajinagar.,0
Goa,Panaji,Education,A new university campus with student accommodation is planned near Panaji.,1
Maharashtra,Kolhapur,Industrial,An industrial estate with multiple manufacturing units has been approved near Kolhapur. as part of a major private investment.,1
Maharashtra,Alibaug,Corporate,A corporate advisory company has increased its presence in Alibaug. following the latest business update.,0
Karnataka,Bengaluru,Finance,A financial services company has expanded its operations in Bengaluru. according to the company.,0
Maharashtra,Alibaug,Employment,A financial company has announced recruitment in Alibaug. as part of its regional growth strategy.,0
Maharashtra,Mumbai,Healthcare,A private healthcare group is acquiring land for a new hospital near Mumbai. as part of a planned expansion.,1
Karnataka,Belagavi,Hospitality,"A new hospitality complex with restaurants, accommodation and recreational facilities is planned near Belagavi. following a new project announcement.",1
Goa,Mapusa,Events,A business networking event will take place in Mapusa. following a corporate announcement.,0
Goa,Vasco da Gama,Residential,A developer has acquired land for a large residential township in Vasco da Gama. after planning authority approval.,1
Maharashtra,Lonavala,Events,A music event has been announced in Lonavala. as part of its regional growth strategy.,0
Maharashtra,Chhatrapati Sambhajinagar,Industrial,A large manufacturing campus with employee facilities is proposed near Chhatrapati Sambhajinagar.,1
Karnataka,Coorg,Entertainment,A theatre company has announced a performance in Coorg. following a corporate announcement.,0
Karnataka,Mangaluru,Events,A sports event is planned in Mangaluru.,0
Maharashtra,Navi Mumbai,Residential,A real estate developer has announced a large apartment project in Navi Mumbai with multiple residential towers.,1
Maharashtra,Alibaug,Technology,An IT services company has opened a new corporate office in Alibaug. as part of its business expansion.,0
Maharashtra,Nashik,Hospitality,A luxury resort with approximately 750 rooms is proposed near Nashik.,1
Karnataka,Hubballi,Transport,A ride-sharing company has expanded services in Hubballi.,0
Goa,Calangute,Finance,A bank has opened a new branch in Calangute. following a corporate announcement.,0
Goa,Baga,Commercial,A new business park with multiple commercial buildings is being developed in Baga. as part of regional infrastructure development.,1
Goa,Candolim,Education,A boarding school campus with residential facilities is proposed near Candolim. following regulatory approval.,1
Goa,Morjim,Retail,A grocery chain has expanded operations in Morjim.,0
Karnataka,Hubballi,Education,A residential educational campus with hostels and common facilities is planned near Hubballi. following the acquisition of land.,1
Goa,Candolim,Events,A music event has been announced in Candolim. according to the company.,0
Maharashtra,Pune,Logistics,A logistics park with multiple warehouses is planned near Pune. after planning authority approval.,1
Goa,Panaji,Senior Living,A developer has announced a large assisted-living project near Panaji. after receiving development permission.,1
Goa,Panaji,Residential,A RERA-registered residential development comprising 1500 apartments has been announced in Panaji. as part of a planned expansion.,1
Karnataka,Hubballi,Retail,A grocery chain has expanded operations in Hubballi. as part of its business expansion.,0
Goa,Baga,Entertainment,A gaming centre has opened in Baga. according to local reports.,0
Karnataka,Bengaluru,Institutional,A new administrative and residential campus is proposed near Bengaluru.,1
Karnataka,Mysuru,Events,A technology conference will attract visitors to Mysuru. according to the company.,0
Karnataka,Belagavi,Commercial,A new business park with multiple commercial buildings is being developed in Belagavi. after receiving preliminary clearance.,1
Karnataka,Manipal,Small Business,A neighbourhood pharmacy has opened a new branch in Manipal. following a corporate announcement.,0
Maharashtra,Kolhapur,Small Business,A local bakery has opened a new outlet in Kolhapur.,0
Maharashtra,Nashik,Retail,A lifestyle brand has opened its latest outlet in Nashik. as part of its market expansion.,0
Karnataka,Manipal,Finance,A financial institution has increased its workforce in Manipal. following the latest business update.,0
Karnataka,Coorg,Tourism,A tourism infrastructure expansion is planned in the Coorg region.,1
Goa,Vasco da Gama,Transport,A railway service has announced schedule changes affecting Vasco da Gama. following a recent launch.,0
Karnataka,Tumakuru,Education,A boarding school campus with residential facilities is proposed near Tumakuru.,1
Maharashtra,Kolhapur,Technology,A startup has raised funding to expand its technology operations in Kolhapur.,0
Goa,Vasco da Gama,Corporate,A corporate advisory company has increased its presence in Vasco da Gama. as part of its regional growth strategy.,0
Goa,Mapusa,Entertainment,A gaming centre has opened in Mapusa. as part of its business expansion.,0
Goa,Vasco da Gama,Hospitality,"A new hospitality complex with restaurants, accommodation and recreational facilities is planned near Vasco da Gama. as part of regional infrastructure development.",1
Maharashtra,Mumbai,Small Business,A small clothing shop has opened in Mumbai.,0
Karnataka,Hubballi,Residential,A large residential complex with common amenities is under development near Hubballi. after planning authority approval.,1
Goa,Vasco da Gama,Senior Living,A new senior living community with residential facilities is planned near Vasco da Gama.,1
Karnataka,Mysuru,Events,A business conference will be held in Mysuru.,0
Goa,Morjim,Employment,A technology firm plans to recruit additional employees in Morjim. as part of its business expansion.,0
Karnataka,Hassan,Logistics,A logistics park with multiple warehouses is planned near Hassan. following regulatory approval.,1
Goa,Candolim,Small Business,A small clothing shop has opened in Candolim.,0
Goa,Anjuna,Hospitality,A new 400-room hotel project has been announced in Anjuna.,1
Maharashtra,Alibaug,Small Business,A local electronics shop has expanded in Alibaug. as part of its operational expansion.,0
Karnataka,Udupi,Entertainment,A gaming centre has opened in Udupi. as part of its business expansion.,0
Maharashtra,Lonavala,Senior Living,A retirement community with healthcare and accommodation facilities is proposed in Lonavala. as part of a planned expansion.,1
Goa,Margao,Senior Living,A developer has announced a large assisted-living project near Margao.,1
Maharashtra,Thane,Commercial,A large commercial complex is planned in Thane.,1
Maharashtra,Chhatrapati Sambhajinagar,Education,A new university campus with student accommodation is planned near Chhatrapati Sambhajinagar.,1
Karnataka,Bengaluru,Institutional,A public-sector organization has announced development of a new campus in Bengaluru. as part of a planned expansion.,1
Karnataka,Udupi,Retail,A fashion retailer has opened a new store in Udupi.,0
Karnataka,Hassan,Institutional,A research institution is developing a new campus in Hassan. as part of a planned expansion.,1
Karnataka,Belagavi,Institutional,A large institutional complex with accommodation facilities is planned near Belagavi.,1
Goa,Calangute,Commercial,A developer has announced a multi-building commercial project in Calangute. as part of a major private investment.,1
Karnataka,Hassan,Transport,A logistics company has expanded its delivery network in Hassan. according to local reports.,0
Goa,Calangute,Employment,A startup is hiring employees for its Calangute office. according to the company announcement.,0
Maharashtra,Lonavala,Industrial,A large manufacturing campus with employee facilities is proposed near Lonavala. following an investment proposal.,1
Goa,Candolim,Transport,A courier company has launched a new service in Candolim. following a recent launch.,0
Karnataka,Hassan,Transport,A railway service has announced schedule changes affecting Hassan. as part of its regional growth strategy.,0
Karnataka,Belagavi,Logistics,A major e-commerce logistics hub is being developed near Belagavi.,1
Karnataka,Mangaluru,Healthcare,A hospital developer has received approval for a new multi-building medical campus in Mangaluru. after planning authority approval.,1
Maharashtra,Lonavala,Retail,A consumer electronics company has opened a showroom in Lonavala. following the latest business update.,0
Karnataka,Belagavi,Events,A business conference will be held in Belagavi. as part of its business expansion.,0
Karnataka,Tumakuru,Tourism,A tourism infrastructure expansion is planned in the Tumakuru region. following an investment proposal.,1
Maharashtra,Pune,Tourism,A tourism company is planning a new destination project near Pune. after receiving preliminary clearance.,1
Maharashtra,Lonavala,Corporate,A legal services company has opened a new office in Lonavala. as part of its business expansion.,0
Karnataka,Hubballi,Industrial,An industrial estate with multiple manufacturing units has been approved near Hubballi.,1
Karnataka,Coorg,Retail,A national retail company has announced a new store in Coorg. following the latest business update.,0
Karnataka,Mangaluru,Small Business,A restaurant has launched a new location in Mangaluru. following a corporate announcement.,0
Maharashtra,Alibaug,Residential,A major housing project in Alibaug has entered the construction approval stage. as part of regional infrastructure development.,1
Goa,Mapusa,Commercial,A major commercial township has received development approval in Mapusa.,1
Maharashtra,Nagpur,Corporate,A business services firm has announced hiring in Nagpur.,0
Karnataka,Tumakuru,Small Business,A small clothing shop has opened in Tumakuru.,0
Karnataka,Mangaluru,Finance,A bank has opened a new branch in Mangaluru.,0
Goa,Anjuna,Employment,A retail company plans to recruit staff in Anjuna.,0
Goa,Baga,Institutional,An institutional development with multiple buildings has been approved near Baga. after receiving preliminary clearance.,1
Maharashtra,Nagpur,Residential,Construction is expected to begin on a new gated community containing approximately 400 homes near Nagpur.,1
Karnataka,Belagavi,Industrial,A large manufacturing campus with employee facilities is proposed near Belagavi. as part of regional infrastructure development.,1
Maharashtra,Nashik,Senior Living,A retirement housing development has received approval in Nashik.,1
Goa,Mapusa,Transport,A ride-sharing company has expanded services in Mapusa. according to local reports.,0
Goa,Baga,Residential,"A proposed residential township near Baga will include apartments, community facilities and landscaped areas.",1
Maharashtra,Thane,Logistics,A freight and warehousing facility has received development approval near Thane.,1
Karnataka,Bengaluru,Education,A new higher-education campus is being developed on the outskirts of Bengaluru. after receiving preliminary clearance.,1
Karnataka,Coorg,Employment,A corporate employer has announced new vacancies in Coorg.,0
Karnataka,Mysuru,Senior Living,A new senior living community with residential facilities is planned near Mysuru.,1
Karnataka,Mysuru,Tourism,A major tourism investment has been announced near Mysuru. as part of a planned expansion.,1
Goa,Calangute,Small Business,A small clothing shop has opened in Calangute.,0
Karnataka,Mangaluru,Education,An educational trust has acquired land for a large institutional campus near Mangaluru. after receiving preliminary clearance.,1
Maharashtra,Mumbai,Corporate,A corporate services company has increased its workforce in Mumbai. following a corporate announcement.,0
Maharashtra,Lonavala,Entertainment,A recreational venue has opened in Lonavala. as part of its business expansion.,0
Goa,Vasco da Gama,Employment,A financial company has announced recruitment in Vasco da Gama.,0
Maharashtra,Nashik,Senior Living,A developer has announced a large assisted-living project near Nashik. after planning authority approval.,1
Maharashtra,Chhatrapati Sambhajinagar,Small Business,A convenience store has opened a new location in Chhatrapati Sambhajinagar. as part of its regional growth strategy.,0
Goa,Baga,Events,A cultural festival is scheduled to take place in Baga. as part of its market expansion.,0
Maharashtra,Nashik,Hospitality,A tourism company has acquired land for a resort development near Nashik. after planning authority approval.,1
Maharashtra,Navi Mumbai,Technology,A technology startup has launched a new software product from Navi Mumbai. according to the company.,0
Maharashtra,Pune,Education,A large educational institution is developing a campus with hostels and dining facilities near Pune.,1
Maharashtra,Navi Mumbai,Logistics,A freight and warehousing facility has received development approval near Navi Mumbai. as part of a major private investment.,1
Maharashtra,Chhatrapati Sambhajinagar,Hospitality,A new business hotel is planned near the commercial district of Chhatrapati Sambhajinagar. following regulatory approval.,1
Karnataka,Udupi,Education,An educational trust has acquired land for a large institutional campus near Udupi.,1
Goa,Vasco da Gama,Employment,A business process outsourcing company is hiring in Vasco da Gama. according to the company.,0
Goa,Morjim,Education,A new university campus with student accommodation is planned near Morjim. as part of regional infrastructure development.,1
Goa,Candolim,Education,A large educational institution is developing a campus with hostels and dining facilities near Candolim. as part of regional infrastructure development.,1
Goa,Margao,Corporate,A business services firm has announced hiring in Margao. as part of its regional growth strategy.,0
Maharashtra,Alibaug,Education,A new higher-education campus is being developed on the outskirts of Alibaug.,1
Karnataka,Belagavi,Healthcare,A specialty hospital and associated facilities are planned near Belagavi. following regulatory approval.,1
Goa,Ponda,Corporate,A consulting company has expanded its office space in Ponda. following the latest business update.,0
Goa,Baga,Logistics,A major e-commerce logistics hub is being developed near Baga. following an investment proposal.,1
Maharashtra,Thane,Institutional,A public-sector organization has announced development of a new campus in Thane. as part of a major private investment.,1
Maharashtra,Navi Mumbai,Corporate,A corporate advisory company has increased its presence in Navi Mumbai. following a recent launch.,0
Goa,Margao,Employment,A retail company plans to recruit staff in Margao. as part of its operational expansion.,0
Maharashtra,Nagpur,Education,A large educational institution is developing a campus with hostels and dining facilities near Nagpur.,1
Goa,Morjim,Retail,A fashion retailer has opened a new store in Morjim. according to the company announcement.,0
Maharashtra,Thane,Healthcare,A healthcare company has announced a major hospital project near Thane.,1
Karnataka,Tumakuru,Employment,A technology firm plans to recruit additional employees in Tumakuru. as part of its regional growth strategy.,0
Maharashtra,Nashik,Small Business,A restaurant has launched a new location in Nashik.,0
Karnataka,Manipal,Residential,A RERA-registered residential development comprising 500 apartments has been announced in Manipal. as part of regional infrastructure development.,1
Maharashtra,Navi Mumbai,Entertainment,A gaming centre has opened in Navi Mumbai. following the latest business update.,0
Karnataka,Belagavi,Industrial,An industrial developer has acquired land for a multi-unit industrial park near Belagavi. after receiving preliminary clearance.,1
Maharashtra,Nashik,Healthcare,A hospital developer has received approval for a new multi-building medical campus in Nashik. after planning authority approval.,1
Maharashtra,Mumbai,Retail,A lifestyle brand has opened its latest outlet in Mumbai. according to the company announcement.,0
Goa,Candolim,Hospitality,A luxury resort with approximately 250 rooms is proposed near Candolim. after planning authority approval.,1
Goa,Anjuna,Corporate,A consulting company has expanded its office space in Anjuna.,0
Karnataka,Udupi,Finance,A bank has opened a new branch in Udupi.,0
Goa,Ponda,Institutional,A research and development campus is being developed near Ponda.,1
Goa,Candolim,Education,A new higher-education campus is being developed on the outskirts of Candolim. as part of a major private investment.,1
Maharashtra,Navi Mumbai,Logistics,A major e-commerce logistics hub is being developed near Navi Mumbai. following an investment proposal.,1
Maharashtra,Navi Mumbai,Retail,A footwear brand has expanded its retail presence in Navi Mumbai.,0
Karnataka,Hubballi,Entertainment,A gaming centre has opened in Hubballi. as part of its operational expansion.,0
Goa,Candolim,Finance,A financial institution has increased its workforce in Candolim. according to local reports.,0
Goa,Calangute,Healthcare,A hospital developer has received approval for a new multi-building medical campus in Calangute. after receiving development permission.,1
Maharashtra,Nagpur,Commercial,A major commercial township has received development approval in Nagpur. after planning authority approval.,1
Goa,Margao,Hospitality,A hotel expansion will add more than 300 rooms and new guest facilities in Margao.,1
Karnataka,Hassan,Senior Living,A retirement housing development has received approval in Hassan. following the acquisition of land.,1
Maharashtra,Navi Mumbai,Small Business,A small clothing shop has opened in Navi Mumbai.,0
Maharashtra,Chhatrapati Sambhajinagar,Retail,A footwear brand has expanded its retail presence in Chhatrapati Sambhajinagar.,0
Goa,Margao,Retail,A footwear brand has expanded its retail presence in Margao. as part of its market expansion.,0
Maharashtra,Mumbai,Hospitality,A new business hotel is planned near the commercial district of Mumbai.,1
Goa,Morjim,Entertainment,A theatre company has announced a performance in Morjim. as part of its operational expansion.,0
Karnataka,Hubballi,Commercial,"A mixed-use development containing offices, retail space and public facilities is proposed near Hubballi. following a new project announcement.",1
Goa,Calangute,Events,A business conference will be held in Calangute. as part of its market expansion.,0
Karnataka,Manipal,Healthcare,A medical institution has announced construction of a new healthcare complex in Manipal.,1
Goa,Panaji,Retail,A supermarket chain has launched a retail outlet in Panaji.,0
Maharashtra,Nagpur,Entertainment,An entertainment brand has expanded its operations in Nagpur. as part of its regional growth strategy.,0
Karnataka,Mysuru,Events,A sports event is planned in Mysuru.,0
Maharashtra,Nagpur,Small Business,A small fitness studio has opened in Nagpur. following a corporate announcement.,0
Maharashtra,Lonavala,Finance,A banking company has announced expansion of its branch network in Lonavala. following a recent launch.,0
Maharashtra,Mumbai,Commercial,Construction is expected to begin on a large commercial development in Mumbai.,1
Goa,Morjim,Events,A technology conference will attract visitors to Morjim.,0
Maharashtra,Lonavala,Entertainment,An entertainment company has launched a new venue in Lonavala. following the latest business update.,0
Maharashtra,Kolhapur,Healthcare,A healthcare company has announced a major hospital project near Kolhapur. following a new project announcement.,1
Maharashtra,Kolhapur,Small Business,A neighbourhood pharmacy has opened a new branch in Kolhapur.,0
Karnataka,Udupi,Institutional,A new administrative and residential campus is proposed near Udupi. as part of regional infrastructure development.,1
Maharashtra,Nagpur,Corporate,A management consulting company has announced expansion in Nagpur. according to the company announcement.,0
Maharashtra,Pune,Events,A business conference will be held in Pune. according to the company announcement.,0
Goa,Margao,Transport,A transportation company has increased its fleet operations in Margao.,0
Maharashtra,Chhatrapati Sambhajinagar,Transport,A bus operator has introduced a new route connecting Chhatrapati Sambhajinagar.,0
Goa,Panaji,Commercial,A major commercial township has received development approval in Panaji.,1
Karnataka,Udupi,Events,A music event has been announced in Udupi. following a corporate announcement.,0
Goa,Mapusa,Logistics,A large warehousing and distribution centre is proposed near Mapusa.,1
Maharashtra,Nashik,Logistics,A warehouse complex covering a large industrial area is proposed near Nashik. following a new project announcement.,1
Maharashtra,Nashik,Transport,A transportation company has increased its fleet operations in Nashik. as part of its market expansion.,0
Goa,Margao,Institutional,A large training centre with residential accommodation is planned in Margao. as part of a major private investment.,1
Goa,Calangute,Healthcare,A hospital developer has received approval for a new multi-building medical campus in Calangute. as part of a planned expansion.,1
Goa,Anjuna,Industrial,A large industrial expansion project has been announced near Anjuna. as part of a major private investment.,1
Karnataka,Tumakuru,Residential,A developer has acquired land for a large residential township in Tumakuru. as part of a planned expansion.,1
Goa,Panaji,Corporate,A legal services company has opened a new office in Panaji. according to local reports.,0
Karnataka,Manipal,Events,A business networking event will take place in Manipal.,0
Goa,Margao,Transport,A logistics company has expanded its delivery network in Margao.,0
Maharashtra,Mumbai,Finance,An insurance company has opened a new office in Mumbai. following a corporate announcement.,0
Maharashtra,Kolhapur,Corporate,A corporate services company has increased its workforce in Kolhapur.,0
Maharashtra,Lonavala,Logistics,A major e-commerce logistics hub is being developed near Lonavala. following an investment proposal.,1
Goa,Baga,Hospitality,A hotel expansion will add more than 250 rooms and new guest facilities in Baga.,1
Goa,Anjuna,Logistics,A warehouse complex covering a large industrial area is proposed near Anjuna.,1
Maharashtra,Kolhapur,Healthcare,A medical institution has announced construction of a new healthcare complex in Kolhapur. following the acquisition of land.,1
Maharashtra,Nagpur,Transport,A transportation company has increased its fleet operations in Nagpur. following the latest business update.,0
Maharashtra,Mumbai,Residential,A new housing project targeting more than 3500 residents has received preliminary approval in Mumbai. following the acquisition of land.,1
Maharashtra,Lonavala,Tourism,A tourism developer has announced a large visitor accommodation project near Lonavala. following regulatory approval.,1
Karnataka,Manipal,Retail,A supermarket chain has launched a retail outlet in Manipal. as part of its market expansion.,0
Karnataka,Coorg,Senior Living,A retirement community with healthcare and accommodation facilities is proposed in Coorg. following the acquisition of land.,1
Karnataka,Hassan,Commercial,"A mixed-use development containing offices, retail space and public facilities is proposed near Hassan. after planning authority approval.",1
Karnataka,Mysuru,Corporate,A recruitment company has expanded its operations in Mysuru. according to the company announcement.,0
Karnataka,Manipal,Education,Planning authorities have approved a new college campus in Manipal. following a new project announcement.,1
Maharashtra,Navi Mumbai,Industrial,An industrial estate with multiple manufacturing units has been approved near Navi Mumbai.,1
Goa,Calangute,Corporate,A corporate advisory company has increased its presence in Calangute. according to local reports.,0
Maharashtra,Mumbai,Finance,A financial institution has increased its workforce in Mumbai.,0
Goa,Vasco da Gama,Logistics,A multi-building logistics park is being developed on the outskirts of Vasco da Gama. following a new project announcement.,1
Goa,Margao,Small Business,A local electronics shop has expanded in Margao. as part of its operational expansion.,0
Goa,Margao,Hospitality,Construction approval has been granted for a large tourism resort in Margao.,1
Karnataka,Belagavi,Employment,A financial company has announced recruitment in Belagavi. according to the company announcement.,0
Goa,Panaji,Finance,A fintech company has launched a new service in Panaji.,0
Goa,Ponda,Employment,A business process outsourcing company is hiring in Ponda. according to the company.,0
Maharashtra,Chhatrapati Sambhajinagar,Residential,A mixed-use residential development with 1200 apartments is planned on the outskirts of Chhatrapati Sambhajinagar.,1
Goa,Margao,Finance,A fintech company has launched a new service in Margao.,0
Karnataka,Bengaluru,Education,A private university has announced a residential campus project in Bengaluru. following the acquisition of land.,1
Maharashtra,Lonavala,Events,A trade exhibition will be held in Lonavala.,0
Karnataka,Hubballi,Industrial,An industrial estate with multiple manufacturing units has been approved near Hubballi. after receiving preliminary clearance.,1
Maharashtra,Pune,Transport,A transport operator has announced new routes from Pune.,0
Goa,Margao,Finance,A financial institution has increased its workforce in Margao.,0
Goa,Ponda,Senior Living,A new senior living community with residential facilities is planned near Ponda. as part of a major private investment.,1
Maharashtra,Pune,Retail,A footwear brand has expanded its retail presence in Pune.,0
Karnataka,Belagavi,Entertainment,A music festival will take place in Belagavi. as part of its operational expansion.,0
Maharashtra,Nashik,Employment,A startup is hiring employees for its Nashik office.,0
Karnataka,Tumakuru,Residential,A real estate developer has announced a large apartment project in Tumakuru with multiple residential towers. following an investment proposal.,1
Goa,Candolim,Entertainment,A recreational venue has opened in Candolim.,0
Karnataka,Bengaluru,Finance,A lending platform has launched services in Bengaluru.,0
Maharashtra,Alibaug,Industrial,Construction approval has been granted for an industrial development in Alibaug. after receiving preliminary clearance.,1
Goa,Panaji,Institutional,A large institutional campus is planned near Panaji.,1
Karnataka,Bengaluru,Employment,A business process outsourcing company is hiring in Bengaluru.,0
Maharashtra,Chhatrapati Sambhajinagar,Healthcare,A hospital expansion project will add new patient accommodation and treatment facilities in Chhatrapati Sambhajinagar. after receiving preliminary clearance.,1
Karnataka,Udupi,Education,Planning authorities have approved a new college campus in Udupi. following an investment proposal.,1
Karnataka,Mysuru,Entertainment,An entertainment brand has expanded its operations in Mysuru. following the latest business update.,0
Karnataka,Bengaluru,Finance,A fintech company has launched a new service in Bengaluru. as part of its market expansion.,0
Karnataka,Hubballi,Small Business,A restaurant has launched a new location in Hubballi.,0
Karnataka,Bengaluru,Industrial,An industrial developer has acquired land for a multi-unit industrial park near Bengaluru.,1
Goa,Ponda,Events,A trade exhibition will be held in Ponda. according to the company.,0
Goa,Panaji,Events,A trade exhibition will be held in Panaji.,0
Maharashtra,Nashik,Retail,A grocery chain has expanded operations in Nashik. as part of its operational expansion.,0
Goa,Vasco da Gama,Entertainment,A gaming centre has opened in Vasco da Gama. as part of its business expansion.,0
Goa,Morjim,Corporate,A legal services company has opened a new office in Morjim.,0
Maharashtra,Lonavala,Institutional,A public-sector organization has announced development of a new campus in Lonavala. following a new project announcement.,1
Karnataka,Belagavi,Retail,A consumer electronics company has opened a showroom in Belagavi. as part of its business expansion.,0
Goa,Mapusa,Industrial,An industrial estate with multiple manufacturing units has been approved near Mapusa.,1
Goa,Panaji,Technology,An IT services company has opened a new corporate office in Panaji. as part of its regional growth strategy.,0
Karnataka,Belagavi,Senior Living,A new senior living community with residential facilities is planned near Belagavi.,1
Goa,Ponda,Finance,A financial company has moved into a larger office in Ponda. following the latest business update.,0
Maharashtra,Thane,Transport,An airline has announced additional flights from Thane. according to local reports.,0
Goa,Baga,Finance,A financial company has moved into a larger office in Baga. according to the company announcement.,0
Maharashtra,Alibaug,Events,A music event has been announced in Alibaug. following the latest business update.,0
Karnataka,Manipal,Employment,A technology firm plans to recruit additional employees in Manipal.,0
Maharashtra,Alibaug,Hospitality,A large eco-resort project is being evaluated near Alibaug. following the acquisition of land.,1
Karnataka,Bengaluru,Events,A trade exhibition will be held in Bengaluru. following a corporate announcement.,0
Goa,Mapusa,Events,A music event has been announced in Mapusa. according to the company announcement.,0
Goa,Ponda,Finance,A financial company has moved into a larger office in Ponda. according to local reports.,0
Karnataka,Belagavi,Hospitality,A beach resort project with 200 guest rooms is proposed in Belagavi.,1
Goa,Baga,Employment,A financial company has announced recruitment in Baga. following the latest business update.,0
Karnataka,Coorg,Commercial,A developer has announced a multi-building commercial project in Coorg.,1
Karnataka,Hubballi,Logistics,A major e-commerce logistics hub is being developed near Hubballi. following the acquisition of land.,1
Maharashtra,Kolhapur,Corporate,A business services firm has announced hiring in Kolhapur. according to the company announcement.,0
Goa,Baga,Logistics,A multi-building logistics park is being developed on the outskirts of Baga. following the acquisition of land.,1
Maharashtra,Lonavala,Transport,A transportation company has increased its fleet operations in Lonavala. as part of its regional growth strategy.,0
Goa,Mapusa,Education,An educational trust has acquired land for a large institutional campus near Mapusa.,1
Maharashtra,Navi Mumbai,Corporate,A legal services company has opened a new office in Navi Mumbai.,0
Goa,Candolim,Senior Living,A new senior living community with residential facilities is planned near Candolim.,1
Maharashtra,Chhatrapati Sambhajinagar,Healthcare,A new healthcare campus is expected to serve thousands of patients in the Chhatrapati Sambhajinagar region. as part of regional infrastructure development.,1
Karnataka,Mangaluru,Retail,A consumer electronics company has opened a showroom in Mangaluru. following the latest business update.,0
Goa,Mapusa,Hospitality,Construction approval has been granted for a large tourism resort in Mapusa. following a new project announcement.,1
Karnataka,Hassan,Commercial,A new business park with multiple commercial buildings is being developed in Hassan.,1
Maharashtra,Pune,Finance,A financial services company has expanded its operations in Pune. as part of its operational expansion.,0
Karnataka,Udupi,Entertainment,A gaming centre has opened in Udupi. following a corporate announcement.,0
Karnataka,Manipal,Small Business,A local electronics shop has expanded in Manipal.,0
Goa,Ponda,Institutional,A public-sector organization has announced development of a new campus in Ponda. as part of a planned expansion.,1
Goa,Candolim,Small Business,A neighbourhood pharmacy has opened a new branch in Candolim.,0
Goa,Baga,Healthcare,A new multi-specialty hospital campus is being developed in Baga. after receiving preliminary clearance.,1
Maharashtra,Thane,Hospitality,A tourism company has acquired land for a resort development near Thane. as part of a planned expansion.,1
Maharashtra,Navi Mumbai,Entertainment,An entertainment brand has expanded its operations in Navi Mumbai. according to the company.,0
Maharashtra,Lonavala,Education,A large educational institution is developing a campus with hostels and dining facilities near Lonavala. after receiving preliminary clearance.,1
Karnataka,Mysuru,Employment,A retail company plans to recruit staff in Mysuru. following a recent launch.,0
Karnataka,Hassan,Healthcare,A specialty hospital and associated facilities are planned near Hassan.,1
Maharashtra,Pune,Healthcare,A hospital expansion project will add new patient accommodation and treatment facilities in Pune. as part of regional infrastructure development.,1
Goa,Mapusa,Retail,A fashion retailer has opened a new store in Mapusa. as part of its regional growth strategy.,0
Goa,Mapusa,Tourism,A major tourism investment has been announced near Mapusa.,1
Karnataka,Hubballi,Tourism,A tourism company is planning a new destination project near Hubballi.,1
Karnataka,Mysuru,Institutional,A large training centre with residential accommodation is planned in Mysuru. as part of a planned expansion.,1
Karnataka,Mysuru,Small Business,A small clothing shop has opened in Mysuru. following a corporate announcement.,0
Maharashtra,Alibaug,Retail,A supermarket chain has launched a retail outlet in Alibaug. as part of its business expansion.,0
Maharashtra,Chhatrapati Sambhajinagar,Technology,A software company announced a new digital platform in Chhatrapati Sambhajinagar. according to the company announcement.,0
Karnataka,Manipal,Transport,A transportation company has increased its fleet operations in Manipal. following a recent launch.,0
Maharashtra,Chhatrapati Sambhajinagar,Education,A residential educational campus with hostels and common facilities is planned near Chhatrapati Sambhajinagar.,1
Karnataka,Hassan,Employment,A technology firm plans to recruit additional employees in Hassan. according to local reports.,0
Maharashtra,Nagpur,Education,A residential educational campus with hostels and common facilities is planned near Nagpur.,1
Karnataka,Manipal,Small Business,A small clothing shop has opened in Manipal. as part of its operational expansion.,0
Maharashtra,Mumbai,Residential,Planning authorities have approved a 750-unit housing project near Mumbai. after receiving development permission.,1
Maharashtra,Alibaug,Technology,A software company announced a new digital platform in Alibaug. following a corporate announcement.,0
Maharashtra,Navi Mumbai,Institutional,A large institutional campus is planned near Navi Mumbai.,1
Karnataka,Tumakuru,Small Business,A local electronics shop has expanded in Tumakuru.,0
Goa,Calangute,Senior Living,A retirement housing development has received approval in Calangute.,1
Goa,Mapusa,Finance,An insurance company has opened a new office in Mapusa. according to the company announcement.,0
Maharashtra,Mumbai,Hospitality,A beach resort project with 400 guest rooms is proposed in Mumbai. following a new project announcement.,1
Maharashtra,Nashik,Retail,A national retail company has announced a new store in Nashik. as part of its regional growth strategy.,0
Goa,Calangute,Healthcare,A private healthcare group is acquiring land for a new hospital near Calangute. following an investment proposal.,1
Karnataka,Tumakuru,Logistics,A multi-building logistics park is being developed on the outskirts of Tumakuru. following the acquisition of land.,1
Karnataka,Belagavi,Small Business,A local electronics shop has expanded in Belagavi.,0
Goa,Vasco da Gama,Employment,A company has announced hiring for its Vasco da Gama operations.,0
Maharashtra,Pune,Employment,A corporate employer has announced new vacancies in Pune.,0
Goa,Panaji,Hospitality,A tourism company has acquired land for a resort development near Panaji.,1
Karnataka,Coorg,Hospitality,A luxury resort with approximately 750 rooms is proposed near Coorg.,1
Goa,Candolim,Events,A technology conference will attract visitors to Candolim. as part of its operational expansion.,0
Maharashtra,Lonavala,Hospitality,A new business hotel is planned near the commercial district of Lonavala. as part of a planned expansion.,1
Goa,Margao,Senior Living,A senior residential campus with common facilities is being developed near Margao.,1
Maharashtra,Thane,Employment,A startup is hiring employees for its Thane office. as part of its business expansion.,0
Maharashtra,Nashik,Institutional,A public-sector organization has announced development of a new campus in Nashik. following regulatory approval.,1
Maharashtra,Navi Mumbai,Tourism,A tourism company is planning a new destination project near Navi Mumbai. following the acquisition of land.,1
Maharashtra,Mumbai,Healthcare,A specialty hospital and associated facilities are planned near Mumbai. following the acquisition of land.,1
Goa,Baga,Healthcare,A new healthcare campus is expected to serve thousands of patients in the Baga region. as part of a major private investment.,1
Maharashtra,Chhatrapati Sambhajinagar,Senior Living,A retirement community with healthcare and accommodation facilities is proposed in Chhatrapati Sambhajinagar. following regulatory approval.,1
Karnataka,Tumakuru,Technology,A software company announced a new digital platform in Tumakuru. following the latest business update.,0
Goa,Panaji,Senior Living,A developer has announced a large assisted-living project near Panaji. after planning authority approval.,1
Karnataka,Mangaluru,Institutional,A training and residential facility is proposed near Mangaluru. following regulatory approval.,1
Maharashtra,Alibaug,Retail,A grocery chain has expanded operations in Alibaug.,0
Maharashtra,Pune,Retail,A supermarket chain has launched a retail outlet in Pune. following the latest business update.,0
Maharashtra,Chhatrapati Sambhajinagar,Transport,A transportation company has increased its fleet operations in Chhatrapati Sambhajinagar. following a corporate announcement.,0
Goa,Baga,Logistics,A logistics park with multiple warehouses is planned near Baga.,1
Goa,Vasco da Gama,Technology,A technology firm has expanded its office operations in Vasco da Gama. according to the company.,0
Karnataka,Manipal,Small Business,A local bakery has opened a new outlet in Manipal.,0
Maharashtra,Nagpur,Small Business,A convenience store has opened a new location in Nagpur. as part of its regional growth strategy.,0
Karnataka,Belagavi,Industrial,A new industrial park is being developed near Belagavi.,1
Karnataka,Bengaluru,Entertainment,A gaming centre has opened in Bengaluru. following the latest business update.,0
Goa,Anjuna,Tourism,A new destination tourism complex is being planned in Anjuna. following a new project announcement.,1
Karnataka,Udupi,Finance,A fintech company has launched a new service in Udupi.,0
Maharashtra,Thane,Entertainment,An entertainment company has launched a new venue in Thane. according to the company.,0
Karnataka,Mysuru,Industrial,A manufacturing complex is planned on the outskirts of Mysuru. as part of regional infrastructure development.,1
Maharashtra,Nagpur,Finance,An insurance company has opened a new office in Nagpur.,0
Goa,Baga,Transport,A bus operator has introduced a new route connecting Baga. according to local reports.,0
Goa,Mapusa,Small Business,A small fitness studio has opened in Mapusa. as part of its business expansion.,0
Goa,Calangute,Institutional,A research and development campus is being developed near Calangute. after receiving development permission.,1
Goa,Ponda,Logistics,A large warehousing and distribution centre is proposed near Ponda. following regulatory approval.,1
Maharashtra,Lonavala,Retail,A supermarket chain has launched a retail outlet in Lonavala. according to the company.,0
Maharashtra,Chhatrapati Sambhajinagar,Entertainment,A theatre company has announced a performance in Chhatrapati Sambhajinagar. following a corporate announcement.,0
Karnataka,Mangaluru,Logistics,A logistics developer has announced a new large-scale warehouse campus near Mangaluru. as part of a planned expansion.,1
Maharashtra,Alibaug,Hospitality,A tourism company has acquired land for a resort development near Alibaug. as part of regional infrastructure development.,1
Goa,Calangute,Technology,An IT company announced plans to increase its workforce in Calangute. as part of its regional growth strategy.,0
Maharashtra,Chhatrapati Sambhajinagar,Logistics,A new supply-chain facility with employee amenities is planned near Chhatrapati Sambhajinagar. after planning authority approval.,1
Goa,Ponda,Technology,A software company has opened a new technology office in Ponda. as part of its business expansion.,0
Maharashtra,Thane,Entertainment,An entertainment company has launched a new venue in Thane. following a recent launch.,0
Karnataka,Bengaluru,Healthcare,A healthcare company has announced a major hospital project near Bengaluru.,1
Karnataka,Udupi,Industrial,A manufacturing complex is planned on the outskirts of Udupi.,1
Karnataka,Mangaluru,Entertainment,A gaming centre has opened in Mangaluru. following a corporate announcement.,0
Maharashtra,Nashik,Retail,A supermarket chain has launched a retail outlet in Nashik. as part of its market expansion.,0
Maharashtra,Lonavala,Institutional,A government-supported campus project has received approval in Lonavala.,1
Karnataka,Udupi,Industrial,A new production facility is expected to begin construction in the Udupi region.,1
Karnataka,Tumakuru,Tourism,A tourism company is planning a new destination project near Tumakuru. as part of a planned expansion.,1
Goa,Margao,Small Business,A small fitness studio has opened in Margao.,0
Karnataka,Coorg,Corporate,A consulting company has expanded its office space in Coorg. as part of its market expansion.,0
Karnataka,Udupi,Corporate,A corporate services company has increased its workforce in Udupi. following a corporate announcement.,0
Goa,Ponda,Retail,A lifestyle brand has opened its latest outlet in Ponda. as part of its regional growth strategy.,0
Maharashtra,Thane,Residential,A real estate developer has announced a large apartment project in Thane with multiple residential towers. after receiving development permission.,1
Maharashtra,Chhatrapati Sambhajinagar,Entertainment,A streaming company has announced an event in Chhatrapati Sambhajinagar. as part of its operational expansion.,0
Karnataka,Tumakuru,Tourism,Authorities have approved a tourism development project near Tumakuru. following a new project announcement.,1
Maharashtra,Nashik,Retail,A fashion retailer has opened a new store in Nashik. as part of its operational expansion.,0
Maharashtra,Lonavala,Logistics,A freight and warehousing facility has received development approval near Lonavala. as part of a major private investment.,1
Goa,Calangute,Tourism,Authorities have approved a tourism development project near Calangute. following regulatory approval.,1
Maharashtra,Mumbai,Healthcare,A hospital expansion project will add new patient accommodation and treatment facilities in Mumbai. following a new project announcement.,1
Goa,Mapusa,Senior Living,A new senior living community with residential facilities is planned near Mapusa.,1
Karnataka,Mysuru,Finance,An insurance company has opened a new office in Mysuru.,0
Karnataka,Manipal,Corporate,A corporate services company has increased its workforce in Manipal.,0
Karnataka,Hassan,Events,A trade exhibition will be held in Hassan. as part of its market expansion.,0
Goa,Calangute,Employment,A consulting company has announced recruitment in Calangute. according to local reports.,0
Goa,Anjuna,Commercial,A developer has announced a multi-building commercial project in Anjuna. following regulatory approval.,1
Goa,Anjuna,Commercial,Construction is expected to begin on a large commercial development in Anjuna.,1
Goa,Anjuna,Corporate,A recruitment company has expanded its operations in Anjuna. following a corporate announcement.,0
Karnataka,Belagavi,Entertainment,A music festival will take place in Belagavi.,0
Karnataka,Mangaluru,Transport,A transport operator has announced new routes from Mangaluru. as part of its operational expansion.,0
Maharashtra,Navi Mumbai,Healthcare,A large medical facility with residential accommodation for staff is proposed in Navi Mumbai.,1
Maharashtra,Mumbai,Entertainment,A recreational venue has opened in Mumbai. as part of its business expansion.,0
Karnataka,Belagavi,Logistics,A multi-building logistics park is being developed on the outskirts of Belagavi. after receiving development permission.,1
Maharashtra,Nashik,Retail,A fashion retailer has opened a new store in Nashik. according to the company announcement.,0
Maharashtra,Mumbai,Commercial,A new corporate campus with multiple buildings is planned near Mumbai. after receiving development permission.,1
Maharashtra,Alibaug,Senior Living,A retirement community with healthcare and accommodation facilities is proposed in Alibaug.,1
Karnataka,Belagavi,Entertainment,A cinema chain has announced a new screen in Belagavi.,0
Goa,Margao,Events,A public seminar is scheduled in Margao. as part of its operational expansion.,0
Maharashtra,Alibaug,Hospitality,A large eco-resort project is being evaluated near Alibaug. following an investment proposal.,1
Maharashtra,Chhatrapati Sambhajinagar,Industrial,An industrial developer has acquired land for a multi-unit industrial park near Chhatrapati Sambhajinagar. after receiving development permission.,1
Maharashtra,Nagpur,Finance,A banking company has announced expansion of its branch network in Nagpur.,0
Maharashtra,Alibaug,Education,A boarding school campus with residential facilities is proposed near Alibaug. following regulatory approval.,1
Karnataka,Coorg,Entertainment,A music festival will take place in Coorg. as part of its market expansion.,0
Maharashtra,Navi Mumbai,Retail,A supermarket chain has launched a retail outlet in Navi Mumbai. following the latest business update.,0
Maharashtra,Kolhapur,Small Business,A restaurant has launched a new location in Kolhapur. as part of its market expansion.,0
Maharashtra,Lonavala,Corporate,A professional services firm has opened a new office in Lonavala.,0
Maharashtra,Thane,Small Business,A local electronics shop has expanded in Thane. as part of its business expansion.,0
Goa,Baga,Senior Living,A retirement community with healthcare and accommodation facilities is proposed in Baga. following regulatory approval.,1
Goa,Margao,Senior Living,A retirement community with healthcare and accommodation facilities is proposed in Margao.,1
Maharashtra,Kolhapur,Retail,A supermarket chain has launched a retail outlet in Kolhapur. as part of its market expansion.,0
Karnataka,Hassan,Hospitality,A luxury resort with approximately 250 rooms is proposed near Hassan. as part of regional infrastructure development.,1
Maharashtra,Pune,Industrial,Several manufacturing units are expected to operate from a new industrial zone near Pune.,1
Goa,Baga,Tourism,A large visitor facility with accommodation and recreational infrastructure is proposed near Baga. after planning authority approval.,1
Karnataka,Belagavi,Transport,A logistics company has expanded its delivery network in Belagavi.,0
Goa,Baga,Transport,A courier company has launched a new service in Baga.,0
Karnataka,Hubballi,Tourism,A large visitor facility with accommodation and recreational infrastructure is proposed near Hubballi. after receiving preliminary clearance.,1
Maharashtra,Chhatrapati Sambhajinagar,Employment,A consulting company has announced recruitment in Chhatrapati Sambhajinagar. according to the company announcement.,0
Karnataka,Udupi,Commercial,A large shopping and commercial complex is proposed near Udupi. after receiving preliminary clearance.,1
Karnataka,Manipal,Retail,A national retail company has announced a new store in Manipal. as part of its business expansion.,0
Maharashtra,Chhatrapati Sambhajinagar,Commercial,A large shopping and commercial complex is proposed near Chhatrapati Sambhajinagar.,1
Goa,Ponda,Residential,A new housing project targeting more than 5000 residents has received preliminary approval in Ponda. following regulatory approval.,1
Goa,Panaji,Logistics,A large warehousing and distribution centre is proposed near Panaji. as part of regional infrastructure development.,1
Karnataka,Coorg,Retail,A consumer electronics company has opened a showroom in Coorg.,0
Goa,Candolim,Education,A private university has announced a residential campus project in Candolim.,1
Maharashtra,Mumbai,Finance,A financial services company has expanded its operations in Mumbai.,0
Goa,Vasco da Gama,Tourism,A new eco-tourism development is being evaluated near Vasco da Gama.,1
Maharashtra,Nagpur,Retail,A supermarket chain has launched a retail outlet in Nagpur. as part of its operational expansion.,0
Goa,Calangute,Education,A residential educational campus with hostels and common facilities is planned near Calangute. after planning authority approval.,1
Goa,Panaji,Finance,A financial company has moved into a larger office in Panaji.,0
Karnataka,Bengaluru,Retail,A grocery chain has expanded operations in Bengaluru.,0
Maharashtra,Navi Mumbai,Small Business,A local electronics shop has expanded in Navi Mumbai. as part of its operational expansion.,0
Goa,Ponda,Employment,A corporate employer has announced new vacancies in Ponda. according to the company.,0
Goa,Candolim,Finance,A lending platform has launched services in Candolim. according to the company announcement.,0
Karnataka,Mysuru,Hospitality,A tourism company has acquired land for a resort development near Mysuru.,1
Goa,Vasco da Gama,Transport,An airline has announced additional flights from Vasco da Gama.,0
Karnataka,Manipal,Transport,A ride-sharing company has expanded services in Manipal.,0
Goa,Candolim,Healthcare,A hospital expansion project will add new patient accommodation and treatment facilities in Candolim.,1
Maharashtra,Kolhapur,Logistics,A logistics developer has announced a new large-scale warehouse campus near Kolhapur. as part of a major private investment.,1
Goa,Morjim,Logistics,A logistics company has acquired land for a new distribution hub near Morjim.,1
Maharashtra,Chhatrapati Sambhajinagar,Commercial,A developer has announced a multi-building commercial project in Chhatrapati Sambhajinagar.,1
Karnataka,Belagavi,Corporate,A business services firm has announced hiring in Belagavi. as part of its business expansion.,0
Goa,Anjuna,Events,A technology conference will attract visitors to Anjuna.,0
Maharashtra,Nashik,Residential,Planning authorities have approved a 900-unit housing project near Nashik. as part of regional infrastructure development.,1
Maharashtra,Alibaug,Institutional,A public-sector organization has announced development of a new campus in Alibaug. as part of regional infrastructure development.,1
Karnataka,Hubballi,Residential,A real estate developer has announced a large apartment project in Hubballi with multiple residential towers. following a new project announcement.,1
Karnataka,Hubballi,Healthcare,A large medical facility with residential accommodation for staff is proposed in Hubballi. following regulatory approval.,1
Karnataka,Hassan,Events,A music event has been announced in Hassan. according to local reports.,0
Karnataka,Bengaluru,Small Business,A small fitness studio has opened in Bengaluru. according to local reports.,0
Karnataka,Manipal,Finance,A fintech company has launched a new service in Manipal. according to the company.,0
Goa,Calangute,Hospitality,A hospitality developer is planning a new property with guest accommodation and recreational facilities near Calangute.,1
Karnataka,Bengaluru,Finance,A financial services company has expanded its operations in Bengaluru.,0
Karnataka,Manipal,Residential,A RERA-registered residential development comprising 300 apartments has been announced in Manipal.,1
Maharashtra,Nagpur,Education,A private university has announced a residential campus project in Nagpur. as part of regional infrastructure development.,1
Goa,Ponda,Entertainment,A theatre company has announced a performance in Ponda. as part of its market expansion.,0
Karnataka,Coorg,Education,A boarding school campus with residential facilities is proposed near Coorg. following the acquisition of land.,1
Maharashtra,Kolhapur,Entertainment,A theatre company has announced a performance in Kolhapur. following a recent launch.,0
Karnataka,Coorg,Industrial,A manufacturing complex is planned on the outskirts of Coorg. as part of a planned expansion.,1
Goa,Ponda,Transport,A bus operator has introduced a new route connecting Ponda. according to the company announcement.,0
Maharashtra,Lonavala,Entertainment,A music festival will take place in Lonavala. as part of its operational expansion.,0
Karnataka,Hassan,Technology,An IT services company has opened a new corporate office in Hassan. as part of its market expansion.,0
Goa,Ponda,Healthcare,A medical institution has announced construction of a new healthcare complex in Ponda.,1
Karnataka,Mangaluru,Retail,A consumer electronics company has opened a showroom in Mangaluru. as part of its market expansion.,0
Karnataka,Belagavi,Institutional,A public-sector organization has announced development of a new campus in Belagavi.,1
Goa,Morjim,Technology,A technology firm has expanded its office operations in Morjim. as part of its regional growth strategy.,0
Goa,Mapusa,Events,A public seminar is scheduled in Mapusa.,0
Goa,Ponda,Corporate,A consulting company has expanded its office space in Ponda. as part of its regional growth strategy.,0
Maharashtra,Navi Mumbai,Finance,A financial institution has increased its workforce in Navi Mumbai. as part of its regional growth strategy.,0
Karnataka,Belagavi,Finance,A financial services company has expanded its operations in Belagavi.,0
Maharashtra,Mumbai,Residential,A real estate developer has announced a large apartment project in Mumbai with multiple residential towers.,1
Karnataka,Coorg,Senior Living,A developer has announced a large assisted-living project near Coorg.,1
Goa,Ponda,Employment,A technology firm plans to recruit additional employees in Ponda.,0
Karnataka,Mangaluru,Healthcare,A hospital developer has received approval for a new multi-building medical campus in Mangaluru.,1
Maharashtra,Navi Mumbai,Transport,A ride-sharing company has expanded services in Navi Mumbai. as part of its business expansion.,0
Karnataka,Bengaluru,Finance,A lending platform has launched services in Bengaluru. following a corporate announcement.,0
Goa,Mapusa,Logistics,A new supply-chain facility with employee amenities is planned near Mapusa. after receiving preliminary clearance.,1
Goa,Ponda,Industrial,A large manufacturing campus with employee facilities is proposed near Ponda. following regulatory approval.,1
Goa,Ponda,Residential,A large residential complex with common amenities is under development near Ponda. after planning authority approval.,1
Karnataka,Hubballi,Events,A technology conference will attract visitors to Hubballi. following the latest business update.,0
Maharashtra,Lonavala,Commercial,A new corporate campus with multiple buildings is planned near Lonavala.,1
Goa,Vasco da Gama,Tourism,A tourism company is planning a new destination project near Vasco da Gama.,1
Karnataka,Udupi,Events,A business networking event will take place in Udupi. according to the company announcement.,0
Maharashtra,Kolhapur,Commercial,A large commercial complex is planned in Kolhapur.,1
Maharashtra,Chhatrapati Sambhajinagar,Events,A public seminar is scheduled in Chhatrapati Sambhajinagar. following a recent launch.,0
Goa,Mapusa,Industrial,An industrial estate with multiple manufacturing units has been approved near Mapusa. following the acquisition of land.,1
Goa,Vasco da Gama,Healthcare,Planning authorities have approved a new medical campus in Vasco da Gama. as part of regional infrastructure development.,1
Maharashtra,Chhatrapati Sambhajinagar,Finance,A financial institution has increased its workforce in Chhatrapati Sambhajinagar.,0
Karnataka,Udupi,Senior Living,A senior residential campus with common facilities is being developed near Udupi. as part of regional infrastructure development.,1
Maharashtra,Alibaug,Events,A business conference will be held in Alibaug.,0
Goa,Calangute,Residential,A new housing project targeting more than 1200 residents has received preliminary approval in Calangute. following the acquisition of land.,1
Maharashtra,Navi Mumbai,Transport,A ride-sharing company has expanded services in Navi Mumbai. following a recent launch.,0
Goa,Baga,Education,A boarding school campus with residential facilities is proposed near Baga. after planning authority approval.,1
Maharashtra,Mumbai,Events,A business conference will be held in Mumbai. as part of its operational expansion.,0
Goa,Anjuna,Corporate,A business services firm has announced hiring in Anjuna.,0
Goa,Panaji,Finance,A bank has opened a new branch in Panaji. as part of its business expansion.,0
Maharashtra,Thane,Commercial,A mixed-use property development with offices and retail facilities is planned in Thane.,1
Maharashtra,Pune,Technology,A technology company is recruiting engineers for its Pune office. following a corporate announcement.,0
Maharashtra,Nashik,Senior Living,A developer has announced a large assisted-living project near Nashik. as part of a planned expansion.,1
Goa,Morjim,Events,A trade exhibition will be held in Morjim. following a recent launch.,0
Karnataka,Manipal,Hospitality,A beach resort project with 250 guest rooms is proposed in Manipal.,1
Maharashtra,Kolhapur,Tourism,A tourism company is planning a new destination project near Kolhapur. after receiving preliminary clearance.,1
Goa,Panaji,Senior Living,A retirement housing development has received approval in Panaji.,1
Maharashtra,Chhatrapati Sambhajinagar,Events,A trade exhibition will be held in Chhatrapati Sambhajinagar. following a corporate announcement.,0
Maharashtra,Mumbai,Commercial,Construction is expected to begin on a large commercial development in Mumbai. following an investment proposal.,1
Maharashtra,Nagpur,Institutional,A new administrative and residential campus is proposed near Nagpur. following a new project announcement.,1
Goa,Panaji,Transport,A transportation company has increased its fleet operations in Panaji. following a corporate announcement.,0
Goa,Candolim,Hospitality,"A new hospitality complex with restaurants, accommodation and recreational facilities is planned near Candolim. as part of a major private investment.",1
Karnataka,Belagavi,Events,A technology conference will attract visitors to Belagavi.,0
Maharashtra,Kolhapur,Industrial,A manufacturing complex is planned on the outskirts of Kolhapur. as part of a planned expansion.,1
Maharashtra,Thane,Retail,A national retail company has announced a new store in Thane. as part of its operational expansion.,0
Maharashtra,Alibaug,Technology,An IT services company has opened a new corporate office in Alibaug. following a recent launch.,0
Goa,Panaji,Healthcare,A new healthcare campus is expected to serve thousands of patients in the Panaji region. following an investment proposal.,1
Maharashtra,Mumbai,Transport,A transportation company has increased its fleet operations in Mumbai. as part of its business expansion.,0
Goa,Morjim,Hospitality,A beach resort project with 750 guest rooms is proposed in Morjim. following a new project announcement.,1
Karnataka,Mysuru,Employment,A technology firm plans to recruit additional employees in Mysuru.,0
Maharashtra,Alibaug,Industrial,A new production facility is expected to begin construction in the Alibaug region.,1
Karnataka,Hubballi,Retail,A grocery chain has expanded operations in Hubballi. according to local reports.,0
Maharashtra,Mumbai,Transport,A courier company has launched a new service in Mumbai. as part of its operational expansion.,0
Goa,Calangute,Institutional,A government-supported campus project has received approval in Calangute.,1
Maharashtra,Navi Mumbai,Small Business,A restaurant has launched a new location in Navi Mumbai.,0
Goa,Baga,Healthcare,A new healthcare campus is expected to serve thousands of patients in the Baga region. following the acquisition of land.,1
Maharashtra,Alibaug,Technology,An IT company announced plans to increase its workforce in Alibaug. according to the company announcement.,0
Goa,Vasco da Gama,Corporate,A management consulting company has announced expansion in Vasco da Gama. according to the company announcement.,0
Maharashtra,Kolhapur,Events,A business networking event will take place in Kolhapur. following a corporate announcement.,0
Goa,Baga,Small Business,A convenience store has opened a new location in Baga.,0
Maharashtra,Mumbai,Corporate,A recruitment company has expanded its operations in Mumbai. according to local reports.,0
Goa,Mapusa,Small Business,A small fitness studio has opened in Mapusa. as part of its market expansion.,0
Karnataka,Mysuru,Employment,A company has announced hiring for its Mysuru operations. according to the company.,0
Karnataka,Udupi,Senior Living,A retirement housing development has received approval in Udupi.,1
Karnataka,Manipal,Technology,A software company has opened a new technology office in Manipal. as part of its regional growth strategy.,0
Goa,Baga,Residential,A new housing project targeting more than 3500 residents has received preliminary approval in Baga. after receiving development permission.,1
Goa,Vasco da Gama,Corporate,A recruitment company has expanded its operations in Vasco da Gama.,0
Maharashtra,Lonavala,Transport,A transportation company has increased its fleet operations in Lonavala. following a corporate announcement.,0
Karnataka,Mangaluru,Small Business,A convenience store has opened a new location in Mangaluru.,0
Maharashtra,Lonavala,Commercial,A new corporate campus with multiple buildings is planned near Lonavala. as part of a planned expansion.,1
Karnataka,Belagavi,Corporate,A corporate advisory company has increased its presence in Belagavi. following a recent launch.,0
Maharashtra,Lonavala,Entertainment,An entertainment brand has expanded its operations in Lonavala. according to the company.,0
Karnataka,Hassan,Employment,A retail company plans to recruit staff in Hassan.,0
Maharashtra,Pune,Institutional,An institutional development with multiple buildings has been approved near Pune.,1
Maharashtra,Thane,Senior Living,A new senior living community with residential facilities is planned near Thane. after receiving preliminary clearance.,1
Maharashtra,Pune,Entertainment,A recreational venue has opened in Pune. according to the company.,0
Maharashtra,Nagpur,Events,A public seminar is scheduled in Nagpur. as part of its regional growth strategy.,0
Karnataka,Udupi,Residential,A new housing project targeting more than 7000 residents has received preliminary approval in Udupi.,1
Goa,Mapusa,Events,A business conference will be held in Mapusa. according to local reports.,0
Maharashtra,Nagpur,Tourism,A large visitor facility with accommodation and recreational infrastructure is proposed near Nagpur. as part of regional infrastructure development.,1
Maharashtra,Thane,Residential,A mixed-use residential development with 900 apartments is planned on the outskirts of Thane. after receiving preliminary clearance.,1
Goa,Ponda,Education,A university expansion will include new student residences and academic buildings in Ponda.,1
Maharashtra,Lonavala,Transport,A courier company has launched a new service in Lonavala. following the latest business update.,0
Karnataka,Bengaluru,Technology,A technology company is recruiting engineers for its Bengaluru office.,0
Karnataka,Bengaluru,Tourism,A destination resort and visitor centre is proposed near Bengaluru. as part of regional infrastructure development.,1
Maharashtra,Lonavala,Commercial,A mixed-use property development with offices and retail facilities is planned in Lonavala.,1
Maharashtra,Pune,Events,A technology conference will attract visitors to Pune. following a corporate announcement.,0
Karnataka,Udupi,Events,A technology conference will attract visitors to Udupi.,0
Maharashtra,Thane,Small Business,A small fitness studio has opened in Thane. as part of its operational expansion.,0
Maharashtra,Kolhapur,Hospitality,A luxury resort with approximately 200 rooms is proposed near Kolhapur.,1
Karnataka,Mysuru,Residential,"A proposed residential township near Mysuru will include apartments, community facilities and landscaped areas.",1
Karnataka,Manipal,Commercial,A major commercial township has received development approval in Manipal. following the acquisition of land.,1
Karnataka,Hassan,Logistics,A logistics park with multiple warehouses is planned near Hassan. as part of regional infrastructure development.,1
Maharashtra,Lonavala,Corporate,A legal services company has opened a new office in Lonavala. as part of its regional growth strategy.,0
Maharashtra,Pune,Industrial,A new production facility is expected to begin construction in the Pune region. as part of regional infrastructure development.,1
Goa,Morjim,Institutional,A government-supported campus project has received approval in Morjim. following an investment proposal.,1
Goa,Mapusa,Technology,A software company has opened a new technology office in Mapusa.,0
Maharashtra,Mumbai,Retail,A clothing company has announced a new retail location in Mumbai. following a corporate announcement.,0
Goa,Morjim,Technology,A software company has opened a new technology office in Morjim. according to the company.,0
Karnataka,Mangaluru,Logistics,A multi-building logistics park is being developed on the outskirts of Mangaluru. after planning authority approval.,1
Maharashtra,Mumbai,Events,A business conference will be held in Mumbai.,0
Maharashtra,Navi Mumbai,Entertainment,A theatre company has announced a performance in Navi Mumbai. according to the company announcement.,0
Karnataka,Mysuru,Events,A public seminar is scheduled in Mysuru. following a corporate announcement.,0
Karnataka,Belagavi,Technology,A software company announced a new digital platform in Belagavi. as part of its regional growth strategy.,0
Maharashtra,Pune,Retail,A lifestyle brand has opened its latest outlet in Pune. according to the company announcement.,0
Maharashtra,Nashik,Finance,A bank has opened a new branch in Nashik. according to local reports.,0
Goa,Candolim,Finance,A bank has opened a new branch in Candolim. according to local reports.,0
Maharashtra,Nagpur,Healthcare,A healthcare company has announced a major hospital project near Nagpur.,1
Maharashtra,Navi Mumbai,Hospitality,A hospitality developer is planning a new property with guest accommodation and recreational facilities near Navi Mumbai. as part of a planned expansion.,1
Maharashtra,Nagpur,Retail,A supermarket chain has launched a retail outlet in Nagpur. as part of its market expansion.,0
Maharashtra,Mumbai,Employment,A financial company has announced recruitment in Mumbai.,0
Goa,Margao,Corporate,A professional services firm has opened a new office in Margao.,0
Maharashtra,Thane,Industrial,A new production facility is expected to begin construction in the Thane region. following an investment proposal.,1
Goa,Panaji,Retail,A supermarket chain has launched a retail outlet in Panaji. according to the company announcement.,0
Maharashtra,Lonavala,Residential,A large residential complex with common amenities is under development near Lonavala. following regulatory approval.,1
Goa,Anjuna,Commercial,A mixed-use property development with offices and retail facilities is planned in Anjuna. following a new project announcement.,1
Maharashtra,Nashik,Events,A music event has been announced in Nashik.,0
Maharashtra,Kolhapur,Tourism,A large visitor facility with accommodation and recreational infrastructure is proposed near Kolhapur. following a new project announcement.,1
Karnataka,Bengaluru,Senior Living,A senior residential campus with common facilities is being developed near Bengaluru. following an investment proposal.,1
Maharashtra,Nashik,Corporate,A recruitment company has expanded its operations in Nashik.,0
Karnataka,Belagavi,Residential,A large residential complex with common amenities is under development near Belagavi.,1
Goa,Calangute,Finance,A lending platform has launched services in Calangute. according to local reports.,0
Goa,Calangute,Tourism,A tourism developer has announced a large visitor accommodation project near Calangute. following a new project announcement.,1
Maharashtra,Navi Mumbai,Technology,A startup has raised funding to expand its technology operations in Navi Mumbai. following the latest business update.,0
Goa,Mapusa,Logistics,A distribution centre with multiple operational buildings is planned in Mapusa.,1
Maharashtra,Nagpur,Transport,A railway service has announced schedule changes affecting Nagpur. as part of its market expansion.,0
Karnataka,Mangaluru,Technology,A technology firm has expanded its office operations in Mangaluru. following the latest business update.,0
Maharashtra,Pune,Institutional,A large training centre with residential accommodation is planned in Pune. as part of regional infrastructure development.,1
Maharashtra,Thane,Small Business,A neighbourhood pharmacy has opened a new branch in Thane.,0
Goa,Panaji,Education,A new university development will accommodate several thousand students in Panaji. after receiving development permission.,1
Maharashtra,Nashik,Hospitality,A large eco-resort project is being evaluated near Nashik. following the acquisition of land.,1
Maharashtra,Nagpur,Employment,A consulting company has announced recruitment in Nagpur. according to the company.,0
Goa,Mapusa,Industrial,A large manufacturing campus with employee facilities is proposed near Mapusa.,1
Maharashtra,Nagpur,Retail,A consumer electronics company has opened a showroom in Nagpur. as part of its operational expansion.,0
Maharashtra,Navi Mumbai,Events,A sports event is planned in Navi Mumbai. as part of its operational expansion.,0
Goa,Baga,Logistics,A logistics developer has announced a new large-scale warehouse campus near Baga. after receiving development permission.,1
Karnataka,Coorg,Events,A public seminar is scheduled in Coorg.,0
Karnataka,Belagavi,Small Business,A local electronics shop has expanded in Belagavi. according to the company announcement.,0
Goa,Baga,Commercial,A new business park with multiple commercial buildings is being developed in Baga. after receiving development permission.,1
Goa,Candolim,Hospitality,A hospitality developer is planning a new property with guest accommodation and recreational facilities near Candolim. after receiving development permission.,1
Goa,Calangute,Senior Living,A senior residential campus with common facilities is being developed near Calangute.,1
Goa,Morjim,Industrial,A large industrial expansion project has been announced near Morjim. following regulatory approval.,1
Karnataka,Manipal,Technology,An IT services company has opened a new corporate office in Manipal.,0
Karnataka,Bengaluru,Industrial,An industrial estate with multiple manufacturing units has been approved near Bengaluru. following an investment proposal.,1
Maharashtra,Kolhapur,Technology,A technology firm has expanded its office operations in Kolhapur. according to the company announcement.,0
Maharashtra,Nagpur,Residential,Construction is expected to begin on a new gated community containing approximately 900 homes near Nagpur. following an investment proposal.,1
Goa,Morjim,Healthcare,A healthcare company has announced a major hospital project near Morjim. after receiving preliminary clearance.,1
Maharashtra,Pune,Corporate,A consulting company has expanded its office space in Pune. following the latest business update.,0
Karnataka,Hassan,Technology,A technology company is recruiting engineers for its Hassan office. following a corporate announcement.,0
Maharashtra,Alibaug,Small Business,A local café has expanded its operations in Alibaug. as part of its business expansion.,0
Goa,Baga,Education,A new higher-education campus is being developed on the outskirts of Baga. following a new project announcement.,1
Karnataka,Mangaluru,Technology,A software company has opened a new technology office in Mangaluru. according to local reports.,0
Karnataka,Udupi,Small Business,A convenience store has opened a new location in Udupi. as part of its regional growth strategy.,0
Goa,Mapusa,Finance,A financial company has moved into a larger office in Mapusa. as part of its operational expansion.,0
Maharashtra,Kolhapur,Retail,A supermarket chain has launched a retail outlet in Kolhapur. as part of its regional growth strategy.,0
Maharashtra,Nashik,Logistics,A distribution centre with multiple operational buildings is planned in Nashik.,1
Karnataka,Belagavi,Hospitality,Construction approval has been granted for a large tourism resort in Belagavi.,1
Karnataka,Bengaluru,Employment,A business process outsourcing company is hiring in Bengaluru. following the latest business update.,0
Goa,Morjim,Healthcare,A new healthcare campus is expected to serve thousands of patients in the Morjim region. as part of a planned expansion.,1
Maharashtra,Pune,Retail,A grocery chain has expanded operations in Pune.,0
Goa,Mapusa,Technology,An IT services company has opened a new corporate office in Mapusa. as part of its operational expansion.,0
Karnataka,Mangaluru,Commercial,A large commercial complex is planned in Mangaluru. as part of a planned expansion.,1
Karnataka,Mysuru,Residential,Planning authorities have approved a 900-unit housing project near Mysuru. following a new project announcement.,1
Maharashtra,Kolhapur,Hospitality,A tourism company has acquired land for a resort development near Kolhapur. following the acquisition of land.,1
Karnataka,Coorg,Logistics,A new supply-chain facility with employee amenities is planned near Coorg.,1
Maharashtra,Nashik,Entertainment,A recreational venue has opened in Nashik. according to local reports.,0
Goa,Candolim,Commercial,A developer has announced a multi-building commercial project in Candolim. after receiving preliminary clearance.,1
Maharashtra,Lonavala,Technology,A technology firm has expanded its office operations in Lonavala.,0
Maharashtra,Nagpur,Technology,A software company has opened a new technology office in Nagpur. as part of its regional growth strategy.,0
Maharashtra,Thane,Senior Living,A retirement community with healthcare and accommodation facilities is proposed in Thane. following the acquisition of land.,1
Goa,Candolim,Healthcare,A new healthcare campus is expected to serve thousands of patients in the Candolim region. following an investment proposal.,1
Goa,Baga,Industrial,An industrial estate with multiple manufacturing units has been approved near Baga. following a new project announcement.,1
Maharashtra,Nagpur,Hospitality,A new 200-room hotel project has been announced in Nagpur. after receiving development permission.,1
Maharashtra,Nashik,Transport,A courier company has launched a new service in Nashik. as part of its market expansion.,0
Goa,Margao,Events,A trade exhibition will be held in Margao.,0
Maharashtra,Kolhapur,Retail,A fashion retailer has opened a new store in Kolhapur. according to the company.,0
Goa,Morjim,Employment,A retail company plans to recruit staff in Morjim. as part of its operational expansion.,0
Maharashtra,Nagpur,Healthcare,A healthcare company has announced a major hospital project near Nagpur. following an investment proposal.,1
Karnataka,Hubballi,Entertainment,A music festival will take place in Hubballi. according to the company announcement.,0
Goa,Calangute,Technology,A software company announced a new digital platform in Calangute.,0
Karnataka,Manipal,Commercial,A new business park with multiple commercial buildings is being developed in Manipal.,1
Karnataka,Coorg,Education,A university expansion will include new student residences and academic buildings in Coorg. as part of a planned expansion.,1
Karnataka,Mangaluru,Healthcare,Planning authorities have approved a new medical campus in Mangaluru. following regulatory approval.,1
Maharashtra,Chhatrapati Sambhajinagar,Events,A technology conference will attract visitors to Chhatrapati Sambhajinagar.,0
Karnataka,Mangaluru,Technology,A technology company is recruiting engineers for its Mangaluru office.,0
Karnataka,Coorg,Residential,A mixed-use residential development with 300 apartments is planned on the outskirts of Coorg.,1
Karnataka,Bengaluru,Finance,A financial company has moved into a larger office in Bengaluru.,0
Karnataka,Manipal,Healthcare,A private healthcare group is acquiring land for a new hospital near Manipal.,1
Goa,Vasco da Gama,Education,A new higher-education campus is being developed on the outskirts of Vasco da Gama. as part of regional infrastructure development.,1
Goa,Vasco da Gama,Industrial,A manufacturing complex is planned on the outskirts of Vasco da Gama.,1
Karnataka,Bengaluru,Small Business,A local café has expanded its operations in Bengaluru. following a corporate announcement.,0
Karnataka,Udupi,Corporate,A corporate advisory company has increased its presence in Udupi. according to the company announcement.,0
Karnataka,Belagavi,Hospitality,A hospitality developer is planning a new property with guest accommodation and recreational facilities near Belagavi. following the acquisition of land.,1
Goa,Calangute,Transport,A logistics company has expanded its delivery network in Calangute.,0
Maharashtra,Navi Mumbai,Retail,A fashion retailer has opened a new store in Navi Mumbai. according to local reports.,0
Maharashtra,Nashik,Commercial,Construction is expected to begin on a large commercial development in Nashik. following the acquisition of land.,1
Goa,Anjuna,Employment,A company has announced hiring for its Anjuna operations. following the latest business update.,0
Maharashtra,Nashik,Small Business,A small clothing shop has opened in Nashik. following a corporate announcement.,0
Karnataka,Manipal,Institutional,A large institutional complex with accommodation facilities is planned near Manipal. as part of a major private investment.,1
Maharashtra,Pune,Healthcare,A new multi-specialty hospital campus is being developed in Pune. following regulatory approval.,1
Karnataka,Belagavi,Employment,A business process outsourcing company is hiring in Belagavi.,0
Maharashtra,Lonavala,Institutional,A training and residential facility is proposed near Lonavala. after receiving preliminary clearance.,1
Karnataka,Belagavi,Hospitality,A new 150-room hotel project has been announced in Belagavi. following the acquisition of land.,1
Maharashtra,Thane,Logistics,A distribution centre with multiple operational buildings is planned in Thane.,1
Karnataka,Mangaluru,Corporate,A management consulting company has announced expansion in Mangaluru. as part of its regional growth strategy.,0
Maharashtra,Navi Mumbai,Entertainment,A cinema chain has announced a new screen in Navi Mumbai. following a corporate announcement.,0
Maharashtra,Nashik,Senior Living,A retirement community with healthcare and accommodation facilities is proposed in Nashik.,1
Karnataka,Mysuru,Institutional,A large institutional campus is planned near Mysuru. as part of a major private investment.,1
Maharashtra,Thane,Commercial,A mixed-use property development with offices and retail facilities is planned in Thane. following the acquisition of land.,1
Maharashtra,Alibaug,Technology,An IT company announced plans to increase its workforce in Alibaug. following a recent launch.,0
Goa,Calangute,Industrial,A large industrial expansion project has been announced near Calangute. following the acquisition of land.,1
Karnataka,Udupi,Residential,Planning authorities have approved a 750-unit housing project near Udupi. following the acquisition of land.,1
Goa,Ponda,Technology,A startup has raised funding to expand its technology operations in Ponda.,0
Goa,Panaji,Small Business,A restaurant has launched a new location in Panaji. as part of its market expansion.,0
Karnataka,Hubballi,Employment,A consulting company has announced recruitment in Hubballi. as part of its operational expansion.,0
Goa,Morjim,Events,A cultural festival is scheduled to take place in Morjim.,0
Goa,Baga,Technology,An IT company announced plans to increase its workforce in Baga.,0
Karnataka,Tumakuru,Commercial,Construction is expected to begin on a large commercial development in Tumakuru.,1
Maharashtra,Thane,Finance,A bank has opened a new branch in Thane. following a corporate announcement.,0
Karnataka,Hubballi,Events,A business conference will be held in Hubballi. as part of its regional growth strategy.,0
Goa,Panaji,Education,A new higher-education campus is being developed on the outskirts of Panaji. following the acquisition of land.,1
Goa,Calangute,Entertainment,An entertainment company has launched a new venue in Calangute. as part of its business expansion.,0
Maharashtra,Mumbai,Hospitality,Construction approval has been granted for a large tourism resort in Mumbai. as part of a planned expansion.,1
Maharashtra,Nashik,Commercial,A new corporate campus with multiple buildings is planned near Nashik. as part of a major private investment.,1
Karnataka,Manipal,Commercial,A new corporate campus with multiple buildings is planned near Manipal. after planning authority approval.,1
Maharashtra,Thane,Entertainment,A music festival will take place in Thane. according to local reports.,0
Goa,Anjuna,Residential,Construction is expected to begin on a new gated community containing approximately 750 homes near Anjuna. following regulatory approval.,1
Karnataka,Tumakuru,Healthcare,A specialty hospital and associated facilities are planned near Tumakuru. after receiving development permission.,1
Goa,Ponda,Employment,A business process outsourcing company is hiring in Ponda.,0
Karnataka,Mangaluru,Transport,A courier company has launched a new service in Mangaluru. following the latest business update.,0
Goa,Anjuna,Commercial,Construction is expected to begin on a large commercial development in Anjuna. as part of a planned expansion.,1
Goa,Ponda,Transport,A railway service has announced schedule changes affecting Ponda. according to local reports.,0
Maharashtra,Nagpur,Retail,A supermarket chain has launched a retail outlet in Nagpur. according to the company announcement.,0
Maharashtra,Pune,Industrial,A new production facility is expected to begin construction in the Pune region. following a new project announcement.,1
Karnataka,Mysuru,Institutional,A research institution is developing a new campus in Mysuru.,1
Karnataka,Udupi,Employment,A retail company plans to recruit staff in Udupi. according to the company.,0
Karnataka,Belagavi,Education,An educational trust has acquired land for a large institutional campus near Belagavi. following a new project announcement.,1
Karnataka,Tumakuru,Senior Living,A retirement housing development has received approval in Tumakuru. following the acquisition of land.,1
Maharashtra,Nashik,Commercial,A developer has announced a multi-building commercial project in Nashik.,1
Maharashtra,Lonavala,Commercial,A mixed-use property development with offices and retail facilities is planned in Lonavala. following the acquisition of land.,1
Karnataka,Coorg,Finance,An insurance company has opened a new office in Coorg. according to the company.,0
Maharashtra,Lonavala,Corporate,A corporate services company has increased its workforce in Lonavala. following a corporate announcement.,0
Karnataka,Mangaluru,Employment,A technology firm plans to recruit additional employees in Mangaluru.,0
Goa,Ponda,Employment,A financial company has announced recruitment in Ponda.,0
Goa,Ponda,Commercial,A new corporate campus with multiple buildings is planned near Ponda. following the acquisition of land.,1
Maharashtra,Kolhapur,Industrial,A large industrial expansion project has been announced near Kolhapur. as part of a planned expansion.,1
Maharashtra,Nagpur,Healthcare,A new multi-specialty hospital campus is being developed in Nagpur. following the acquisition of land.,1
Goa,Margao,Tourism,A tourism company is planning a new destination project near Margao.,1
Maharashtra,Thane,Hospitality,A hospitality developer is planning a new property with guest accommodation and recreational facilities near Thane. after receiving development permission.,1
Maharashtra,Alibaug,Commercial,A large business district expansion has been announced near Alibaug. following an investment proposal.,1
Karnataka,Coorg,Employment,A startup is hiring employees for its Coorg office.,0
Maharashtra,Navi Mumbai,Corporate,A corporate advisory company has increased its presence in Navi Mumbai.,0
Maharashtra,Mumbai,Commercial,"A mixed-use development containing offices, retail space and public facilities is proposed near Mumbai. as part of regional infrastructure development.",1
Karnataka,Udupi,Entertainment,A gaming centre has opened in Udupi. as part of its operational expansion.,0
Maharashtra,Alibaug,Events,A cultural festival is scheduled to take place in Alibaug. as part of its market expansion.,0
Karnataka,Mysuru,Events,A trade exhibition will be held in Mysuru.,0
Karnataka,Mysuru,Technology,An IT services company has opened a new corporate office in Mysuru. following the latest business update.,0
Maharashtra,Nashik,Senior Living,A senior residential campus with common facilities is being developed near Nashik. following an investment proposal.,1
Karnataka,Coorg,Commercial,Construction is expected to begin on a large commercial development in Coorg.,1
Maharashtra,Thane,Education,An educational trust has acquired land for a large institutional campus near Thane. after planning authority approval.,1
Goa,Morjim,Industrial,Several manufacturing units are expected to operate from a new industrial zone near Morjim. as part of a planned expansion.,1
Goa,Morjim,Commercial,A major commercial township has received development approval in Morjim. following an investment proposal.,1
Karnataka,Hubballi,Senior Living,A senior residential campus with common facilities is being developed near Hubballi.,1
Maharashtra,Lonavala,Small Business,A local café has expanded its operations in Lonavala. according to local reports.,0
Karnataka,Bengaluru,Senior Living,A retirement community with healthcare and accommodation facilities is proposed in Bengaluru.,1
Karnataka,Manipal,Small Business,A local café has expanded its operations in Manipal. following a corporate announcement.,0
Goa,Mapusa,Hospitality,A beach resort project with 300 guest rooms is proposed in Mapusa.,1
Goa,Vasco da Gama,Small Business,A small fitness studio has opened in Vasco da Gama. according to the company.,0
Maharashtra,Lonavala,Events,A music event has been announced in Lonavala. according to local reports.,0
Karnataka,Hassan,Commercial,A large business district expansion has been announced near Hassan. as part of a major private investment.,1
Goa,Baga,Commercial,"A mixed-use development containing offices, retail space and public facilities is proposed near Baga.",1
Goa,Panaji,Institutional,A research institution is developing a new campus in Panaji.,1
Goa,Baga,Senior Living,A retirement community with healthcare and accommodation facilities is proposed in Baga.,1
Maharashtra,Pune,Institutional,A large training centre with residential accommodation is planned in Pune.,1
Karnataka,Bengaluru,Logistics,A major e-commerce logistics hub is being developed near Bengaluru. following the acquisition of land.,1
Goa,Panaji,Corporate,A business services firm has announced hiring in Panaji. according to the company.,0
Goa,Calangute,Entertainment,A gaming centre has opened in Calangute.,0
Goa,Vasco da Gama,Hospitality,A new business hotel is planned near the commercial district of Vasco da Gama. following regulatory approval.,1
Goa,Morjim,Events,A sports event is planned in Morjim. following the latest business update.,0
Goa,Margao,Institutional,A public-sector organization has announced development of a new campus in Margao. after receiving development permission.,1
Maharashtra,Navi Mumbai,Finance,A fintech company has launched a new service in Navi Mumbai. according to local reports.,0
Goa,Mapusa,Institutional,A new administrative and residential campus is proposed near Mapusa. after receiving preliminary clearance.,1
Karnataka,Bengaluru,Finance,A fintech company has launched a new service in Bengaluru.,0
Goa,Morjim,Small Business,A neighbourhood pharmacy has opened a new branch in Morjim. as part of its market expansion.,0
Maharashtra,Chhatrapati Sambhajinagar,Residential,A large residential complex with common amenities is under development near Chhatrapati Sambhajinagar. after receiving preliminary clearance.,1
Goa,Ponda,Education,A university expansion will include new student residences and academic buildings in Ponda. as part of regional infrastructure development.,1
Goa,Calangute,Senior Living,A developer has announced a large assisted-living project near Calangute.,1
Goa,Ponda,Events,A cultural festival is scheduled to take place in Ponda.,0
Goa,Panaji,Tourism,A tourism company is planning a new destination project near Panaji. as part of regional infrastructure development.,1
Karnataka,Hubballi,Employment,A business process outsourcing company is hiring in Hubballi. according to the company.,0
Goa,Margao,Small Business,A convenience store has opened a new location in Margao.,0
Karnataka,Mangaluru,Retail,A consumer electronics company has opened a showroom in Mangaluru.,0
Goa,Calangute,Institutional,A public-sector organization has announced development of a new campus in Calangute.,1
Karnataka,Bengaluru,Technology,A software company announced a new digital platform in Bengaluru. as part of its regional growth strategy.,0
Maharashtra,Pune,Technology,A software company announced a new digital platform in Pune. following a recent launch.,0
Goa,Panaji,Transport,A logistics company has expanded its delivery network in Panaji. according to the company.,0
Goa,Vasco da Gama,Tourism,A new destination tourism complex is being planned in Vasco da Gama. following regulatory approval.,1
Maharashtra,Nashik,Logistics,A warehouse complex covering a large industrial area is proposed near Nashik. as part of a major private investment.,1
Goa,Candolim,Entertainment,A gaming centre has opened in Candolim. according to the company.,0
Maharashtra,Alibaug,Finance,An insurance company has opened a new office in Alibaug. as part of its operational expansion.,0
Maharashtra,Mumbai,Finance,A financial company has moved into a larger office in Mumbai.,0
Goa,Ponda,Corporate,A recruitment company has expanded its operations in Ponda. as part of its operational expansion.,0
Karnataka,Mysuru,Corporate,A management consulting company has announced expansion in Mysuru.,0
Karnataka,Manipal,Institutional,An institutional development with multiple buildings has been approved near Manipal.,1
Goa,Candolim,Entertainment,An entertainment company has launched a new venue in Candolim.,0
Maharashtra,Kolhapur,Tourism,A tourism company is planning a new destination project near Kolhapur.,1
Goa,Anjuna,Tourism,A major tourism infrastructure project is proposed near Anjuna.,1
Karnataka,Udupi,Corporate,A corporate advisory company has increased its presence in Udupi. as part of its business expansion.,0
Goa,Ponda,Corporate,A legal services company has opened a new office in Ponda. as part of its business expansion.,0
Maharashtra,Nashik,Education,A private university has announced a residential campus project in Nashik.,1
Goa,Ponda,Employment,A startup is hiring employees for its Ponda office. according to the company announcement.,0
Karnataka,Udupi,Institutional,An institutional development with multiple buildings has been approved near Udupi. as part of a planned expansion.,1
Goa,Panaji,Transport,A bus operator has introduced a new route connecting Panaji. as part of its market expansion.,0
Maharashtra,Nagpur,Residential,A new housing project targeting more than 10000 residents has received preliminary approval in Nagpur. following a new project announcement.,1
Goa,Mapusa,Retail,A national retail company has announced a new store in Mapusa.,0
Goa,Margao,Hospitality,A tourism company has acquired land for a resort development near Margao. as part of a planned expansion.,1
Maharashtra,Nashik,Industrial,A new industrial park is being developed near Nashik.,1
Goa,Morjim,Transport,A bus operator has introduced a new route connecting Morjim. according to local reports.,0
Karnataka,Mangaluru,Healthcare,A medical institution has announced construction of a new healthcare complex in Mangaluru. as part of a planned expansion.,1
Goa,Vasco da Gama,Entertainment,A theatre company has announced a performance in Vasco da Gama. following a corporate announcement.,0
Goa,Anjuna,Healthcare,A large medical facility with residential accommodation for staff is proposed in Anjuna.,1
Maharashtra,Pune,Tourism,Authorities have approved a tourism development project near Pune.,1
Maharashtra,Nashik,Logistics,A distribution centre with multiple operational buildings is planned in Nashik. as part of regional infrastructure development.,1
Maharashtra,Nagpur,Logistics,A large warehousing and distribution centre is proposed near Nagpur. following a new project announcement.,1
Karnataka,Belagavi,Logistics,A logistics developer has announced a new large-scale warehouse campus near Belagavi.,1
Maharashtra,Kolhapur,Events,A technology conference will attract visitors to Kolhapur.,0
Karnataka,Mangaluru,Commercial,A large business district expansion has been announced near Mangaluru. after receiving preliminary clearance.,1
Goa,Baga,Residential,Planning authorities have approved a 600-unit housing project near Baga.,1
Maharashtra,Chhatrapati Sambhajinagar,Institutional,A training and residential facility is proposed near Chhatrapati Sambhajinagar. following the acquisition of land.,1
Karnataka,Mangaluru,Hospitality,A tourism company has acquired land for a resort development near Mangaluru.,1
Goa,Calangute,Retail,A clothing company has announced a new retail location in Calangute.,0
Maharashtra,Nashik,Technology,An IT services company has opened a new corporate office in Nashik. following a recent launch.,0
Goa,Anjuna,Employment,A startup is hiring employees for its Anjuna office. according to the company announcement.,0
Goa,Panaji,Industrial,A manufacturing complex is planned on the outskirts of Panaji.,1
Goa,Candolim,Finance,An insurance company has opened a new office in Candolim. as part of its business expansion.,0
Karnataka,Coorg,Tourism,A new destination tourism complex is being planned in Coorg. as part of regional infrastructure development.,1
Karnataka,Belagavi,Corporate,A management consulting company has announced expansion in Belagavi. following a corporate announcement.,0
Goa,Panaji,Small Business,A local café has expanded its operations in Panaji.,0
Karnataka,Udupi,Commercial,A new business park with multiple commercial buildings is being developed in Udupi. following the acquisition of land.,1
Karnataka,Mysuru,Entertainment,A gaming centre has opened in Mysuru.,0
Maharashtra,Lonavala,Institutional,A large institutional complex with accommodation facilities is planned near Lonavala. after planning authority approval.,1
Karnataka,Mysuru,Tourism,A new eco-tourism development is being evaluated near Mysuru. after receiving preliminary clearance.,1
Maharashtra,Chhatrapati Sambhajinagar,Institutional,A public-sector organization has announced development of a new campus in Chhatrapati Sambhajinagar. as part of a major private investment.,1
Goa,Margao,Industrial,An industrial developer has acquired land for a multi-unit industrial park near Margao. as part of a major private investment.,1
Goa,Panaji,Transport,A transport operator has announced new routes from Panaji. as part of its business expansion.,0
Maharashtra,Navi Mumbai,Corporate,A legal services company has opened a new office in Navi Mumbai. according to the company announcement.,0
Maharashtra,Kolhapur,Retail,A clothing company has announced a new retail location in Kolhapur. following a recent launch.,0
Goa,Panaji,Residential,A large residential complex with common amenities is under development near Panaji. after receiving preliminary clearance.,1
Karnataka,Mangaluru,Senior Living,A retirement housing development has received approval in Mangaluru. following a new project announcement.,1
Maharashtra,Thane,Entertainment,A recreational venue has opened in Thane. as part of its business expansion.,0
Goa,Baga,Technology,A technology firm has expanded its office operations in Baga. following a recent launch.,0
Karnataka,Hassan,Education,A large educational institution is developing a campus with hostels and dining facilities near Hassan.,1
Karnataka,Udupi,Small Business,A small clothing shop has opened in Udupi. according to the company announcement.,0
Karnataka,Udupi,Commercial,A new business park with multiple commercial buildings is being developed in Udupi. after receiving development permission.,1
Karnataka,Belagavi,Tourism,A destination resort and visitor centre is proposed near Belagavi. following an investment proposal.,1
Karnataka,Bengaluru,Entertainment,A gaming centre has opened in Bengaluru. as part of its business expansion.,0
Goa,Candolim,Transport,An airline has announced additional flights from Candolim.,0
Karnataka,Hubballi,Corporate,A legal services company has opened a new office in Hubballi.,0
Karnataka,Udupi,Residential,A large residential complex with common amenities is under development near Udupi. after planning authority approval.,1
Karnataka,Bengaluru,Events,A public seminar is scheduled in Bengaluru. as part of its business expansion.,0
Karnataka,Tumakuru,Events,A business networking event will take place in Tumakuru. following a corporate announcement.,0
Karnataka,Coorg,Events,A sports event is planned in Coorg. as part of its regional growth strategy.,0
Goa,Candolim,Residential,Planning authorities have approved a 600-unit housing project near Candolim.,1
Karnataka,Tumakuru,Employment,A startup is hiring employees for its Tumakuru office.,0
Goa,Candolim,Institutional,A public-sector organization has announced development of a new campus in Candolim. as part of regional infrastructure development.,1
Goa,Anjuna,Corporate,A corporate advisory company has increased its presence in Anjuna. following a recent launch.,0
Maharashtra,Pune,Corporate,A corporate advisory company has increased its presence in Pune.,0
Goa,Mapusa,Industrial,Several manufacturing units are expected to operate from a new industrial zone near Mapusa. following the acquisition of land.,1
Maharashtra,Lonavala,Industrial,A manufacturing complex is planned on the outskirts of Lonavala. following regulatory approval.,1
Maharashtra,Alibaug,Industrial,A manufacturing complex is planned on the outskirts of Alibaug. as part of a major private investment.,1
Karnataka,Hubballi,Hospitality,A hotel expansion will add more than 120 rooms and new guest facilities in Hubballi. as part of a major private investment.,1
Goa,Baga,Residential,A large residential complex with common amenities is under development near Baga.,1
Karnataka,Tumakuru,Transport,A bus operator has introduced a new route connecting Tumakuru. according to local reports.,0
Karnataka,Manipal,Retail,A lifestyle brand has opened its latest outlet in Manipal.,0
Goa,Mapusa,Small Business,A local electronics shop has expanded in Mapusa. as part of its business expansion.,0
Goa,Calangute,Healthcare,A healthcare company has announced a major hospital project near Calangute. as part of regional infrastructure development.,1
Karnataka,Mangaluru,Entertainment,A streaming company has announced an event in Mangaluru. according to the company announcement.,0
Goa,Candolim,Logistics,A logistics park with multiple warehouses is planned near Candolim.,1
Goa,Baga,Entertainment,An entertainment brand has expanded its operations in Baga. following the latest business update.,0
Maharashtra,Chhatrapati Sambhajinagar,Senior Living,A retirement housing development has received approval in Chhatrapati Sambhajinagar.,1
Maharashtra,Nagpur,Corporate,A consulting company has expanded its office space in Nagpur.,0
Maharashtra,Navi Mumbai,Small Business,A convenience store has opened a new location in Navi Mumbai. according to local reports.,0
Maharashtra,Nagpur,Institutional,A large institutional campus is planned near Nagpur.,1
Karnataka,Manipal,Logistics,A freight and warehousing facility has received development approval near Manipal. following a new project announcement.,1
Goa,Candolim,Entertainment,A music festival will take place in Candolim. according to the company.,0
Goa,Baga,Institutional,A large institutional campus is planned near Baga.,1
Maharashtra,Navi Mumbai,Entertainment,A theatre company has announced a performance in Navi Mumbai. according to local reports.,0
Goa,Panaji,Tourism,A large visitor facility with accommodation and recreational infrastructure is proposed near Panaji. after receiving preliminary clearance.,1
Maharashtra,Nagpur,Institutional,A government-supported campus project has received approval in Nagpur. as part of a planned expansion.,1
Karnataka,Tumakuru,Transport,A railway service has announced schedule changes affecting Tumakuru. according to the company announcement.,0
Maharashtra,Pune,Education,Planning authorities have approved a new college campus in Pune. as part of regional infrastructure development.,1
Goa,Morjim,Entertainment,An entertainment company has launched a new venue in Morjim.,0
Goa,Candolim,Corporate,A consulting company has expanded its office space in Candolim.,0
Goa,Mapusa,Corporate,A legal services company has opened a new office in Mapusa. following a recent launch.,0
Goa,Anjuna,Hospitality,A beach resort project with 750 guest rooms is proposed in Anjuna. following the acquisition of land.,1
Goa,Morjim,Events,A music event has been announced in Morjim.,0
Karnataka,Hassan,Technology,A technology startup has launched a new software product from Hassan. following the latest business update.,0
Maharashtra,Chhatrapati Sambhajinagar,Hospitality,"A new hospitality complex with restaurants, accommodation and recreational facilities is planned near Chhatrapati Sambhajinagar. following a new project announcement.",1
Karnataka,Coorg,Healthcare,Planning authorities have approved a new medical campus in Coorg. following a new project announcement.,1
Karnataka,Manipal,Entertainment,A gaming centre has opened in Manipal. following a corporate announcement.,0
Karnataka,Belagavi,Technology,A technology company is recruiting engineers for its Belagavi office. according to local reports.,0
Karnataka,Belagavi,Residential,A RERA-registered residential development comprising 150 apartments has been announced in Belagavi.,1
Karnataka,Mangaluru,Finance,A financial company has moved into a larger office in Mangaluru.,0
Goa,Ponda,Tourism,A destination resort and visitor centre is proposed near Ponda. after receiving development permission.,1
Karnataka,Bengaluru,Industrial,A large manufacturing campus with employee facilities is proposed near Bengaluru. following regulatory approval.,1
Maharashtra,Navi Mumbai,Technology,An IT services company has opened a new corporate office in Navi Mumbai. as part of its market expansion.,0
Karnataka,Coorg,Finance,A financial services company has expanded its operations in Coorg. as part of its regional growth strategy.,0
Karnataka,Hubballi,Employment,A consulting company has announced recruitment in Hubballi.,0
Goa,Anjuna,Tourism,A tourism company is planning a new destination project near Anjuna. as part of regional infrastructure development.,1
Maharashtra,Mumbai,Entertainment,A cinema chain has announced a new screen in Mumbai.,0
Karnataka,Bengaluru,Tourism,A tourism company is planning a new destination project near Bengaluru. as part of a planned expansion.,1
Maharashtra,Thane,Finance,A banking company has announced expansion of its branch network in Thane.,0
Goa,Mapusa,Commercial,A new corporate campus with multiple buildings is planned near Mapusa. following regulatory approval.,1
Maharashtra,Nashik,Technology,An IT company announced plans to increase its workforce in Nashik. according to the company.,0
Goa,Morjim,Transport,A courier company has launched a new service in Morjim.,0
Goa,Baga,Employment,A financial company has announced recruitment in Baga. according to the company announcement.,0
Maharashtra,Kolhapur,Logistics,A distribution centre with multiple operational buildings is planned in Kolhapur.,1
Maharashtra,Alibaug,Retail,A national retail company has announced a new store in Alibaug. as part of its business expansion.,0
Goa,Baga,Senior Living,A retirement housing development has received approval in Baga. as part of a planned expansion.,1
Goa,Ponda,Technology,A software company announced a new digital platform in Ponda. according to the company.,0
Maharashtra,Lonavala,Healthcare,A specialty hospital and associated facilities are planned near Lonavala. following a new project announcement.,1
Maharashtra,Kolhapur,Tourism,A destination resort and visitor centre is proposed near Kolhapur. following regulatory approval.,1
Goa,Morjim,Small Business,A local electronics shop has expanded in Morjim. according to the company announcement.,0
Maharashtra,Nagpur,Industrial,A new industrial park is being developed near Nagpur. following regulatory approval.,1
Maharashtra,Alibaug,Transport,A logistics company has expanded its delivery network in Alibaug. according to the company.,0
Goa,Anjuna,Employment,A corporate employer has announced new vacancies in Anjuna. according to the company.,0
Maharashtra,Pune,Transport,A transport operator has announced new routes from Pune. according to the company.,0
Karnataka,Manipal,Hospitality,A new 150-room hotel project has been announced in Manipal. as part of a planned expansion.,1
Maharashtra,Nashik,Logistics,A freight and warehousing facility has received development approval near Nashik.,1
Karnataka,Mangaluru,Technology,A technology startup has launched a new software product from Mangaluru.,0
Karnataka,Tumakuru,Tourism,A tourism developer has announced a large visitor accommodation project near Tumakuru. after receiving preliminary clearance.,1
Maharashtra,Nagpur,Logistics,A logistics park with multiple warehouses is planned near Nagpur. after planning authority approval.,1
Karnataka,Hubballi,Logistics,A warehouse complex covering a large industrial area is proposed near Hubballi. after receiving development permission.,1
Goa,Anjuna,Institutional,A government-supported campus project has received approval in Anjuna.,1
Goa,Baga,Employment,A company has announced hiring for its Baga operations.,0
Karnataka,Coorg,Hospitality,A hotel expansion will add more than 80 rooms and new guest facilities in Coorg. following a new project announcement.,1
Maharashtra,Mumbai,Senior Living,A senior residential campus with common facilities is being developed near Mumbai. following an investment proposal.,1
Maharashtra,Nagpur,Entertainment,A cinema chain has announced a new screen in Nagpur.,0
Maharashtra,Kolhapur,Corporate,A business services firm has announced hiring in Kolhapur. as part of its business expansion.,0
Maharashtra,Mumbai,Small Business,A local café has expanded its operations in Mumbai. as part of its business expansion.,0
Karnataka,Hassan,Corporate,A management consulting company has announced expansion in Hassan.,0
Karnataka,Tumakuru,Healthcare,A new healthcare campus is expected to serve thousands of patients in the Tumakuru region. after receiving preliminary clearance.,1
Karnataka,Manipal,Small Business,A small clothing shop has opened in Manipal. following a recent launch.,0
Goa,Mapusa,Hospitality,"A new hospitality complex with restaurants, accommodation and recreational facilities is planned near Mapusa.",1
Goa,Morjim,Logistics,A logistics developer has announced a new large-scale warehouse campus near Morjim. after receiving preliminary clearance.,1
Karnataka,Belagavi,Institutional,A public-sector organization has announced development of a new campus in Belagavi. after receiving development permission.,1
Karnataka,Hubballi,Employment,A financial company has announced recruitment in Hubballi.,0
Karnataka,Tumakuru,Institutional,A research and development campus is being developed near Tumakuru.,1
Goa,Candolim,Commercial,A developer has announced a multi-building commercial project in Candolim. as part of a major private investment.,1
Maharashtra,Lonavala,Industrial,Several manufacturing units are expected to operate from a new industrial zone near Lonavala.,1
Goa,Morjim,Employment,A startup is hiring employees for its Morjim office. as part of its regional growth strategy.,0
Maharashtra,Kolhapur,Employment,A retail company plans to recruit staff in Kolhapur. as part of its market expansion.,0
Karnataka,Mangaluru,Employment,A corporate employer has announced new vacancies in Mangaluru. following a recent launch.,0
Maharashtra,Nagpur,Transport,A transportation company has increased its fleet operations in Nagpur. as part of its regional growth strategy.,0
Maharashtra,Nashik,Employment,A technology firm plans to recruit additional employees in Nashik. as part of its market expansion.,0
Goa,Anjuna,Education,A boarding school campus with residential facilities is proposed near Anjuna. after receiving development permission.,1
Karnataka,Bengaluru,Logistics,A new supply-chain facility with employee amenities is planned near Bengaluru. after receiving preliminary clearance.,1
Karnataka,Manipal,Tourism,A tourism developer has announced a large visitor accommodation project near Manipal. following regulatory approval.,1
Karnataka,Coorg,Employment,A company has announced hiring for its Coorg operations.,0
Maharashtra,Navi Mumbai,Residential,A large residential complex with common amenities is under development near Navi Mumbai.,1
Maharashtra,Alibaug,Tourism,Authorities have approved a tourism development project near Alibaug.,1
Maharashtra,Pune,Commercial,A developer has announced a multi-building commercial project in Pune.,1
Maharashtra,Chhatrapati Sambhajinagar,Residential,A mixed-use residential development with 750 apartments is planned on the outskirts of Chhatrapati Sambhajinagar.,1
Goa,Candolim,Finance,A banking company has announced expansion of its branch network in Candolim. according to the company.,0
Goa,Mapusa,Tourism,A tourism infrastructure expansion is planned in the Mapusa region.,1
Goa,Mapusa,Events,A business networking event will take place in Mapusa. as part of its regional growth strategy.,0
Maharashtra,Navi Mumbai,Retail,A grocery chain has expanded operations in Navi Mumbai. as part of its market expansion.,0
Goa,Candolim,Residential,A developer has acquired land for a large residential township in Candolim. after receiving development permission.,1
Goa,Morjim,Transport,A railway service has announced schedule changes affecting Morjim.,0
Maharashtra,Lonavala,Finance,A lending platform has launched services in Lonavala.,0
Maharashtra,Nashik,Industrial,A large manufacturing campus with employee facilities is proposed near Nashik. following the acquisition of land.,1
Maharashtra,Alibaug,Entertainment,A streaming company has announced an event in Alibaug. following the latest business update.,0
Maharashtra,Thane,Institutional,A research institution is developing a new campus in Thane.,1
Karnataka,Bengaluru,Events,A technology conference will attract visitors to Bengaluru. according to the company.,0
Maharashtra,Pune,Entertainment,A theatre company has announced a performance in Pune.,0
Maharashtra,Nagpur,Retail,A grocery chain has expanded operations in Nagpur. according to the company announcement.,0
Goa,Ponda,Industrial,A large industrial expansion project has been announced near Ponda. as part of a planned expansion.,1
Karnataka,Mangaluru,Small Business,A restaurant has launched a new location in Mangaluru. following a recent launch.,0
Maharashtra,Nashik,Hospitality,A new business hotel is planned near the commercial district of Nashik.,1
Goa,Anjuna,Technology,A software company has opened a new technology office in Anjuna. as part of its market expansion.,0
Karnataka,Hubballi,Hospitality,A hospitality developer is planning a new property with guest accommodation and recreational facilities near Hubballi. after receiving preliminary clearance.,1
Goa,Panaji,Finance,A financial company has moved into a larger office in Panaji. according to the company.,0
Goa,Margao,Events,A public seminar is scheduled in Margao.,0
Maharashtra,Thane,Transport,A transportation company has increased its fleet operations in Thane.,0
Karnataka,Hassan,Commercial,"A mixed-use development containing offices, retail space and public facilities is proposed near Hassan. following regulatory approval.",1
Goa,Calangute,Transport,A courier company has launched a new service in Calangute.,0
Goa,Ponda,Commercial,A major commercial township has received development approval in Ponda.,1
Karnataka,Hubballi,Corporate,A professional services firm has opened a new office in Hubballi. following the latest business update.,0
Goa,Vasco da Gama,Small Business,A convenience store has opened a new location in Vasco da Gama. as part of its market expansion.,0
Maharashtra,Pune,Commercial,Construction is expected to begin on a large commercial development in Pune. following a new project announcement.,1
Goa,Mapusa,Industrial,A major industrial company has announced a new production facility near Mapusa. following regulatory approval.,1
Goa,Mapusa,Events,A business networking event will take place in Mapusa. according to local reports.,0
Karnataka,Mangaluru,Events,A cultural festival is scheduled to take place in Mangaluru. following a recent launch.,0
Goa,Calangute,Retail,A footwear brand has expanded its retail presence in Calangute. as part of its business expansion.,0
Maharashtra,Navi Mumbai,Residential,Construction is expected to begin on a new gated community containing approximately 1500 homes near Navi Mumbai.,1
Maharashtra,Chhatrapati Sambhajinagar,Institutional,A research institution is developing a new campus in Chhatrapati Sambhajinagar.,1
Karnataka,Coorg,Tourism,A tourism developer has announced a large visitor accommodation project near Coorg.,1
Maharashtra,Thane,Tourism,A major tourism infrastructure project is proposed near Thane. following regulatory approval.,1
Goa,Panaji,Healthcare,A hospital expansion project will add new patient accommodation and treatment facilities in Panaji. after receiving development permission.,1
Goa,Mapusa,Retail,A consumer electronics company has opened a showroom in Mapusa. as part of its operational expansion.,0
Maharashtra,Kolhapur,Hospitality,A hotel expansion will add more than 400 rooms and new guest facilities in Kolhapur. after receiving development permission.,1
Karnataka,Bengaluru,Finance,A banking company has announced expansion of its branch network in Bengaluru. as part of its market expansion.,0
Karnataka,Mangaluru,Finance,A lending platform has launched services in Mangaluru. as part of its business expansion.,0
Karnataka,Coorg,Institutional,A research institution is developing a new campus in Coorg. after planning authority approval.,1
Goa,Anjuna,Employment,A startup is hiring employees for its Anjuna office. following a corporate announcement.,0
Maharashtra,Nashik,Events,A trade exhibition will be held in Nashik.,0
Karnataka,Udupi,Small Business,A small fitness studio has opened in Udupi. as part of its regional growth strategy.,0
Maharashtra,Navi Mumbai,Technology,A technology startup has launched a new software product from Navi Mumbai. according to the company announcement.,0
Karnataka,Hassan,Finance,A fintech company has launched a new service in Hassan. as part of its business expansion.,0
Karnataka,Mangaluru,Hospitality,A beach resort project with 300 guest rooms is proposed in Mangaluru.,1
Maharashtra,Kolhapur,Finance,A lending platform has launched services in Kolhapur.,0
Maharashtra,Pune,Tourism,A major tourism investment has been announced near Pune. following regulatory approval.,1
Karnataka,Mangaluru,Corporate,A legal services company has opened a new office in Mangaluru. following a recent launch.,0
Goa,Baga,Employment,A corporate employer has announced new vacancies in Baga.,0
Karnataka,Tumakuru,Finance,An insurance company has opened a new office in Tumakuru. as part of its business expansion.,0
Karnataka,Manipal,Industrial,Construction approval has been granted for an industrial development in Manipal.,1
Goa,Margao,Transport,A bus operator has introduced a new route connecting Margao. as part of its operational expansion.,0
Goa,Baga,Education,A residential educational campus with hostels and common facilities is planned near Baga.,1
Maharashtra,Alibaug,Corporate,A recruitment company has expanded its operations in Alibaug.,0
Karnataka,Hubballi,Senior Living,A retirement community with healthcare and accommodation facilities is proposed in Hubballi.,1
Goa,Ponda,Industrial,A large industrial expansion project has been announced near Ponda.,1
Maharashtra,Lonavala,Hospitality,A large eco-resort project is being evaluated near Lonavala. following a new project announcement.,1
Goa,Anjuna,Employment,A technology firm plans to recruit additional employees in Anjuna. according to the company announcement.,0
Maharashtra,Chhatrapati Sambhajinagar,Tourism,A large visitor facility with accommodation and recreational infrastructure is proposed near Chhatrapati Sambhajinagar.,1
Karnataka,Bengaluru,Transport,A courier company has launched a new service in Bengaluru. according to local reports.,0
Goa,Morjim,Education,A private university has announced a residential campus project in Morjim.,1
Maharashtra,Nagpur,Corporate,A management consulting company has announced expansion in Nagpur.,0
Karnataka,Belagavi,Corporate,A business services firm has announced hiring in Belagavi. according to local reports.,0
Maharashtra,Mumbai,Industrial,Several manufacturing units are expected to operate from a new industrial zone near Mumbai.,1
Maharashtra,Nashik,Employment,A retail company plans to recruit staff in Nashik.,0
Karnataka,Bengaluru,Residential,A new housing project targeting more than 2500 residents has received preliminary approval in Bengaluru.,1
Karnataka,Udupi,Finance,A lending platform has launched services in Udupi.,0
Maharashtra,Lonavala,Commercial,A large business district expansion has been announced near Lonavala.,1
Maharashtra,Nagpur,Industrial,A new production facility is expected to begin construction in the Nagpur region. following the acquisition of land.,1
Karnataka,Coorg,Industrial,Several manufacturing units are expected to operate from a new industrial zone near Coorg. after receiving preliminary clearance.,1
Goa,Mapusa,Logistics,A logistics park with multiple warehouses is planned near Mapusa. after receiving preliminary clearance.,1
Maharashtra,Chhatrapati Sambhajinagar,Tourism,A tourism developer has announced a large visitor accommodation project near Chhatrapati Sambhajinagar.,1
Maharashtra,Nagpur,Senior Living,A retirement housing development has received approval in Nagpur. as part of a major private investment.,1
Goa,Margao,Technology,A startup has raised funding to expand its technology operations in Margao. as part of its operational expansion.,0
Maharashtra,Navi Mumbai,Retail,A lifestyle brand has opened its latest outlet in Navi Mumbai. as part of its business expansion.,0
Maharashtra,Chhatrapati Sambhajinagar,Small Business,A convenience store has opened a new location in Chhatrapati Sambhajinagar. as part of its market expansion.,0
Maharashtra,Thane,Industrial,A new industrial park is being developed near Thane.,1
Karnataka,Udupi,Small Business,A local bakery has opened a new outlet in Udupi. following a corporate announcement.,0
Karnataka,Tumakuru,Retail,A grocery chain has expanded operations in Tumakuru. according to the company announcement.,0
Karnataka,Bengaluru,Employment,A startup is hiring employees for its Bengaluru office.,0
Goa,Ponda,Senior Living,A senior residential campus with common facilities is being developed near Ponda.,1
Maharashtra,Alibaug,Retail,A consumer electronics company has opened a showroom in Alibaug. as part of its business expansion.,0
Maharashtra,Chhatrapati Sambhajinagar,Employment,A business process outsourcing company is hiring in Chhatrapati Sambhajinagar. as part of its market expansion.,0
Karnataka,Manipal,Technology,A technology startup has launched a new software product from Manipal.,0
Goa,Baga,Senior Living,A senior residential campus with common facilities is being developed near Baga. after receiving preliminary clearance.,1
Maharashtra,Navi Mumbai,Industrial,Construction approval has been granted for an industrial development in Navi Mumbai. following the acquisition of land.,1
Maharashtra,Kolhapur,Employment,A corporate employer has announced new vacancies in Kolhapur. following the latest business update.,0
Maharashtra,Thane,Education,A residential educational campus with hostels and common facilities is planned near Thane. after planning authority approval.,1
Goa,Vasco da Gama,Events,A business networking event will take place in Vasco da Gama.,0
Maharashtra,Nagpur,Senior Living,A retirement community with healthcare and accommodation facilities is proposed in Nagpur. as part of a planned expansion.,1
Goa,Ponda,Technology,A technology company is recruiting engineers for its Ponda office.,0
Goa,Morjim,Corporate,A corporate advisory company has increased its presence in Morjim. as part of its market expansion.,0
Goa,Candolim,Entertainment,A recreational venue has opened in Candolim. following a corporate announcement.,0
Goa,Ponda,Tourism,Authorities have approved a tourism development project near Ponda. as part of a major private investment.,1
Maharashtra,Nagpur,Transport,An airline has announced additional flights from Nagpur.,0
Karnataka,Hassan,Industrial,A new production facility is expected to begin construction in the Hassan region. as part of a planned expansion.,1
Karnataka,Coorg,Small Business,A local café has expanded its operations in Coorg. as part of its market expansion.,0
Goa,Calangute,Employment,A consulting company has announced recruitment in Calangute. following a recent launch.,0
Goa,Vasco da Gama,Education,A university expansion will include new student residences and academic buildings in Vasco da Gama. as part of a major private investment.,1
Karnataka,Coorg,Entertainment,A recreational venue has opened in Coorg.,0
Goa,Anjuna,Industrial,A new production facility is expected to begin construction in the Anjuna region. following regulatory approval.,1
Karnataka,Hassan,Entertainment,A cinema chain has announced a new screen in Hassan. as part of its operational expansion.,0
Goa,Baga,Events,A sports event is planned in Baga.,0
Goa,Ponda,Entertainment,A theatre company has announced a performance in Ponda. according to local reports.,0
Goa,Panaji,Entertainment,A cinema chain has announced a new screen in Panaji. following a corporate announcement.,0
Karnataka,Hassan,Transport,A logistics company has expanded its delivery network in Hassan. according to the company announcement.,0
Maharashtra,Navi Mumbai,Finance,A lending platform has launched services in Navi Mumbai. as part of its business expansion.,0
Maharashtra,Pune,Transport,A courier company has launched a new service in Pune.,0
Karnataka,Mysuru,Industrial,A large manufacturing campus with employee facilities is proposed near Mysuru.,1
Karnataka,Tumakuru,Hospitality,A beach resort project with 250 guest rooms is proposed in Tumakuru. as part of a planned expansion.,1
Maharashtra,Chhatrapati Sambhajinagar,Education,A boarding school campus with residential facilities is proposed near Chhatrapati Sambhajinagar. as part of a planned expansion.,1
Goa,Panaji,Hospitality,A beach resort project with 400 guest rooms is proposed in Panaji.,1
Karnataka,Mysuru,Corporate,A professional services firm has opened a new office in Mysuru. following a recent launch.,0
Goa,Baga,Small Business,A local café has expanded its operations in Baga.,0
Goa,Margao,Commercial,Construction is expected to begin on a large commercial development in Margao. following a new project announcement.,1
Goa,Ponda,Finance,A bank has opened a new branch in Ponda.,0
Goa,Margao,Employment,A corporate employer has announced new vacancies in Margao. according to the company.,0
Goa,Calangute,Employment,A corporate employer has announced new vacancies in Calangute. as part of its operational expansion.,0
Karnataka,Hassan,Finance,A financial services company has expanded its operations in Hassan. following the latest business update.,0
Goa,Calangute,Retail,A grocery chain has expanded operations in Calangute. as part of its operational expansion.,0
Karnataka,Belagavi,Hospitality,A new 80-room hotel project has been announced in Belagavi. following the acquisition of land.,1
Maharashtra,Chhatrapati Sambhajinagar,Entertainment,A theatre company has announced a performance in Chhatrapati Sambhajinagar. following the latest business update.,0
Karnataka,Mysuru,Residential,Construction is expected to begin on a new gated community containing approximately 2500 homes near Mysuru.,1
Goa,Baga,Small Business,A local bakery has opened a new outlet in Baga. following a corporate announcement.,0
Maharashtra,Nashik,Employment,A financial company has announced recruitment in Nashik.,0
Karnataka,Mangaluru,Corporate,A business services firm has announced hiring in Mangaluru.,0
Goa,Candolim,Small Business,A restaurant has launched a new location in Candolim.,0
Maharashtra,Alibaug,Small Business,A neighbourhood pharmacy has opened a new branch in Alibaug.,0
Karnataka,Mangaluru,Senior Living,A retirement community with healthcare and accommodation facilities is proposed in Mangaluru.,1
Karnataka,Bengaluru,Industrial,A large manufacturing campus with employee facilities is proposed near Bengaluru.,1
Maharashtra,Navi Mumbai,Finance,A lending platform has launched services in Navi Mumbai. as part of its regional growth strategy.,0
Goa,Vasco da Gama,Transport,A transport operator has announced new routes from Vasco da Gama. following a recent launch.,0
Karnataka,Belagavi,Transport,A ride-sharing company has expanded services in Belagavi. following a recent launch.,0
Maharashtra,Thane,Institutional,A new administrative and residential campus is proposed near Thane.,1
Goa,Calangute,Small Business,A neighbourhood pharmacy has opened a new branch in Calangute. following a recent launch.,0
Maharashtra,Kolhapur,Finance,An insurance company has opened a new office in Kolhapur. according to the company.,0
Maharashtra,Lonavala,Commercial,A developer has announced a multi-building commercial project in Lonavala. as part of a planned expansion.,1
Maharashtra,Thane,Residential,A developer has acquired land for a large residential township in Thane.,1
Goa,Morjim,Entertainment,A music festival will take place in Morjim.,0
Karnataka,Coorg,Senior Living,A retirement housing development has received approval in Coorg. following a new project announcement.,1
Maharashtra,Nagpur,Hospitality,A luxury resort with approximately 100 rooms is proposed near Nagpur.,1
Goa,Candolim,Industrial,A large manufacturing campus with employee facilities is proposed near Candolim.,1
Goa,Margao,Senior Living,A senior residential campus with common facilities is being developed near Margao. as part of a planned expansion.,1
Karnataka,Hubballi,Logistics,A distribution centre with multiple operational buildings is planned in Hubballi. following a new project announcement.,1
Goa,Morjim,Small Business,A small fitness studio has opened in Morjim. according to the company announcement.,0
Maharashtra,Lonavala,Employment,A technology firm plans to recruit additional employees in Lonavala.,0
Karnataka,Coorg,Transport,A courier company has launched a new service in Coorg.,0
Karnataka,Mangaluru,Finance,An insurance company has opened a new office in Mangaluru.,0
Maharashtra,Nagpur,Logistics,A warehouse complex covering a large industrial area is proposed near Nagpur. after planning authority approval.,1
Goa,Ponda,Education,An educational trust has acquired land for a large institutional campus near Ponda. after planning authority approval.,1
Karnataka,Bengaluru,Commercial,A mixed-use property development with offices and retail facilities is planned in Bengaluru. following regulatory approval.,1
Maharashtra,Kolhapur,Institutional,A training and residential facility is proposed near Kolhapur.,1
Maharashtra,Mumbai,Entertainment,A cinema chain has announced a new screen in Mumbai. as part of its operational expansion.,0
Karnataka,Coorg,Small Business,A local bakery has opened a new outlet in Coorg. following a corporate announcement.,0
Goa,Anjuna,Transport,A bus operator has introduced a new route connecting Anjuna. as part of its regional growth strategy.,0
Maharashtra,Chhatrapati Sambhajinagar,Industrial,Construction approval has been granted for an industrial development in Chhatrapati Sambhajinagar.,1
Karnataka,Belagavi,Healthcare,A healthcare company has announced a major hospital project near Belagavi. after receiving preliminary clearance.,1
Goa,Baga,Healthcare,Planning authorities have approved a new medical campus in Baga.,1
Karnataka,Hubballi,Education,Planning authorities have approved a new college campus in Hubballi. as part of regional infrastructure development.,1
Goa,Vasco da Gama,Logistics,A major e-commerce logistics hub is being developed near Vasco da Gama. following regulatory approval.,1
Goa,Panaji,Employment,A retail company plans to recruit staff in Panaji. according to the company.,0
Goa,Vasco da Gama,Retail,A fashion retailer has opened a new store in Vasco da Gama. following a corporate announcement.,0
Karnataka,Bengaluru,Institutional,A government-supported campus project has received approval in Bengaluru. after receiving preliminary clearance.,1
Karnataka,Mysuru,Education,A large educational institution is developing a campus with hostels and dining facilities near Mysuru.,1
Goa,Ponda,Industrial,An industrial estate with multiple manufacturing units has been approved near Ponda. after receiving development permission.,1
Karnataka,Bengaluru,Logistics,A logistics developer has announced a new large-scale warehouse campus near Bengaluru. following a new project announcement.,1
Maharashtra,Alibaug,Residential,A mixed-use residential development with 300 apartments is planned on the outskirts of Alibaug. after receiving preliminary clearance.,1
Maharashtra,Navi Mumbai,Commercial,A new business park with multiple commercial buildings is being developed in Navi Mumbai.,1
Karnataka,Tumakuru,Finance,A bank has opened a new branch in Tumakuru. according to the company.,0
Karnataka,Tumakuru,Corporate,A management consulting company has announced expansion in Tumakuru. as part of its business expansion.,0
Karnataka,Coorg,Hospitality,"A new hospitality complex with restaurants, accommodation and recreational facilities is planned near Coorg. following regulatory approval.",1
Goa,Candolim,Commercial,"A mixed-use development containing offices, retail space and public facilities is proposed near Candolim. following the acquisition of land.",1
Karnataka,Belagavi,Finance,A fintech company has launched a new service in Belagavi.,0
Karnataka,Manipal,Small Business,A neighbourhood pharmacy has opened a new branch in Manipal. as part of its operational expansion.,0
Maharashtra,Mumbai,Tourism,A tourism company is planning a new destination project near Mumbai. following an investment proposal.,1
Maharashtra,Lonavala,Small Business,A restaurant has launched a new location in Lonavala. following a corporate announcement.,0
Goa,Panaji,Small Business,A restaurant has launched a new location in Panaji. according to local reports.,0
Maharashtra,Alibaug,Events,A business conference will be held in Alibaug. as part of its business expansion.,0
Maharashtra,Nagpur,Events,A music event has been announced in Nagpur.,0
Maharashtra,Kolhapur,Commercial,A major commercial township has received development approval in Kolhapur. as part of a major private investment.,1
Maharashtra,Lonavala,Small Business,A local café has expanded its operations in Lonavala. following a recent launch.,0
Karnataka,Belagavi,Education,An educational trust has acquired land for a large institutional campus near Belagavi. as part of a planned expansion.,1
Karnataka,Coorg,Education,A private university has announced a residential campus project in Coorg. following regulatory approval.,1
Karnataka,Bengaluru,Entertainment,A music festival will take place in Bengaluru. following the latest business update.,0
Maharashtra,Navi Mumbai,Employment,A consulting company has announced recruitment in Navi Mumbai.,0
Goa,Baga,Technology,A software company has opened a new technology office in Baga.,0
Maharashtra,Chhatrapati Sambhajinagar,Industrial,A new industrial park is being developed near Chhatrapati Sambhajinagar. following regulatory approval.,1
Goa,Ponda,Healthcare,A hospital expansion project will add new patient accommodation and treatment facilities in Ponda.,1
Karnataka,Bengaluru,Industrial,Construction approval has been granted for an industrial development in Bengaluru.,1
Maharashtra,Kolhapur,Industrial,An industrial estate with multiple manufacturing units has been approved near Kolhapur. following an investment proposal.,1
Maharashtra,Thane,Residential,A major housing project in Thane has entered the construction approval stage. following the acquisition of land.,1
Karnataka,Udupi,Transport,A transport operator has announced new routes from Udupi. following a recent launch.,0
Goa,Anjuna,Corporate,A business services firm has announced hiring in Anjuna. following a recent launch.,0
Goa,Baga,Industrial,An industrial estate with multiple manufacturing units has been approved near Baga. as part of regional infrastructure development.,1
Karnataka,Coorg,Corporate,A legal services company has opened a new office in Coorg. according to local reports.,0
Karnataka,Mysuru,Entertainment,An entertainment brand has expanded its operations in Mysuru. as part of its regional growth strategy.,0
Karnataka,Belagavi,Small Business,A neighbourhood pharmacy has opened a new branch in Belagavi. as part of its business expansion.,0
Karnataka,Belagavi,Institutional,An institutional development with multiple buildings has been approved near Belagavi.,1
Goa,Ponda,Corporate,A consulting company has expanded its office space in Ponda. following a corporate announcement.,0
Goa,Baga,Institutional,A government-supported campus project has received approval in Baga. as part of a planned expansion.,1
Karnataka,Mysuru,Education,A private university has announced a residential campus project in Mysuru. following the acquisition of land.,1
Karnataka,Belagavi,Industrial,An industrial estate with multiple manufacturing units has been approved near Belagavi.,1
Maharashtra,Chhatrapati Sambhajinagar,Education,A boarding school campus with residential facilities is proposed near Chhatrapati Sambhajinagar.,1
Goa,Candolim,Technology,A technology company is recruiting engineers for its Candolim office. as part of its market expansion.,0
Goa,Calangute,Industrial,Construction approval has been granted for an industrial development in Calangute.,1
Karnataka,Mangaluru,Employment,A technology firm plans to recruit additional employees in Mangaluru. following a recent launch.,0
Maharashtra,Kolhapur,Residential,Construction is expected to begin on a new gated community containing approximately 750 homes near Kolhapur.,1
Goa,Candolim,Entertainment,An entertainment brand has expanded its operations in Candolim. following a corporate announcement.,0
Karnataka,Hubballi,Tourism,A tourism infrastructure expansion is planned in the Hubballi region. following an investment proposal.,1
Goa,Mapusa,Residential,A RERA-registered residential development comprising 900 apartments has been announced in Mapusa.,1
Goa,Mapusa,Finance,A fintech company has launched a new service in Mapusa.,0
Goa,Calangute,Commercial,A mixed-use property development with offices and retail facilities is planned in Calangute. following an investment proposal.,1
Karnataka,Hubballi,Education,A new university campus with student accommodation is planned near Hubballi.,1
Karnataka,Bengaluru,Events,A public seminar is scheduled in Bengaluru.,0
Goa,Margao,Entertainment,A cinema chain has announced a new screen in Margao.,0
Karnataka,Udupi,Senior Living,A retirement housing development has received approval in Udupi. following regulatory approval.,1
Maharashtra,Nashik,Technology,A technology firm has expanded its office operations in Nashik.,0
Goa,Panaji,Entertainment,A streaming company has announced an event in Panaji.,0
Karnataka,Mangaluru,Technology,A technology company is recruiting engineers for its Mangaluru office. following a corporate announcement.,0
Goa,Candolim,Entertainment,A gaming centre has opened in Candolim. following a recent launch.,0
Goa,Candolim,Commercial,A new corporate campus with multiple buildings is planned near Candolim.,1
Maharashtra,Navi Mumbai,Senior Living,A developer has announced a large assisted-living project near Navi Mumbai.,1
Goa,Vasco da Gama,Small Business,A small clothing shop has opened in Vasco da Gama. according to the company announcement.,0
Goa,Vasco da Gama,Events,A technology conference will attract visitors to Vasco da Gama.,0
Karnataka,Tumakuru,Small Business,A neighbourhood pharmacy has opened a new branch in Tumakuru. as part of its regional growth strategy.,0
Karnataka,Belagavi,Education,An educational trust has acquired land for a large institutional campus near Belagavi. following the acquisition of land.,1
Karnataka,Udupi,Hospitality,A luxury resort with approximately 120 rooms is proposed near Udupi.,1
Maharashtra,Alibaug,Events,A music event has been announced in Alibaug.,0
Maharashtra,Alibaug,Employment,A startup is hiring employees for its Alibaug office. as part of its operational expansion.,0
Maharashtra,Thane,Small Business,A local bakery has opened a new outlet in Thane. following the latest business update.,0
Goa,Panaji,Healthcare,A hospital developer has received approval for a new multi-building medical campus in Panaji. as part of a planned expansion.,1
Goa,Vasco da Gama,Healthcare,A new healthcare campus is expected to serve thousands of patients in the Vasco da Gama region.,1
Karnataka,Hubballi,Events,A business networking event will take place in Hubballi. according to the company.,0
Karnataka,Belagavi,Employment,A retail company plans to recruit staff in Belagavi. as part of its regional growth strategy.,0
Maharashtra,Nagpur,Healthcare,A private healthcare group is acquiring land for a new hospital near Nagpur. as part of a planned expansion.,1
Maharashtra,Kolhapur,Healthcare,A new healthcare campus is expected to serve thousands of patients in the Kolhapur region. after receiving development permission.,1
Karnataka,Manipal,Healthcare,A healthcare company has announced a major hospital project near Manipal. after planning authority approval.,1
Goa,Baga,Industrial,A new production facility is expected to begin construction in the Baga region. as part of regional infrastructure development.,1
Maharashtra,Mumbai,Industrial,A new industrial park is being developed near Mumbai.,1
Goa,Panaji,Technology,A software company announced a new digital platform in Panaji. as part of its business expansion.,0
Maharashtra,Kolhapur,Senior Living,A retirement housing development has received approval in Kolhapur. following a new project announcement.,1
Maharashtra,Thane,Events,A public seminar is scheduled in Thane. following a corporate announcement.,0
Maharashtra,Chhatrapati Sambhajinagar,Institutional,A training and residential facility is proposed near Chhatrapati Sambhajinagar.,1
Goa,Vasco da Gama,Education,A new university campus with student accommodation is planned near Vasco da Gama. following regulatory approval.,1
Karnataka,Belagavi,Logistics,A distribution centre with multiple operational buildings is planned in Belagavi. following regulatory approval.,1
Karnataka,Belagavi,Events,A business networking event will take place in Belagavi. as part of its business expansion.,0
Maharashtra,Nashik,Tourism,A new destination tourism complex is being planned in Nashik.,1
Karnataka,Hassan,Technology,A startup has raised funding to expand its technology operations in Hassan.,0
Karnataka,Manipal,Education,A private university has announced a residential campus project in Manipal.,1
Karnataka,Mysuru,Finance,A financial services company has expanded its operations in Mysuru. according to the company.,0
Maharashtra,Pune,Events,A cultural festival is scheduled to take place in Pune.,0
Maharashtra,Thane,Employment,A consulting company has announced recruitment in Thane. as part of its business expansion.,0
Maharashtra,Thane,Employment,A startup is hiring employees for its Thane office.,0
Goa,Ponda,Tourism,A new destination tourism complex is being planned in Ponda. following regulatory approval.,1
Karnataka,Mangaluru,Institutional,A research and development campus is being developed near Mangaluru. as part of regional infrastructure development.,1
Karnataka,Hassan,Commercial,A large business district expansion has been announced near Hassan. following regulatory approval.,1
Karnataka,Bengaluru,Residential,A real estate developer has announced a large apartment project in Bengaluru with multiple residential towers. after receiving development permission.,1
Goa,Morjim,Industrial,A new industrial park is being developed near Morjim. as part of regional infrastructure development.,1
Goa,Ponda,Retail,A grocery chain has expanded operations in Ponda. as part of its regional growth strategy.,0
Goa,Ponda,Healthcare,Planning authorities have approved a new medical campus in Ponda.,1
Maharashtra,Thane,Technology,A startup has raised funding to expand its technology operations in Thane. following a corporate announcement.,0
Goa,Margao,Senior Living,A retirement community with healthcare and accommodation facilities is proposed in Margao. after receiving development permission.,1
Karnataka,Udupi,Logistics,A logistics developer has announced a new large-scale warehouse campus near Udupi.,1
Goa,Anjuna,Healthcare,A specialty hospital and associated facilities are planned near Anjuna. after receiving development permission.,1
Maharashtra,Thane,Residential,A new housing project targeting more than 1800 residents has received preliminary approval in Thane. as part of a major private investment.,1
Goa,Calangute,Residential,A developer has acquired land for a large residential township in Calangute.,1
Goa,Baga,Tourism,A major tourism infrastructure project is proposed near Baga. following an investment proposal.,1
Karnataka,Hassan,Small Business,A local electronics shop has expanded in Hassan. as part of its regional growth strategy.,0
Goa,Vasco da Gama,Entertainment,A music festival will take place in Vasco da Gama. following a corporate announcement.,0
Karnataka,Udupi,Entertainment,A theatre company has announced a performance in Udupi.,0
Goa,Ponda,Residential,A new housing project targeting more than 7000 residents has received preliminary approval in Ponda.,1
Goa,Calangute,Corporate,A professional services firm has opened a new office in Calangute. following a recent launch.,0
Goa,Morjim,Senior Living,A retirement housing development has received approval in Morjim. after receiving preliminary clearance.,1
Maharashtra,Navi Mumbai,Industrial,An industrial developer has acquired land for a multi-unit industrial park near Navi Mumbai. as part of a major private investment.,1
Maharashtra,Chhatrapati Sambhajinagar,Senior Living,A retirement community with healthcare and accommodation facilities is proposed in Chhatrapati Sambhajinagar.,1
Maharashtra,Kolhapur,Healthcare,A private healthcare group is acquiring land for a new hospital near Kolhapur.,1
Goa,Anjuna,Commercial,A developer has announced a multi-building commercial project in Anjuna.,1
Maharashtra,Alibaug,Institutional,A research and development campus is being developed near Alibaug. as part of regional infrastructure development.,1
Goa,Ponda,Industrial,A new production facility is expected to begin construction in the Ponda region. after planning authority approval.,1
Goa,Morjim,Industrial,An industrial estate with multiple manufacturing units has been approved near Morjim. after receiving preliminary clearance.,1
Karnataka,Belagavi,Healthcare,A new healthcare campus is expected to serve thousands of patients in the Belagavi region.,1
Karnataka,Mangaluru,Employment,A financial company has announced recruitment in Mangaluru. as part of its regional growth strategy.,0
Karnataka,Mysuru,Events,A trade exhibition will be held in Mysuru. following a recent launch.,0
Karnataka,Coorg,Retail,A lifestyle brand has opened its latest outlet in Coorg. according to the company announcement.,0
Karnataka,Manipal,Entertainment,A music festival will take place in Manipal.,0
Goa,Anjuna,Industrial,A new production facility is expected to begin construction in the Anjuna region. after receiving preliminary clearance.,1
Karnataka,Hassan,Commercial,A large shopping and commercial complex is proposed near Hassan. following an investment proposal.,1
Maharashtra,Chhatrapati Sambhajinagar,Finance,A financial services company has expanded its operations in Chhatrapati Sambhajinagar.,0
Karnataka,Hassan,Entertainment,An entertainment company has launched a new venue in Hassan. as part of its operational expansion.,0
Goa,Morjim,Commercial,A large business district expansion has been announced near Morjim.,1
Maharashtra,Navi Mumbai,Transport,A ride-sharing company has expanded services in Navi Mumbai.,0
Maharashtra,Kolhapur,Tourism,A major tourism infrastructure project is proposed near Kolhapur. following an investment proposal.,1
Karnataka,Bengaluru,Transport,A ride-sharing company has expanded services in Bengaluru. as part of its operational expansion.,0
Goa,Anjuna,Education,A university expansion will include new student residences and academic buildings in Anjuna. after planning authority approval.,1
Goa,Ponda,Commercial,A new corporate campus with multiple buildings is planned near Ponda.,1
Maharashtra,Kolhapur,Finance,An insurance company has opened a new office in Kolhapur. as part of its regional growth strategy.,0
Maharashtra,Mumbai,Healthcare,A new multi-specialty hospital campus is being developed in Mumbai.,1
Karnataka,Hubballi,Retail,A lifestyle brand has opened its latest outlet in Hubballi. as part of its business expansion.,0
Goa,Baga,Employment,A retail company plans to recruit staff in Baga.,0
Karnataka,Bengaluru,Finance,A financial services company has expanded its operations in Bengaluru. as part of its business expansion.,0
Goa,Vasco da Gama,Commercial,"A mixed-use development containing offices, retail space and public facilities is proposed near Vasco da Gama. as part of a planned expansion.",1
Goa,Morjim,Logistics,A multi-building logistics park is being developed on the outskirts of Morjim. following the acquisition of land.,1
Goa,Margao,Corporate,A corporate advisory company has increased its presence in Margao. as part of its operational expansion.,0
Karnataka,Coorg,Entertainment,A theatre company has announced a performance in Coorg. according to the company.,0
Karnataka,Bengaluru,Institutional,A government-supported campus project has received approval in Bengaluru. following an investment proposal.,1
Goa,Candolim,Education,A new university campus with student accommodation is planned near Candolim. after receiving preliminary clearance.,1
Karnataka,Tumakuru,Commercial,A large shopping and commercial complex is proposed near Tumakuru. as part of regional infrastructure development.,1
Karnataka,Manipal,Technology,A startup has raised funding to expand its technology operations in Manipal. according to the company announcement.,0
Goa,Panaji,Industrial,An industrial estate with multiple manufacturing units has been approved near Panaji.,1
Karnataka,Tumakuru,Finance,A lending platform has launched services in Tumakuru. following a corporate announcement.,0
Goa,Ponda,Corporate,A consulting company has expanded its office space in Ponda.,0
Maharashtra,Kolhapur,Small Business,A restaurant has launched a new location in Kolhapur. as part of its operational expansion.,0
Karnataka,Hubballi,Residential,A developer has acquired land for a large residential township in Hubballi.,1
Maharashtra,Navi Mumbai,Tourism,Authorities have approved a tourism development project near Navi Mumbai. as part of a major private investment.,1
Karnataka,Bengaluru,Retail,A clothing company has announced a new retail location in Bengaluru.,0
Goa,Candolim,Finance,A banking company has announced expansion of its branch network in Candolim.,0
Karnataka,Manipal,Institutional,A research and development campus is being developed near Manipal. following a new project announcement.,1
Karnataka,Hubballi,Residential,A real estate developer has announced a large apartment project in Hubballi with multiple residential towers. as part of a planned expansion.,1
Karnataka,Hassan,Institutional,A large institutional campus is planned near Hassan. following an investment proposal.,1
Goa,Candolim,Residential,Construction is expected to begin on a new gated community containing approximately 250 homes near Candolim. following regulatory approval.,1
Maharashtra,Navi Mumbai,Commercial,A large business district expansion has been announced near Navi Mumbai. as part of a major private investment.,1
Maharashtra,Mumbai,Industrial,An industrial estate with multiple manufacturing units has been approved near Mumbai. after receiving development permission.,1
Karnataka,Tumakuru,Employment,A consulting company has announced recruitment in Tumakuru. as part of its regional growth strategy.,0
Karnataka,Coorg,Tourism,A tourism infrastructure expansion is planned in the Coorg region. following an investment proposal.,1
Karnataka,Tumakuru,Education,A new higher-education campus is being developed on the outskirts of Tumakuru. following regulatory approval.,1
Goa,Vasco da Gama,Industrial,A manufacturing complex is planned on the outskirts of Vasco da Gama. following the acquisition of land.,1
Maharashtra,Mumbai,Small Business,A local café has expanded its operations in Mumbai. as part of its market expansion.,0
Maharashtra,Alibaug,Tourism,A new eco-tourism development is being evaluated near Alibaug. following regulatory approval.,1
Goa,Baga,Entertainment,A cinema chain has announced a new screen in Baga. as part of its operational expansion.,0
Maharashtra,Chhatrapati Sambhajinagar,Retail,A consumer electronics company has opened a showroom in Chhatrapati Sambhajinagar. following the latest business update.,0
Maharashtra,Thane,Events,A business networking event will take place in Thane. according to the company.,0
Maharashtra,Nagpur,Institutional,An institutional development with multiple buildings has been approved near Nagpur.,1
Karnataka,Bengaluru,Employment,A technology firm plans to recruit additional employees in Bengaluru. following the latest business update.,0
Maharashtra,Pune,Healthcare,A private healthcare group is acquiring land for a new hospital near Pune. after receiving development permission.,1
Goa,Panaji,Employment,A financial company has announced recruitment in Panaji.,0
Karnataka,Mysuru,Senior Living,A retirement community with healthcare and accommodation facilities is proposed in Mysuru.,1
Goa,Anjuna,Technology,A software company has opened a new technology office in Anjuna. following a corporate announcement.,0
Maharashtra,Mumbai,Entertainment,A gaming centre has opened in Mumbai. as part of its regional growth strategy.,0
Karnataka,Hubballi,Corporate,A management consulting company has announced expansion in Hubballi. following a recent launch.,0
Karnataka,Hubballi,Senior Living,A developer has announced a large assisted-living project near Hubballi. after receiving development permission.,1
Maharashtra,Navi Mumbai,Small Business,A local café has expanded its operations in Navi Mumbai. as part of its regional growth strategy.,0
Goa,Morjim,Corporate,A corporate services company has increased its workforce in Morjim.,0
Maharashtra,Pune,Entertainment,A recreational venue has opened in Pune.,0
Karnataka,Bengaluru,Residential,A RERA-registered residential development comprising 300 apartments has been announced in Bengaluru. following an investment proposal.,1
Maharashtra,Lonavala,Entertainment,A recreational venue has opened in Lonavala.,0
Maharashtra,Lonavala,Commercial,A major commercial township has received development approval in Lonavala. after receiving development permission.,1
Goa,Vasco da Gama,Education,A private university has announced a residential campus project in Vasco da Gama. following an investment proposal.,1
Maharashtra,Pune,Corporate,A legal services company has opened a new office in Pune. according to the company announcement.,0
Maharashtra,Navi Mumbai,Commercial,A large shopping and commercial complex is proposed near Navi Mumbai. following an investment proposal.,1
Karnataka,Udupi,Employment,A startup is hiring employees for its Udupi office. according to the company.,0
Karnataka,Mysuru,Residential,A new housing project targeting more than 1200 residents has received preliminary approval in Mysuru.,1
Goa,Margao,Hospitality,Construction approval has been granted for a large tourism resort in Margao. following a new project announcement.,1
Maharashtra,Chhatrapati Sambhajinagar,Institutional,A training and residential facility is proposed near Chhatrapati Sambhajinagar. after receiving development permission.,1
Maharashtra,Mumbai,Events,A music event has been announced in Mumbai. as part of its business expansion.,0
Karnataka,Bengaluru,Senior Living,A developer has announced a large assisted-living project near Bengaluru.,1
Maharashtra,Nagpur,Senior Living,A developer has announced a large assisted-living project near Nagpur. as part of regional infrastructure development.,1
Karnataka,Bengaluru,Transport,A ride-sharing company has expanded services in Bengaluru. following a recent launch.,0
Karnataka,Coorg,Small Business,A local café has expanded its operations in Coorg. according to local reports.,0
Maharashtra,Chhatrapati Sambhajinagar,Commercial,A new business park with multiple commercial buildings is being developed in Chhatrapati Sambhajinagar.,1
Goa,Morjim,Healthcare,A new multi-specialty hospital campus is being developed in Morjim.,1
Karnataka,Manipal,Tourism,A new destination tourism complex is being planned in Manipal. as part of a major private investment.,1
Goa,Margao,Tourism,A tourism developer has announced a large visitor accommodation project near Margao. as part of a major private investment.,1
Karnataka,Udupi,Industrial,Construction approval has been granted for an industrial development in Udupi. as part of regional infrastructure development.,1
Karnataka,Belagavi,Employment,A technology firm plans to recruit additional employees in Belagavi.,0
Goa,Baga,Education,A boarding school campus with residential facilities is proposed near Baga. after receiving preliminary clearance.,1
Goa,Morjim,Small Business,A small fitness studio has opened in Morjim. following a recent launch.,0
Maharashtra,Navi Mumbai,Hospitality,A hotel expansion will add more than 80 rooms and new guest facilities in Navi Mumbai. following an investment proposal.,1
Goa,Mapusa,Institutional,A government-supported campus project has received approval in Mapusa.,1
Karnataka,Bengaluru,Education,A boarding school campus with residential facilities is proposed near Bengaluru. as part of a planned expansion.,1
Karnataka,Mysuru,Small Business,A neighbourhood pharmacy has opened a new branch in Mysuru.,0
Maharashtra,Mumbai,Education,A new university development will accommodate several thousand students in Mumbai. following an investment proposal.,1
Karnataka,Mysuru,Tourism,A tourism infrastructure expansion is planned in the Mysuru region. as part of regional infrastructure development.,1
Maharashtra,Chhatrapati Sambhajinagar,Healthcare,A medical institution has announced construction of a new healthcare complex in Chhatrapati Sambhajinagar. after receiving preliminary clearance.,1
Maharashtra,Alibaug,Commercial,A developer has announced a multi-building commercial project in Alibaug. as part of a planned expansion.,1
Karnataka,Manipal,Tourism,A tourism company is planning a new destination project near Manipal. after receiving development permission.,1
Karnataka,Hubballi,Tourism,A tourism company is planning a new destination project near Hubballi. after receiving preliminary clearance.,1
Karnataka,Udupi,Education,An educational trust has acquired land for a large institutional campus near Udupi. following the acquisition of land.,1
Maharashtra,Mumbai,Corporate,A business services firm has announced hiring in Mumbai.,0
Karnataka,Tumakuru,Education,A university expansion will include new student residences and academic buildings in Tumakuru. as part of a major private investment.,1
Maharashtra,Lonavala,Education,A new higher-education campus is being developed on the outskirts of Lonavala.,1
Maharashtra,Nashik,Employment,A retail company plans to recruit staff in Nashik. as part of its regional growth strategy.,0
Maharashtra,Alibaug,Hospitality,A new business hotel is planned near the commercial district of Alibaug. as part of a planned expansion.,1
Maharashtra,Mumbai,Residential,Construction is expected to begin on a new gated community containing approximately 500 homes near Mumbai.,1
Goa,Margao,Hospitality,"A new hospitality complex with restaurants, accommodation and recreational facilities is planned near Margao. following the acquisition of land.",1
Goa,Candolim,Tourism,A major tourism infrastructure project is proposed near Candolim.,1
Karnataka,Belagavi,Small Business,A restaurant has launched a new location in Belagavi. as part of its regional growth strategy.,0
Maharashtra,Lonavala,Senior Living,A new senior living community with residential facilities is planned near Lonavala.,1
Karnataka,Mysuru,Education,A residential educational campus with hostels and common facilities is planned near Mysuru.,1
Karnataka,Manipal,Institutional,A training and residential facility is proposed near Manipal.,1
Karnataka,Hubballi,Retail,A fashion retailer has opened a new store in Hubballi.,0
Karnataka,Mangaluru,Corporate,A corporate advisory company has increased its presence in Mangaluru. following a corporate announcement.,0
Maharashtra,Nashik,Education,A boarding school campus with residential facilities is proposed near Nashik. after receiving development permission.,1
Karnataka,Udupi,Residential,A major housing project in Udupi has entered the construction approval stage.,1
Karnataka,Hubballi,Commercial,A new business park with multiple commercial buildings is being developed in Hubballi.,1
Karnataka,Hubballi,Tourism,A tourism company is planning a new destination project near Hubballi. as part of a major private investment.,1
Maharashtra,Nashik,Commercial,A large shopping and commercial complex is proposed near Nashik. following regulatory approval.,1
Maharashtra,Pune,Education,A new university development will accommodate several thousand students in Pune. after planning authority approval.,1
Goa,Candolim,Technology,An IT company announced plans to increase its workforce in Candolim. as part of its operational expansion.,0
Maharashtra,Thane,Events,A business networking event will take place in Thane. according to local reports.,0
Karnataka,Tumakuru,Residential,A developer has acquired land for a large residential township in Tumakuru. following the acquisition of land.,1
Maharashtra,Nashik,Small Business,A local electronics shop has expanded in Nashik. following a recent launch.,0
Goa,Margao,Transport,A courier company has launched a new service in Margao.,0
Maharashtra,Thane,Small Business,A convenience store has opened a new location in Thane.,0
Karnataka,Mysuru,Institutional,A large institutional campus is planned near Mysuru. after receiving development permission.,1
Karnataka,Coorg,Healthcare,A large medical facility with residential accommodation for staff is proposed in Coorg. as part of regional infrastructure development.,1
Goa,Baga,Senior Living,A new senior living community with residential facilities is planned near Baga.,1
Goa,Baga,Transport,A transport operator has announced new routes from Baga. as part of its operational expansion.,0
Goa,Candolim,Hospitality,A tourism company has acquired land for a resort development near Candolim.,1
Karnataka,Hassan,Institutional,A large institutional campus is planned near Hassan. after receiving development permission.,1
Goa,Calangute,Tourism,A tourism company is planning a new destination project near Calangute. after receiving preliminary clearance.,1
Karnataka,Mysuru,Technology,An IT company announced plans to increase its workforce in Mysuru. following the latest business update.,0
Maharashtra,Lonavala,Finance,An insurance company has opened a new office in Lonavala.,0
Karnataka,Hassan,Industrial,A major industrial company has announced a new production facility near Hassan. as part of a planned expansion.,1
Maharashtra,Alibaug,Events,A technology conference will attract visitors to Alibaug. as part of its operational expansion.,0
Goa,Calangute,Corporate,A business services firm has announced hiring in Calangute. following a recent launch.,0
Karnataka,Belagavi,Education,A new university development will accommodate several thousand students in Belagavi. after receiving development permission.,1
Goa,Calangute,Hospitality,A large eco-resort project is being evaluated near Calangute.,1
Karnataka,Udupi,Entertainment,A gaming centre has opened in Udupi. as part of its regional growth strategy.,0
Karnataka,Coorg,Retail,A fashion retailer has opened a new store in Coorg. according to the company announcement.,0
Karnataka,Udupi,Senior Living,A new senior living community with residential facilities is planned near Udupi. as part of a planned expansion.,1
Maharashtra,Pune,Technology,A software company has opened a new technology office in Pune. according to the company announcement.,0
Goa,Vasco da Gama,Education,A new university campus with student accommodation is planned near Vasco da Gama. following the acquisition of land.,1
Goa,Morjim,Tourism,A new eco-tourism development is being evaluated near Morjim. as part of a planned expansion.,1
Goa,Vasco da Gama,Finance,An insurance company has opened a new office in Vasco da Gama.,0
Karnataka,Udupi,Senior Living,A retirement housing development has received approval in Udupi. as part of a planned expansion.,1
Maharashtra,Alibaug,Corporate,A professional services firm has opened a new office in Alibaug. following a corporate announcement.,0
Maharashtra,Kolhapur,Small Business,A small fitness studio has opened in Kolhapur.,0
Goa,Margao,Healthcare,A hospital developer has received approval for a new multi-building medical campus in Margao.,1
Goa,Calangute,Entertainment,A cinema chain has announced a new screen in Calangute.,0
Goa,Ponda,Retail,A supermarket chain has launched a retail outlet in Ponda.,0
Karnataka,Mangaluru,Finance,A financial company has moved into a larger office in Mangaluru. as part of its business expansion.,0
Maharashtra,Kolhapur,Institutional,An institutional development with multiple buildings has been approved near Kolhapur.,1
Maharashtra,Lonavala,Corporate,A legal services company has opened a new office in Lonavala.,0
Maharashtra,Chhatrapati Sambhajinagar,Corporate,A business services firm has announced hiring in Chhatrapati Sambhajinagar. as part of its operational expansion.,0
Maharashtra,Nagpur,Tourism,A tourism infrastructure expansion is planned in the Nagpur region. after receiving development permission.,1
Goa,Calangute,Healthcare,A specialty hospital and associated facilities are planned near Calangute.,1
Maharashtra,Alibaug,Technology,An IT services company has opened a new corporate office in Alibaug.,0
Karnataka,Udupi,Education,A boarding school campus with residential facilities is proposed near Udupi. as part of regional infrastructure development.,1
Goa,Panaji,Employment,A financial company has announced recruitment in Panaji. as part of its business expansion.,0
Goa,Panaji,Commercial,A new corporate campus with multiple buildings is planned near Panaji. after receiving development permission.,1
Maharashtra,Alibaug,Small Business,A local bakery has opened a new outlet in Alibaug.,0
Maharashtra,Nashik,Small Business,A local bakery has opened a new outlet in Nashik. as part of its business expansion.,0
Maharashtra,Thane,Hospitality,"A new hospitality complex with restaurants, accommodation and recreational facilities is planned near Thane. as part of a major private investment.",1
Karnataka,Hubballi,Healthcare,A private healthcare group is acquiring land for a new hospital near Hubballi. following a new project announcement.,1
Karnataka,Bengaluru,Events,A music event has been announced in Bengaluru. following the latest business update.,0
Karnataka,Tumakuru,Retail,A supermarket chain has launched a retail outlet in Tumakuru.,0
Maharashtra,Navi Mumbai,Logistics,A major e-commerce logistics hub is being developed near Navi Mumbai. after planning authority approval.,1
Maharashtra,Navi Mumbai,Industrial,A large industrial expansion project has been announced near Navi Mumbai. following the acquisition of land.,1
Goa,Margao,Entertainment,An entertainment company has launched a new venue in Margao. as part of its regional growth strategy.,0
Karnataka,Manipal,Residential,"A proposed residential township near Manipal will include apartments, community facilities and landscaped areas. after receiving development permission.",1
Karnataka,Mangaluru,Residential,Planning authorities have approved a 300-unit housing project near Mangaluru. as part of regional infrastructure development.,1
Karnataka,Udupi,Logistics,A logistics park with multiple warehouses is planned near Udupi.,1
Karnataka,Mysuru,Commercial,A large shopping and commercial complex is proposed near Mysuru.,1
Goa,Ponda,Transport,A transport operator has announced new routes from Ponda.,0
Karnataka,Mangaluru,Finance,A fintech company has launched a new service in Mangaluru. according to the company announcement.,0
Karnataka,Belagavi,Hospitality,A new business hotel is planned near the commercial district of Belagavi. following regulatory approval.,1
Goa,Calangute,Entertainment,A streaming company has announced an event in Calangute. following a recent launch.,0
Karnataka,Hassan,Corporate,A corporate advisory company has increased its presence in Hassan.,0
Karnataka,Tumakuru,Healthcare,A new multi-specialty hospital campus is being developed in Tumakuru. as part of regional infrastructure development.,1
Maharashtra,Pune,Senior Living,A retirement community with healthcare and accommodation facilities is proposed in Pune.,1
Karnataka,Mysuru,Small Business,A local café has expanded its operations in Mysuru. according to the company announcement.,0
Goa,Baga,Employment,A financial company has announced recruitment in Baga. following a corporate announcement.,0
Goa,Calangute,Hospitality,A tourism company has acquired land for a resort development near Calangute. following an investment proposal.,1
Karnataka,Tumakuru,Senior Living,A new senior living community with residential facilities is planned near Tumakuru.,1
Maharashtra,Navi Mumbai,Commercial,A developer has announced a multi-building commercial project in Navi Mumbai. following the acquisition of land.,1
Maharashtra,Chhatrapati Sambhajinagar,Corporate,A corporate services company has increased its workforce in Chhatrapati Sambhajinagar. following a corporate announcement.,0
Karnataka,Belagavi,Retail,A footwear brand has expanded its retail presence in Belagavi. as part of its business expansion.,0
Goa,Morjim,Small Business,A convenience store has opened a new location in Morjim.,0
Maharashtra,Thane,Transport,A bus operator has introduced a new route connecting Thane. according to the company announcement.,0
Karnataka,Tumakuru,Employment,A company has announced hiring for its Tumakuru operations.,0
Karnataka,Mysuru,Healthcare,A new multi-specialty hospital campus is being developed in Mysuru. following an investment proposal.,1
Maharashtra,Nagpur,Transport,A bus operator has introduced a new route connecting Nagpur.,0
Goa,Margao,Corporate,A recruitment company has expanded its operations in Margao.,0
Goa,Panaji,Entertainment,A theatre company has announced a performance in Panaji.,0
Goa,Margao,Employment,A startup is hiring employees for its Margao office. as part of its operational expansion.,0
Maharashtra,Mumbai,Healthcare,A large medical facility with residential accommodation for staff is proposed in Mumbai. as part of a planned expansion.,1
Goa,Baga,Events,A cultural festival is scheduled to take place in Baga.,0
Karnataka,Belagavi,Transport,A courier company has launched a new service in Belagavi.,0
Maharashtra,Kolhapur,Entertainment,A streaming company has announced an event in Kolhapur. according to the company announcement.,0
Maharashtra,Pune,Education,A large educational institution is developing a campus with hostels and dining facilities near Pune. following a new project announcement.,1
Maharashtra,Chhatrapati Sambhajinagar,Industrial,A large industrial expansion project has been announced near Chhatrapati Sambhajinagar.,1
Maharashtra,Pune,Tourism,A major tourism infrastructure project is proposed near Pune. following an investment proposal.,1
Karnataka,Belagavi,Senior Living,A developer has announced a large assisted-living project near Belagavi. as part of a planned expansion.,1
Karnataka,Mysuru,Technology,A software company announced a new digital platform in Mysuru. as part of its regional growth strategy.,0
Goa,Candolim,Residential,A real estate developer has announced a large apartment project in Candolim with multiple residential towers. following a new project announcement.,1
Goa,Anjuna,Healthcare,A new multi-specialty hospital campus is being developed in Anjuna. after receiving preliminary clearance.,1
Maharashtra,Mumbai,Industrial,An industrial developer has acquired land for a multi-unit industrial park near Mumbai.,1
Maharashtra,Thane,Technology,A technology startup has launched a new software product from Thane. as part of its business expansion.,0
Maharashtra,Lonavala,Entertainment,An entertainment brand has expanded its operations in Lonavala.,0
Karnataka,Udupi,Small Business,A restaurant has launched a new location in Udupi.,0
Goa,Morjim,Hospitality,A luxury resort with approximately 200 rooms is proposed near Morjim. as part of a major private investment.,1
Goa,Ponda,Tourism,A tourism infrastructure expansion is planned in the Ponda region. following regulatory approval.,1
Maharashtra,Pune,Industrial,Construction approval has been granted for an industrial development in Pune.,1
Goa,Baga,Commercial,A new business park with multiple commercial buildings is being developed in Baga. following an investment proposal.,1
Karnataka,Belagavi,Senior Living,A retirement housing development has received approval in Belagavi. after planning authority approval.,1
Maharashtra,Kolhapur,Finance,A financial institution has increased its workforce in Kolhapur. according to the company announcement.,0
Karnataka,Hubballi,Logistics,A logistics developer has announced a new large-scale warehouse campus near Hubballi. as part of regional infrastructure development.,1
Karnataka,Mangaluru,Entertainment,A theatre company has announced a performance in Mangaluru.,0
Goa,Anjuna,Retail,A supermarket chain has launched a retail outlet in Anjuna.,0
Karnataka,Bengaluru,Events,A music event has been announced in Bengaluru.,0
Maharashtra,Navi Mumbai,Logistics,A new supply-chain facility with employee amenities is planned near Navi Mumbai.,1
Goa,Calangute,Logistics,A logistics park with multiple warehouses is planned near Calangute. following an investment proposal.,1
Goa,Candolim,Small Business,A local bakery has opened a new outlet in Candolim. as part of its regional growth strategy.,0
Goa,Baga,Entertainment,A cinema chain has announced a new screen in Baga. following a recent launch.,0
Karnataka,Bengaluru,Institutional,A training and residential facility is proposed near Bengaluru. following the acquisition of land.,1
Goa,Calangute,Healthcare,A large medical facility with residential accommodation for staff is proposed in Calangute. following a new project announcement.,1
Goa,Panaji,Corporate,A management consulting company has announced expansion in Panaji.,0
Karnataka,Hassan,Hospitality,A new 400-room hotel project has been announced in Hassan. following the acquisition of land.,1
Goa,Anjuna,Tourism,Authorities have approved a tourism development project near Anjuna. after planning authority approval.,1
Maharashtra,Kolhapur,Tourism,A destination resort and visitor centre is proposed near Kolhapur. following a new project announcement.,1
Karnataka,Hubballi,Corporate,A recruitment company has expanded its operations in Hubballi. as part of its operational expansion.,0
Goa,Mapusa,Finance,A financial institution has increased its workforce in Mapusa. according to the company.,0
Karnataka,Coorg,Industrial,A manufacturing complex is planned on the outskirts of Coorg. as part of a major private investment.,1
Goa,Vasco da Gama,Entertainment,An entertainment brand has expanded its operations in Vasco da Gama.,0
Goa,Ponda,Corporate,A consulting company has expanded its office space in Ponda. according to the company announcement.,0
Karnataka,Coorg,Events,A public seminar is scheduled in Coorg. following a corporate announcement.,0
Goa,Anjuna,Corporate,A legal services company has opened a new office in Anjuna.,0
Goa,Morjim,Finance,An insurance company has opened a new office in Morjim. according to the company announcement.,0
Goa,Calangute,Industrial,An industrial estate with multiple manufacturing units has been approved near Calangute.,1
Maharashtra,Mumbai,Employment,A business process outsourcing company is hiring in Mumbai. following a corporate announcement.,0
Maharashtra,Nagpur,Finance,A banking company has announced expansion of its branch network in Nagpur. following a recent launch.,0
Karnataka,Tumakuru,Industrial,Several manufacturing units are expected to operate from a new industrial zone near Tumakuru. after receiving preliminary clearance.,1
Maharashtra,Lonavala,Institutional,A new administrative and residential campus is proposed near Lonavala. as part of regional infrastructure development.,1
Karnataka,Hassan,Hospitality,A new 400-room hotel project has been announced in Hassan.,1
Maharashtra,Alibaug,Technology,A technology company is recruiting engineers for its Alibaug office.,0
Maharashtra,Navi Mumbai,Logistics,A freight and warehousing facility has received development approval near Navi Mumbai. following the acquisition of land.,1
Karnataka,Hassan,Finance,A bank has opened a new branch in Hassan. as part of its operational expansion.,0
Goa,Morjim,Tourism,A major tourism investment has been announced near Morjim. as part of a major private investment.,1
Goa,Margao,Tourism,A new eco-tourism development is being evaluated near Margao. after receiving development permission.,1
Goa,Vasco da Gama,Commercial,A major commercial township has received development approval in Vasco da Gama. after planning authority approval.,1
Maharashtra,Thane,Technology,A technology company is recruiting engineers for its Thane office. according to the company announcement.,0
Maharashtra,Nashik,Tourism,A new eco-tourism development is being evaluated near Nashik.,1
Goa,Morjim,Entertainment,A music festival will take place in Morjim. following a corporate announcement.,0
Maharashtra,Kolhapur,Employment,A retail company plans to recruit staff in Kolhapur.,0
Maharashtra,Alibaug,Logistics,A distribution centre with multiple operational buildings is planned in Alibaug.,1
Maharashtra,Thane,Residential,A mixed-use residential development with 600 apartments is planned on the outskirts of Thane.,1
Maharashtra,Mumbai,Corporate,A corporate services company has increased its workforce in Mumbai. following the latest business update.,0
Goa,Calangute,Residential,A major housing project in Calangute has entered the construction approval stage.,1
Maharashtra,Nashik,Industrial,A manufacturing complex is planned on the outskirts of Nashik.,1
Goa,Vasco da Gama,Small Business,A local café has expanded its operations in Vasco da Gama. as part of its regional growth strategy.,0
Karnataka,Hubballi,Logistics,A logistics developer has announced a new large-scale warehouse campus near Hubballi. following the acquisition of land.,1
Karnataka,Mangaluru,Events,A business networking event will take place in Mangaluru.,0
Maharashtra,Kolhapur,Employment,A startup is hiring employees for its Kolhapur office. as part of its regional growth strategy.,0
Maharashtra,Thane,Institutional,A research and development campus is being developed near Thane.,1
Goa,Vasco da Gama,Senior Living,A developer has announced a large assisted-living project near Vasco da Gama.,1
Goa,Ponda,Logistics,A multi-building logistics park is being developed on the outskirts of Ponda. after receiving preliminary clearance.,1
Maharashtra,Pune,Finance,A fintech company has launched a new service in Pune. according to the company.,0
Goa,Calangute,Hospitality,A large eco-resort project is being evaluated near Calangute. following an investment proposal.,1
Maharashtra,Chhatrapati Sambhajinagar,Institutional,A large institutional complex with accommodation facilities is planned near Chhatrapati Sambhajinagar. after receiving development permission.,1
Karnataka,Hubballi,Employment,A corporate employer has announced new vacancies in Hubballi. according to local reports.,0
Goa,Ponda,Hospitality,A luxury resort with approximately 200 rooms is proposed near Ponda. following an investment proposal.,1
Karnataka,Mangaluru,Events,A sports event is planned in Mangaluru. following a corporate announcement.,0
Maharashtra,Nagpur,Industrial,Several manufacturing units are expected to operate from a new industrial zone near Nagpur. as part of a major private investment.,1
Maharashtra,Thane,Finance,A financial company has moved into a larger office in Thane.,0
Goa,Baga,Technology,A technology startup has launched a new software product from Baga.,0
Goa,Calangute,Education,A large educational institution is developing a campus with hostels and dining facilities near Calangute.,1
Maharashtra,Navi Mumbai,Senior Living,A new senior living community with residential facilities is planned near Navi Mumbai.,1
Goa,Ponda,Entertainment,A gaming centre has opened in Ponda. following a corporate announcement.,0
Goa,Morjim,Tourism,A major tourism investment has been announced near Morjim. after planning authority approval.,1
Karnataka,Hassan,Technology,A startup has raised funding to expand its technology operations in Hassan. following a recent launch.,0
Goa,Morjim,Tourism,A large visitor facility with accommodation and recreational infrastructure is proposed near Morjim. after planning authority approval.,1
Karnataka,Bengaluru,Employment,A consulting company has announced recruitment in Bengaluru. according to the company.,0
Karnataka,Manipal,Small Business,A small clothing shop has opened in Manipal. as part of its business expansion.,0
Maharashtra,Navi Mumbai,Tourism,A major tourism investment has been announced near Navi Mumbai. following regulatory approval.,1
Karnataka,Tumakuru,Logistics,A logistics park with multiple warehouses is planned near Tumakuru.,1
Goa,Panaji,Corporate,A legal services company has opened a new office in Panaji.,0
Maharashtra,Alibaug,Entertainment,An entertainment brand has expanded its operations in Alibaug. according to the company.,0
Maharashtra,Kolhapur,Small Business,A neighbourhood pharmacy has opened a new branch in Kolhapur. following the latest business update.,0
Goa,Ponda,Tourism,A tourism infrastructure expansion is planned in the Ponda region. as part of a planned expansion.,1
Goa,Baga,Hospitality,A luxury resort with approximately 250 rooms is proposed near Baga. following an investment proposal.,1
Maharashtra,Lonavala,Logistics,A logistics developer has announced a new large-scale warehouse campus near Lonavala. as part of regional infrastructure development.,1
Karnataka,Mangaluru,Hospitality,A beach resort project with 200 guest rooms is proposed in Mangaluru. after receiving preliminary clearance.,1
Karnataka,Mysuru,Technology,A software company announced a new digital platform in Mysuru. as part of its business expansion.,0
Goa,Morjim,Logistics,A warehouse complex covering a large industrial area is proposed near Morjim. following the acquisition of land.,1
Maharashtra,Navi Mumbai,Technology,A software company announced a new digital platform in Navi Mumbai. as part of its market expansion.,0
Karnataka,Hassan,Tourism,A large visitor facility with accommodation and recreational infrastructure is proposed near Hassan. following regulatory approval.,1
Goa,Calangute,Transport,A transport operator has announced new routes from Calangute.,0
Goa,Candolim,Finance,A financial company has moved into a larger office in Candolim. following a corporate announcement.,0
Maharashtra,Mumbai,Senior Living,A new senior living community with residential facilities is planned near Mumbai.,1
Karnataka,Hassan,Employment,A financial company has announced recruitment in Hassan. as part of its market expansion.,0
Karnataka,Coorg,Hospitality,A hotel expansion will add more than 120 rooms and new guest facilities in Coorg. after planning authority approval.,1
Karnataka,Manipal,Institutional,A research institution is developing a new campus in Manipal. following the acquisition of land.,1
Karnataka,Belagavi,Technology,A software company has opened a new technology office in Belagavi. according to local reports.,0
Goa,Calangute,Employment,A business process outsourcing company is hiring in Calangute.,0
Karnataka,Manipal,Healthcare,A large medical facility with residential accommodation for staff is proposed in Manipal. following an investment proposal.,1
Maharashtra,Alibaug,Commercial,A large business district expansion has been announced near Alibaug.,1
Goa,Panaji,Transport,A bus operator has introduced a new route connecting Panaji.,0
Maharashtra,Alibaug,Logistics,A freight and warehousing facility has received development approval near Alibaug. as part of a planned expansion.,1
Maharashtra,Kolhapur,Retail,A clothing company has announced a new retail location in Kolhapur. following the latest business update.,0
Karnataka,Manipal,Finance,A financial company has moved into a larger office in Manipal. as part of its operational expansion.,0
Goa,Vasco da Gama,Employment,A retail company plans to recruit staff in Vasco da Gama. following the latest business update.,0
Goa,Baga,Technology,A technology firm has expanded its office operations in Baga. as part of its business expansion.,0
Maharashtra,Alibaug,Technology,An IT company announced plans to increase its workforce in Alibaug.,0
Karnataka,Coorg,Tourism,Authorities have approved a tourism development project near Coorg. after receiving preliminary clearance.,1
Goa,Morjim,Institutional,An institutional development with multiple buildings has been approved near Morjim.,1
Karnataka,Mysuru,Commercial,A mixed-use property development with offices and retail facilities is planned in Mysuru.,1
Maharashtra,Chhatrapati Sambhajinagar,Hospitality,A tourism company has acquired land for a resort development near Chhatrapati Sambhajinagar. as part of a planned expansion.,1
Maharashtra,Lonavala,Small Business,A convenience store has opened a new location in Lonavala. according to the company.,0
Maharashtra,Nashik,Healthcare,A private healthcare group is acquiring land for a new hospital near Nashik. following the acquisition of land.,1
Karnataka,Coorg,Healthcare,A hospital developer has received approval for a new multi-building medical campus in Coorg. following the acquisition of land.,1
Karnataka,Mangaluru,Events,A music event has been announced in Mangaluru. following a corporate announcement.,0
Goa,Calangute,Industrial,A new industrial park is being developed near Calangute. as part of a planned expansion.,1
Goa,Candolim,Hospitality,Construction approval has been granted for a large tourism resort in Candolim.,1
Karnataka,Belagavi,Events,A sports event is planned in Belagavi. according to the company announcement.,0
Maharashtra,Thane,Entertainment,An entertainment company has launched a new venue in Thane.,0
Maharashtra,Nashik,Industrial,An industrial developer has acquired land for a multi-unit industrial park near Nashik.,1
Karnataka,Hubballi,Small Business,A convenience store has opened a new location in Hubballi. following the latest business update.,0
Maharashtra,Chhatrapati Sambhajinagar,Senior Living,A senior residential campus with common facilities is being developed near Chhatrapati Sambhajinagar. as part of a planned expansion.,1
Maharashtra,Navi Mumbai,Education,A university expansion will include new student residences and academic buildings in Navi Mumbai. after receiving preliminary clearance.,1
Goa,Candolim,Hospitality,Construction approval has been granted for a large tourism resort in Candolim. after receiving preliminary clearance.,1
Maharashtra,Nashik,Events,A business conference will be held in Nashik.,0
Goa,Morjim,Corporate,A management consulting company has announced expansion in Morjim.,0
Karnataka,Bengaluru,Commercial,"A mixed-use development containing offices, retail space and public facilities is proposed near Bengaluru.",1
Karnataka,Mangaluru,Entertainment,A theatre company has announced a performance in Mangaluru. according to the company.,0
Karnataka,Mangaluru,Industrial,Construction approval has been granted for an industrial development in Mangaluru. as part of a major private investment.,1
Goa,Panaji,Education,A residential educational campus with hostels and common facilities is planned near Panaji. as part of a major private investment.,1
Maharashtra,Mumbai,Healthcare,Planning authorities have approved a new medical campus in Mumbai. after receiving preliminary clearance.,1
Karnataka,Hubballi,Technology,A technology firm has expanded its office operations in Hubballi. as part of its business expansion.,0
Karnataka,Hassan,Senior Living,A developer has announced a large assisted-living project near Hassan. following regulatory approval.,1
Maharashtra,Nagpur,Logistics,A freight and warehousing facility has received development approval near Nagpur. as part of a major private investment.,1
Maharashtra,Nashik,Hospitality,Construction approval has been granted for a large tourism resort in Nashik. as part of regional infrastructure development.,1
Karnataka,Mysuru,Tourism,A new destination tourism complex is being planned in Mysuru. following the acquisition of land.,1
Goa,Ponda,Healthcare,A private healthcare group is acquiring land for a new hospital near Ponda. after receiving preliminary clearance.,1
Goa,Mapusa,Small Business,A small clothing shop has opened in Mapusa.,0
Goa,Candolim,Transport,A courier company has launched a new service in Candolim. according to local reports.,0
Goa,Panaji,Entertainment,A recreational venue has opened in Panaji. as part of its business expansion.,0
Maharashtra,Nagpur,Logistics,A freight and warehousing facility has received development approval near Nagpur.,1
Goa,Vasco da Gama,Commercial,A large commercial complex is planned in Vasco da Gama. after planning authority approval.,1
Maharashtra,Kolhapur,Tourism,A tourism company is planning a new destination project near Kolhapur. following a new project announcement.,1
Goa,Candolim,Corporate,A recruitment company has expanded its operations in Candolim.,0
Goa,Anjuna,Small Business,A convenience store has opened a new location in Anjuna. following a corporate announcement.,0
Maharashtra,Alibaug,Senior Living,A retirement community with healthcare and accommodation facilities is proposed in Alibaug. as part of regional infrastructure development.,1
Goa,Mapusa,Transport,An airline has announced additional flights from Mapusa. according to local reports.,0
Karnataka,Manipal,Small Business,A local café has expanded its operations in Manipal.,0
Maharashtra,Alibaug,Entertainment,A recreational venue has opened in Alibaug.,0
Goa,Panaji,Healthcare,A large medical facility with residential accommodation for staff is proposed in Panaji. following regulatory approval.,1
Maharashtra,Thane,Finance,A banking company has announced expansion of its branch network in Thane. according to local reports.,0
Karnataka,Hubballi,Tourism,A large visitor facility with accommodation and recreational infrastructure is proposed near Hubballi. after planning authority approval.,1
Karnataka,Belagavi,Finance,A financial institution has increased its workforce in Belagavi. following the latest business update.,0
Goa,Margao,Healthcare,A hospital developer has received approval for a new multi-building medical campus in Margao. after receiving preliminary clearance.,1
Karnataka,Udupi,Hospitality,A beach resort project with 250 guest rooms is proposed in Udupi.,1
Karnataka,Bengaluru,Finance,An insurance company has opened a new office in Bengaluru. following a recent launch.,0
Karnataka,Coorg,Transport,A transportation company has increased its fleet operations in Coorg.,0
Karnataka,Hubballi,Finance,A bank has opened a new branch in Hubballi.,0
Goa,Anjuna,Events,A public seminar is scheduled in Anjuna. according to local reports.,0
Maharashtra,Kolhapur,Institutional,A large institutional complex with accommodation facilities is planned near Kolhapur. following an investment proposal.,1
Goa,Candolim,Commercial,A new business park with multiple commercial buildings is being developed in Candolim.,1
Maharashtra,Thane,Healthcare,A specialty hospital and associated facilities are planned near Thane. following the acquisition of land.,1
Karnataka,Bengaluru,Retail,A clothing company has announced a new retail location in Bengaluru. following a corporate announcement.,0
Karnataka,Hassan,Logistics,A logistics developer has announced a new large-scale warehouse campus near Hassan. as part of a planned expansion.,1
Maharashtra,Nagpur,Hospitality,A beach resort project with 150 guest rooms is proposed in Nagpur.,1
Maharashtra,Lonavala,Tourism,A major tourism investment has been announced near Lonavala.,1
Goa,Candolim,Education,A new university development will accommodate several thousand students in Candolim. following the acquisition of land.,1
Maharashtra,Alibaug,Education,Planning authorities have approved a new college campus in Alibaug. following an investment proposal.,1
Karnataka,Mysuru,Entertainment,A recreational venue has opened in Mysuru.,0
Goa,Margao,Commercial,Construction is expected to begin on a large commercial development in Margao. after receiving development permission.,1
Karnataka,Hassan,Institutional,A new administrative and residential campus is proposed near Hassan. after receiving preliminary clearance.,1
Maharashtra,Mumbai,Small Business,A small fitness studio has opened in Mumbai. following the latest business update.,0
Karnataka,Udupi,Healthcare,A private healthcare group is acquiring land for a new hospital near Udupi. following the acquisition of land.,1
Maharashtra,Chhatrapati Sambhajinagar,Logistics,A new supply-chain facility with employee amenities is planned near Chhatrapati Sambhajinagar. following the acquisition of land.,1
Maharashtra,Mumbai,Hospitality,A tourism company has acquired land for a resort development near Mumbai.,1
Goa,Margao,Technology,A technology company is recruiting engineers for its Margao office. following the latest business update.,0
Karnataka,Bengaluru,Corporate,A recruitment company has expanded its operations in Bengaluru.,0
Maharashtra,Lonavala,Retail,A grocery chain has expanded operations in Lonavala.,0
Goa,Mapusa,Technology,A software company announced a new digital platform in Mapusa.,0
Karnataka,Bengaluru,Logistics,A warehouse complex covering a large industrial area is proposed near Bengaluru. after planning authority approval.,1
Maharashtra,Kolhapur,Hospitality,A luxury resort with approximately 150 rooms is proposed near Kolhapur. following the acquisition of land.,1
Karnataka,Tumakuru,Logistics,A distribution centre with multiple operational buildings is planned in Tumakuru.,1
Maharashtra,Nashik,Education,A university expansion will include new student residences and academic buildings in Nashik. as part of regional infrastructure development.,1
Maharashtra,Kolhapur,Residential,A mixed-use residential development with 900 apartments is planned on the outskirts of Kolhapur.,1
Karnataka,Manipal,Residential,Construction is expected to begin on a new gated community containing approximately 2500 homes near Manipal. after planning authority approval.,1
Goa,Vasco da Gama,Retail,A consumer electronics company has opened a showroom in Vasco da Gama.,0
Goa,Margao,Entertainment,A recreational venue has opened in Margao. as part of its operational expansion.,0
Maharashtra,Lonavala,Logistics,A logistics developer has announced a new large-scale warehouse campus near Lonavala. as part of a major private investment.,1
Goa,Baga,Logistics,A distribution centre with multiple operational buildings is planned in Baga. as part of a major private investment.,1
Goa,Anjuna,Entertainment,A recreational venue has opened in Anjuna. following a recent launch.,0
Maharashtra,Thane,Retail,A national retail company has announced a new store in Thane. following a recent launch.,0
Goa,Margao,Residential,A mixed-use residential development with 900 apartments is planned on the outskirts of Margao. after receiving preliminary clearance.,1
Maharashtra,Lonavala,Small Business,A local café has expanded its operations in Lonavala. as part of its business expansion.,0
Goa,Calangute,Technology,A technology startup has launched a new software product from Calangute. following a recent launch.,0
Goa,Morjim,Technology,A technology firm has expanded its office operations in Morjim. following the latest business update.,0
Karnataka,Mangaluru,Residential,Construction is expected to begin on a new gated community containing approximately 1200 homes near Mangaluru.,1
Maharashtra,Mumbai,Corporate,A professional services firm has opened a new office in Mumbai. according to the company announcement.,0
Karnataka,Mangaluru,Retail,A footwear brand has expanded its retail presence in Mangaluru. following a corporate announcement.,0
Goa,Candolim,Technology,A technology startup has launched a new software product from Candolim. following a corporate announcement.,0
Goa,Mapusa,Events,A technology conference will attract visitors to Mapusa. following a recent launch.,0
Karnataka,Hubballi,Technology,A technology startup has launched a new software product from Hubballi. following the latest business update.,0
Maharashtra,Thane,Industrial,A manufacturing complex is planned on the outskirts of Thane. as part of a planned expansion.,1
Karnataka,Udupi,Healthcare,A large medical facility with residential accommodation for staff is proposed in Udupi.,1
Maharashtra,Mumbai,Transport,A bus operator has introduced a new route connecting Mumbai. as part of its business expansion.,0
Maharashtra,Thane,Institutional,A research institution is developing a new campus in Thane. after receiving development permission.,1
Goa,Morjim,Commercial,Construction is expected to begin on a large commercial development in Morjim.,1
Maharashtra,Thane,Institutional,A government-supported campus project has received approval in Thane. after receiving preliminary clearance.,1
Karnataka,Hubballi,Small Business,A neighbourhood pharmacy has opened a new branch in Hubballi. following the latest business update.,0
Maharashtra,Pune,Commercial,A large shopping and commercial complex is proposed near Pune.,1
Maharashtra,Alibaug,Finance,A financial institution has increased its workforce in Alibaug. according to the company.,0
Maharashtra,Nashik,Finance,A financial company has moved into a larger office in Nashik. following the latest business update.,0
Maharashtra,Nashik,Corporate,A consulting company has expanded its office space in Nashik.,0
Karnataka,Manipal,Logistics,A new supply-chain facility with employee amenities is planned near Manipal.,1
Goa,Morjim,Events,A business networking event will take place in Morjim. according to the company.,0
Maharashtra,Navi Mumbai,Employment,A company has announced hiring for its Navi Mumbai operations.,0
Karnataka,Hassan,Employment,A company has announced hiring for its Hassan operations. as part of its regional growth strategy.,0
Maharashtra,Nagpur,Technology,A software company has opened a new technology office in Nagpur.,0
Goa,Baga,Senior Living,A retirement community with healthcare and accommodation facilities is proposed in Baga. as part of a planned expansion.,1
Maharashtra,Chhatrapati Sambhajinagar,Tourism,Authorities have approved a tourism development project near Chhatrapati Sambhajinagar. as part of a major private investment.,1
Karnataka,Hassan,Tourism,A tourism developer has announced a large visitor accommodation project near Hassan.,1
Maharashtra,Mumbai,Corporate,A legal services company has opened a new office in Mumbai. following the latest business update.,0
Maharashtra,Navi Mumbai,Institutional,A large institutional complex with accommodation facilities is planned near Navi Mumbai. as part of regional infrastructure development.,1
Goa,Mapusa,Commercial,Construction is expected to begin on a large commercial development in Mapusa.,1
Karnataka,Hubballi,Industrial,An industrial developer has acquired land for a multi-unit industrial park near Hubballi. following an investment proposal.,1
Goa,Panaji,Institutional,A new administrative and residential campus is proposed near Panaji.,1
Karnataka,Belagavi,Transport,An airline has announced additional flights from Belagavi. following the latest business update.,0
Maharashtra,Nagpur,Corporate,A consulting company has expanded its office space in Nagpur. following a recent launch.,0
Karnataka,Hubballi,Small Business,A restaurant has launched a new location in Hubballi. following a recent launch.,0
Goa,Candolim,Tourism,A tourism company is planning a new destination project near Candolim. after receiving development permission.,1
Goa,Vasco da Gama,Entertainment,A streaming company has announced an event in Vasco da Gama.,0
Goa,Mapusa,Residential,Construction is expected to begin on a new gated community containing approximately 400 homes near Mapusa. following a new project announcement.,1
Karnataka,Hubballi,Commercial,A new corporate campus with multiple buildings is planned near Hubballi. after receiving development permission.,1
Karnataka,Coorg,Tourism,A destination resort and visitor centre is proposed near Coorg. following the acquisition of land.,1
Goa,Anjuna,Finance,An insurance company has opened a new office in Anjuna. following a corporate announcement.,0
Goa,Morjim,Education,Planning authorities have approved a new college campus in Morjim.,1
Karnataka,Manipal,Employment,A startup is hiring employees for its Manipal office. according to the company announcement.,0
Goa,Mapusa,Small Business,A neighbourhood pharmacy has opened a new branch in Mapusa. according to the company.,0
Karnataka,Manipal,Senior Living,A senior residential campus with common facilities is being developed near Manipal. after receiving development permission.,1
Karnataka,Hubballi,Industrial,An industrial developer has acquired land for a multi-unit industrial park near Hubballi. following a new project announcement.,1
Goa,Ponda,Retail,A consumer electronics company has opened a showroom in Ponda.,0
Maharashtra,Nashik,Education,Planning authorities have approved a new college campus in Nashik.,1
Maharashtra,Nagpur,Education,A boarding school campus with residential facilities is proposed near Nagpur.,1
Maharashtra,Lonavala,Commercial,A large shopping and commercial complex is proposed near Lonavala. as part of a planned expansion.,1
Goa,Panaji,Hospitality,A hospitality developer is planning a new property with guest accommodation and recreational facilities near Panaji. after planning authority approval.,1
Goa,Candolim,Small Business,A local café has expanded its operations in Candolim.,0
Maharashtra,Alibaug,Employment,A business process outsourcing company is hiring in Alibaug. as part of its business expansion.,0
Karnataka,Mysuru,Events,A trade exhibition will be held in Mysuru. according to the company announcement.,0
Karnataka,Hubballi,Corporate,A business services firm has announced hiring in Hubballi.,0
Karnataka,Coorg,Transport,A ride-sharing company has expanded services in Coorg. as part of its regional growth strategy.,0
Maharashtra,Nashik,Transport,A bus operator has introduced a new route connecting Nashik. following a recent launch.,0
Goa,Panaji,Institutional,A government-supported campus project has received approval in Panaji. after planning authority approval.,1
Maharashtra,Nagpur,Corporate,A professional services firm has opened a new office in Nagpur. as part of its regional growth strategy.,0
Goa,Ponda,Logistics,A large warehousing and distribution centre is proposed near Ponda.,1
Karnataka,Manipal,Corporate,A professional services firm has opened a new office in Manipal. according to the company.,0
Goa,Anjuna,Logistics,A new supply-chain facility with employee amenities is planned near Anjuna. following the acquisition of land.,1
Maharashtra,Thane,Employment,A business process outsourcing company is hiring in Thane. according to the company announcement.,0
Maharashtra,Pune,Education,A boarding school campus with residential facilities is proposed near Pune.,1
Goa,Panaji,Tourism,A destination resort and visitor centre is proposed near Panaji. as part of a planned expansion.,1
Karnataka,Coorg,Industrial,A manufacturing complex is planned on the outskirts of Coorg. after receiving preliminary clearance.,1
Goa,Anjuna,Institutional,A large institutional complex with accommodation facilities is planned near Anjuna. following a new project announcement.,1
Goa,Ponda,Small Business,A convenience store has opened a new location in Ponda.,0
Maharashtra,Nagpur,Tourism,A tourism infrastructure expansion is planned in the Nagpur region. as part of regional infrastructure development.,1
Karnataka,Mysuru,Tourism,A new eco-tourism development is being evaluated near Mysuru.,1
Maharashtra,Lonavala,Tourism,A major tourism infrastructure project is proposed near Lonavala. as part of a major private investment.,1
Goa,Margao,Commercial,"A mixed-use development containing offices, retail space and public facilities is proposed near Margao. as part of a planned expansion.",1
Maharashtra,Thane,Tourism,A large visitor facility with accommodation and recreational infrastructure is proposed near Thane.,1
Maharashtra,Pune,Residential,A mixed-use residential development with 400 apartments is planned on the outskirts of Pune.,1
Goa,Baga,Entertainment,A gaming centre has opened in Baga.,0
Goa,Baga,Residential,"A proposed residential township near Baga will include apartments, community facilities and landscaped areas. following an investment proposal.",1
Karnataka,Mangaluru,Small Business,A restaurant has launched a new location in Mangaluru. as part of its market expansion.,0
Karnataka,Mangaluru,Institutional,An institutional development with multiple buildings has been approved near Mangaluru. as part of a planned expansion.,1
Goa,Calangute,Industrial,An industrial estate with multiple manufacturing units has been approved near Calangute. after receiving preliminary clearance.,1
Maharashtra,Navi Mumbai,Logistics,A warehouse complex covering a large industrial area is proposed near Navi Mumbai. as part of regional infrastructure development.,1
Maharashtra,Chhatrapati Sambhajinagar,Corporate,A corporate services company has increased its workforce in Chhatrapati Sambhajinagar.,0
Goa,Mapusa,Transport,A logistics company has expanded its delivery network in Mapusa. as part of its business expansion.,0
Goa,Candolim,Residential,A new housing project targeting more than 7000 residents has received preliminary approval in Candolim. following regulatory approval.,1
Karnataka,Udupi,Events,A music event has been announced in Udupi. as part of its business expansion.,0
Karnataka,Udupi,Corporate,A business services firm has announced hiring in Udupi. as part of its market expansion.,0
Goa,Mapusa,Senior Living,A retirement community with healthcare and accommodation facilities is proposed in Mapusa. after receiving development permission.,1
Maharashtra,Mumbai,Tourism,A new eco-tourism development is being evaluated near Mumbai. following a new project announcement.,1
Karnataka,Coorg,Industrial,A manufacturing complex is planned on the outskirts of Coorg.,1
Maharashtra,Nagpur,Employment,A corporate employer has announced new vacancies in Nagpur. according to the company announcement.,0
Maharashtra,Kolhapur,Employment,A business process outsourcing company is hiring in Kolhapur.,0
Karnataka,Bengaluru,Institutional,A training and residential facility is proposed near Bengaluru.,1
Karnataka,Udupi,Hospitality,Construction approval has been granted for a large tourism resort in Udupi. following an investment proposal.,1
Goa,Margao,Institutional,A research institution is developing a new campus in Margao.,1
Karnataka,Mysuru,Finance,A financial services company has expanded its operations in Mysuru. as part of its operational expansion.,0
Maharashtra,Lonavala,Small Business,A convenience store has opened a new location in Lonavala. as part of its regional growth strategy.,0
Goa,Morjim,Industrial,An industrial estate with multiple manufacturing units has been approved near Morjim. following a new project announcement.,1
Goa,Anjuna,Transport,An airline has announced additional flights from Anjuna.,0
Goa,Vasco da Gama,Logistics,A major e-commerce logistics hub is being developed near Vasco da Gama. as part of a major private investment.,1
Karnataka,Coorg,Entertainment,A gaming centre has opened in Coorg.,0
Goa,Vasco da Gama,Senior Living,A developer has announced a large assisted-living project near Vasco da Gama. following regulatory approval.,1
Karnataka,Hassan,Industrial,A large industrial expansion project has been announced near Hassan. after planning authority approval.,1
Maharashtra,Navi Mumbai,Retail,A lifestyle brand has opened its latest outlet in Navi Mumbai.,0
Maharashtra,Navi Mumbai,Tourism,A large visitor facility with accommodation and recreational infrastructure is proposed near Navi Mumbai. after planning authority approval.,1
Maharashtra,Kolhapur,Education,A university expansion will include new student residences and academic buildings in Kolhapur.,1
Goa,Baga,Retail,A footwear brand has expanded its retail presence in Baga. according to the company.,0
Goa,Anjuna,Retail,A national retail company has announced a new store in Anjuna. following the latest business update.,0
Karnataka,Manipal,Employment,A retail company plans to recruit staff in Manipal. as part of its operational expansion.,0
Maharashtra,Thane,Residential,A mixed-use residential development with 900 apartments is planned on the outskirts of Thane. following regulatory approval.,1
Karnataka,Hassan,Senior Living,A retirement housing development has received approval in Hassan. after receiving preliminary clearance.,1
Karnataka,Bengaluru,Industrial,A large manufacturing campus with employee facilities is proposed near Bengaluru. as part of a planned expansion.,1
Maharashtra,Navi Mumbai,Industrial,A new production facility is expected to begin construction in the Navi Mumbai region. following a new project announcement.,1
Goa,Panaji,Institutional,A large institutional campus is planned near Panaji. after receiving preliminary clearance.,1
Karnataka,Mangaluru,Entertainment,A recreational venue has opened in Mangaluru. following a corporate announcement.,0
Karnataka,Bengaluru,Entertainment,A gaming centre has opened in Bengaluru.,0
Karnataka,Mangaluru,Tourism,Authorities have approved a tourism development project near Mangaluru. following an investment proposal.,1
Maharashtra,Thane,Retail,A fashion retailer has opened a new store in Thane.,0
Goa,Ponda,Transport,A transportation company has increased its fleet operations in Ponda.,0
Maharashtra,Chhatrapati Sambhajinagar,Tourism,A major tourism infrastructure project is proposed near Chhatrapati Sambhajinagar. after planning authority approval.,1
Goa,Vasco da Gama,Residential,Construction is expected to begin on a new gated community containing approximately 600 homes near Vasco da Gama. as part of a planned expansion.,1
Goa,Candolim,Finance,A fintech company has launched a new service in Candolim. as part of its operational expansion.,0
Goa,Candolim,Finance,An insurance company has opened a new office in Candolim.,0
Maharashtra,Pune,Events,A sports event is planned in Pune. following a corporate announcement.,0
Goa,Panaji,Education,A new university campus with student accommodation is planned near Panaji. after planning authority approval.,1
Maharashtra,Thane,Commercial,"A mixed-use development containing offices, retail space and public facilities is proposed near Thane.",1
Maharashtra,Kolhapur,Entertainment,A cinema chain has announced a new screen in Kolhapur.,0
Goa,Ponda,Commercial,A developer has announced a multi-building commercial project in Ponda. as part of a major private investment.,1
Maharashtra,Chhatrapati Sambhajinagar,Finance,A fintech company has launched a new service in Chhatrapati Sambhajinagar. following a corporate announcement.,0
Karnataka,Coorg,Hospitality,A hospitality developer is planning a new property with guest accommodation and recreational facilities near Coorg.,1
Karnataka,Mangaluru,Hospitality,Construction approval has been granted for a large tourism resort in Mangaluru.,1
Karnataka,Mangaluru,Residential,A large residential complex with common amenities is under development near Mangaluru. following regulatory approval.,1
Maharashtra,Lonavala,Corporate,A consulting company has expanded its office space in Lonavala. according to the company.,0
Maharashtra,Lonavala,Finance,A lending platform has launched services in Lonavala. following a corporate announcement.,0
Karnataka,Mysuru,Employment,A corporate employer has announced new vacancies in Mysuru. according to the company.,0
Karnataka,Mangaluru,Corporate,A corporate services company has increased its workforce in Mangaluru.,0
Goa,Anjuna,Events,A business conference will be held in Anjuna. as part of its business expansion.,0
Maharashtra,Chhatrapati Sambhajinagar,Institutional,A large institutional campus is planned near Chhatrapati Sambhajinagar. after receiving preliminary clearance.,1
Maharashtra,Nagpur,Hospitality,A hospitality developer is planning a new property with guest accommodation and recreational facilities near Nagpur.,1
Karnataka,Hassan,Employment,A business process outsourcing company is hiring in Hassan. as part of its operational expansion.,0
Maharashtra,Chhatrapati Sambhajinagar,Technology,A technology company is recruiting engineers for its Chhatrapati Sambhajinagar office. according to the company.,0
Goa,Mapusa,Industrial,Several manufacturing units are expected to operate from a new industrial zone near Mapusa.,1
Goa,Mapusa,Healthcare,A large medical facility with residential accommodation for staff is proposed in Mapusa. after planning authority approval.,1
Maharashtra,Alibaug,Corporate,A legal services company has opened a new office in Alibaug.,0
Goa,Anjuna,Logistics,A logistics developer has announced a new large-scale warehouse campus near Anjuna.,1
Maharashtra,Kolhapur,Logistics,A large warehousing and distribution centre is proposed near Kolhapur. following the acquisition of land.,1
Karnataka,Bengaluru,Residential,Construction is expected to begin on a new gated community containing approximately 150 homes near Bengaluru. following a new project announcement.,1
Maharashtra,Navi Mumbai,Employment,A business process outsourcing company is hiring in Navi Mumbai. as part of its operational expansion.,0
Goa,Calangute,Entertainment,A theatre company has announced a performance in Calangute.,0
Goa,Baga,Education,A new university campus with student accommodation is planned near Baga. following the acquisition of land.,1
Maharashtra,Thane,Commercial,A large business district expansion has been announced near Thane.,1
Maharashtra,Alibaug,Senior Living,A retirement community with healthcare and accommodation facilities is proposed in Alibaug. after planning authority approval.,1
Karnataka,Manipal,Small Business,A convenience store has opened a new location in Manipal.,0
Goa,Calangute,Tourism,A large visitor facility with accommodation and recreational infrastructure is proposed near Calangute. after planning authority approval.,1
Karnataka,Hassan,Institutional,A large institutional campus is planned near Hassan. as part of a planned expansion.,1
Maharashtra,Chhatrapati Sambhajinagar,Industrial,A new industrial park is being developed near Chhatrapati Sambhajinagar. after planning authority approval.,1
Goa,Baga,Transport,A transportation company has increased its fleet operations in Baga.,0
Karnataka,Mysuru,Institutional,A large institutional campus is planned near Mysuru. following an investment proposal.,1
Goa,Margao,Events,A public seminar is scheduled in Margao. according to the company announcement.,0
Maharashtra,Lonavala,Retail,A supermarket chain has launched a retail outlet in Lonavala. as part of its operational expansion.,0
Goa,Candolim,Residential,A developer has acquired land for a large residential township in Candolim. following a new project announcement.,1
Karnataka,Hubballi,Institutional,A training and residential facility is proposed near Hubballi. as part of a planned expansion.,1
Karnataka,Hassan,Senior Living,A developer has announced a large assisted-living project near Hassan. after planning authority approval.,1
Karnataka,Udupi,Commercial,A large business district expansion has been announced near Udupi. following an investment proposal.,1
Maharashtra,Nashik,Healthcare,A large medical facility with residential accommodation for staff is proposed in Nashik. as part of a planned expansion.,1
Karnataka,Mysuru,Events,A business networking event will take place in Mysuru. as part of its regional growth strategy.,0
Karnataka,Mangaluru,Entertainment,A streaming company has announced an event in Mangaluru. following a corporate announcement.,0
Goa,Panaji,Education,A large educational institution is developing a campus with hostels and dining facilities near Panaji. after receiving preliminary clearance.,1
Maharashtra,Kolhapur,Commercial,A developer has announced a multi-building commercial project in Kolhapur. following an investment proposal.,1
Karnataka,Belagavi,Events,A music event has been announced in Belagavi.,0
Maharashtra,Lonavala,Transport,A logistics company has expanded its delivery network in Lonavala. as part of its regional growth strategy.,0
Goa,Baga,Technology,A technology firm has expanded its office operations in Baga. according to the company.,0
Maharashtra,Pune,Residential,"A proposed residential township near Pune will include apartments, community facilities and landscaped areas. following a new project announcement.",1
Goa,Morjim,Finance,A financial company has moved into a larger office in Morjim. according to the company announcement.,0
Maharashtra,Thane,Industrial,Several manufacturing units are expected to operate from a new industrial zone near Thane. following the acquisition of land.,1
Karnataka,Hassan,Hospitality,A large eco-resort project is being evaluated near Hassan. as part of regional infrastructure development.,1
Maharashtra,Pune,Residential,A real estate developer has announced a large apartment project in Pune with multiple residential towers. after receiving preliminary clearance.,1
Goa,Calangute,Education,A new higher-education campus is being developed on the outskirts of Calangute. following regulatory approval.,1
Karnataka,Hubballi,Logistics,A distribution centre with multiple operational buildings is planned in Hubballi. following the acquisition of land.,1
Karnataka,Coorg,Finance,A fintech company has launched a new service in Coorg. following a recent launch.,0
Maharashtra,Chhatrapati Sambhajinagar,Events,A business conference will be held in Chhatrapati Sambhajinagar.,0
Karnataka,Hubballi,Finance,A financial services company has expanded its operations in Hubballi. as part of its regional growth strategy.,0
Maharashtra,Chhatrapati Sambhajinagar,Residential,A real estate developer has announced a large apartment project in Chhatrapati Sambhajinagar with multiple residential towers. as part of a planned expansion.,1
Goa,Ponda,Small Business,A neighbourhood pharmacy has opened a new branch in Ponda. as part of its operational expansion.,0
Karnataka,Tumakuru,Entertainment,A cinema chain has announced a new screen in Tumakuru. according to local reports.,0
Maharashtra,Nashik,Technology,A technology firm has expanded its office operations in Nashik. following a corporate announcement.,0
Goa,Calangute,Education,A large educational institution is developing a campus with hostels and dining facilities near Calangute. as part of a planned expansion.,1
Maharashtra,Alibaug,Corporate,A professional services firm has opened a new office in Alibaug. as part of its operational expansion.,0
Maharashtra,Mumbai,Healthcare,A healthcare company has announced a major hospital project near Mumbai. after planning authority approval.,1
Maharashtra,Alibaug,Retail,A clothing company has announced a new retail location in Alibaug.,0
Goa,Morjim,Healthcare,A medical institution has announced construction of a new healthcare complex in Morjim. following a new project announcement.,1
Karnataka,Manipal,Employment,A corporate employer has announced new vacancies in Manipal. as part of its market expansion.,0
Goa,Candolim,Employment,A consulting company has announced recruitment in Candolim. as part of its regional growth strategy.,0
Karnataka,Mysuru,Tourism,A major tourism investment has been announced near Mysuru. following a new project announcement.,1
Maharashtra,Navi Mumbai,Transport,A logistics company has expanded its delivery network in Navi Mumbai. as part of its regional growth strategy.,0
Goa,Calangute,Entertainment,An entertainment company has launched a new venue in Calangute.,0
Maharashtra,Navi Mumbai,Institutional,A research and development campus is being developed near Navi Mumbai. as part of a major private investment.,1
Karnataka,Tumakuru,Small Business,A local electronics shop has expanded in Tumakuru. according to the company announcement.,0
Maharashtra,Kolhapur,Transport,A transport operator has announced new routes from Kolhapur.,0
Goa,Calangute,Events,A business conference will be held in Calangute. following a corporate announcement.,0
Maharashtra,Navi Mumbai,Logistics,A logistics company has acquired land for a new distribution hub near Navi Mumbai. as part of a planned expansion.,1
Goa,Vasco da Gama,Healthcare,A healthcare company has announced a major hospital project near Vasco da Gama.,1
Goa,Candolim,Events,A business conference will be held in Candolim.,0
Karnataka,Tumakuru,Residential,A mixed-use residential development with 600 apartments is planned on the outskirts of Tumakuru.,1
Goa,Panaji,Transport,A logistics company has expanded its delivery network in Panaji. as part of its operational expansion.,0
Karnataka,Mysuru,Senior Living,A new senior living community with residential facilities is planned near Mysuru. following regulatory approval.,1
Goa,Panaji,Transport,A courier company has launched a new service in Panaji.,0
Maharashtra,Nashik,Entertainment,A cinema chain has announced a new screen in Nashik. following the latest business update.,0
Goa,Mapusa,Entertainment,A recreational venue has opened in Mapusa. as part of its regional growth strategy.,0
Maharashtra,Nagpur,Corporate,A consulting company has expanded its office space in Nagpur. as part of its business expansion.,0
Karnataka,Tumakuru,Retail,A clothing company has announced a new retail location in Tumakuru. as part of its operational expansion.,0
Goa,Margao,Hospitality,A new 250-room hotel project has been announced in Margao. as part of regional infrastructure development.,1
Karnataka,Bengaluru,Small Business,A local bakery has opened a new outlet in Bengaluru.,0
Karnataka,Mangaluru,Logistics,A distribution centre with multiple operational buildings is planned in Mangaluru. after receiving preliminary clearance.,1
Goa,Mapusa,Retail,A supermarket chain has launched a retail outlet in Mapusa. according to local reports.,0
Maharashtra,Kolhapur,Finance,A banking company has announced expansion of its branch network in Kolhapur. as part of its business expansion.,0
Goa,Ponda,Technology,An IT company announced plans to increase its workforce in Ponda. as part of its regional growth strategy.,0
Goa,Margao,Hospitality,A new business hotel is planned near the commercial district of Margao. following the acquisition of land.,1
Goa,Mapusa,Events,A cultural festival is scheduled to take place in Mapusa.,0
Karnataka,Manipal,Events,A sports event is planned in Manipal. as part of its operational expansion.,0
Karnataka,Manipal,Healthcare,Planning authorities have approved a new medical campus in Manipal.,1
Maharashtra,Alibaug,Corporate,A consulting company has expanded its office space in Alibaug. as part of its market expansion.,0
Goa,Baga,Institutional,A government-supported campus project has received approval in Baga. as part of regional infrastructure development.,1
Maharashtra,Lonavala,Tourism,A major tourism investment has been announced near Lonavala. after planning authority approval.,1
Maharashtra,Pune,Corporate,A business services firm has announced hiring in Pune. as part of its business expansion.,0
Karnataka,Coorg,Retail,A grocery chain has expanded operations in Coorg. according to the company.,0
Maharashtra,Thane,Technology,A software company announced a new digital platform in Thane. following the latest business update.,0
Goa,Candolim,Logistics,A freight and warehousing facility has received development approval near Candolim.,1
Goa,Vasco da Gama,Hospitality,A large eco-resort project is being evaluated near Vasco da Gama. following an investment proposal.,1
Karnataka,Tumakuru,Senior Living,A retirement community with healthcare and accommodation facilities is proposed in Tumakuru.,1
Goa,Mapusa,Residential,A developer has acquired land for a large residential township in Mapusa. as part of a major private investment.,1
Goa,Baga,Technology,A software company has opened a new technology office in Baga. following the latest business update.,0
Karnataka,Hassan,Technology,An IT company announced plans to increase its workforce in Hassan.,0
Maharashtra,Lonavala,Retail,A clothing company has announced a new retail location in Lonavala.,0
Goa,Morjim,Small Business,A local café has expanded its operations in Morjim. according to the company announcement.,0
Maharashtra,Pune,Tourism,A tourism developer has announced a large visitor accommodation project near Pune.,1
Karnataka,Bengaluru,Healthcare,A hospital developer has received approval for a new multi-building medical campus in Bengaluru. as part of regional infrastructure development.,1
Maharashtra,Nashik,Industrial,Construction approval has been granted for an industrial development in Nashik.,1
Maharashtra,Mumbai,Industrial,A large industrial expansion project has been announced near Mumbai. following the acquisition of land.,1
Karnataka,Hassan,Small Business,A local electronics shop has expanded in Hassan.,0
Karnataka,Manipal,Retail,A lifestyle brand has opened its latest outlet in Manipal. as part of its operational expansion.,0
Karnataka,Bengaluru,Small Business,A restaurant has launched a new location in Bengaluru. according to local reports.,0
Maharashtra,Pune,Technology,A technology startup has launched a new software product from Pune.,0
Maharashtra,Pune,Employment,A corporate employer has announced new vacancies in Pune. as part of its business expansion.,0
Karnataka,Hassan,Commercial,A large business district expansion has been announced near Hassan. as part of regional infrastructure development.,1
Goa,Panaji,Entertainment,A gaming centre has opened in Panaji.,0
Goa,Panaji,Events,A cultural festival is scheduled to take place in Panaji.,0
Goa,Vasco da Gama,Corporate,A professional services firm has opened a new office in Vasco da Gama.,0
Karnataka,Udupi,Finance,A banking company has announced expansion of its branch network in Udupi.,0
Maharashtra,Alibaug,Finance,A lending platform has launched services in Alibaug. according to local reports.,0
Karnataka,Hubballi,Finance,A fintech company has launched a new service in Hubballi. as part of its regional growth strategy.,0
Goa,Candolim,Retail,A footwear brand has expanded its retail presence in Candolim. according to local reports.,0
Maharashtra,Kolhapur,Small Business,A local café has expanded its operations in Kolhapur. as part of its business expansion.,0
Maharashtra,Lonavala,Residential,A RERA-registered residential development comprising 900 apartments has been announced in Lonavala. following regulatory approval.,1
Maharashtra,Kolhapur,Commercial,"A mixed-use development containing offices, retail space and public facilities is proposed near Kolhapur.",1
Karnataka,Mysuru,Logistics,A warehouse complex covering a large industrial area is proposed near Mysuru.,1
Goa,Anjuna,Finance,A fintech company has launched a new service in Anjuna. as part of its market expansion.,0
Karnataka,Coorg,Industrial,A large manufacturing campus with employee facilities is proposed near Coorg. following the acquisition of land.,1
Karnataka,Hubballi,Retail,A supermarket chain has launched a retail outlet in Hubballi. according to the company announcement.,0
Maharashtra,Alibaug,Residential,A developer has acquired land for a large residential township in Alibaug.,1
Karnataka,Tumakuru,Healthcare,A new multi-specialty hospital campus is being developed in Tumakuru. following an investment proposal.,1
Goa,Candolim,Residential,A mixed-use residential development with 300 apartments is planned on the outskirts of Candolim. following a new project announcement.,1
Goa,Calangute,Healthcare,A private healthcare group is acquiring land for a new hospital near Calangute. as part of a planned expansion.,1
Maharashtra,Thane,Retail,A lifestyle brand has opened its latest outlet in Thane.,0
Goa,Anjuna,Retail,A national retail company has announced a new store in Anjuna. as part of its regional growth strategy.,0
Goa,Vasco da Gama,Transport,A bus operator has introduced a new route connecting Vasco da Gama. according to the company announcement.,0
Maharashtra,Nashik,Small Business,A convenience store has opened a new location in Nashik.,0
Maharashtra,Chhatrapati Sambhajinagar,Industrial,An industrial developer has acquired land for a multi-unit industrial park near Chhatrapati Sambhajinagar.,1
Karnataka,Hubballi,Residential,Planning authorities have approved a 150-unit housing project near Hubballi.,1
Maharashtra,Mumbai,Retail,A lifestyle brand has opened its latest outlet in Mumbai.,0
Karnataka,Mysuru,Senior Living,A senior residential campus with common facilities is being developed near Mysuru.,1
Goa,Panaji,Residential,A RERA-registered residential development comprising 1500 apartments has been announced in Panaji. following a new project announcement.,1
Karnataka,Tumakuru,Institutional,A large institutional complex with accommodation facilities is planned near Tumakuru. following regulatory approval.,1
Karnataka,Udupi,Tourism,A destination resort and visitor centre is proposed near Udupi. after receiving development permission.,1
Maharashtra,Mumbai,Small Business,A restaurant has launched a new location in Mumbai.,0
Goa,Baga,Retail,A supermarket chain has launched a retail outlet in Baga. following the latest business update.,0
Karnataka,Hubballi,Transport,A railway service has announced schedule changes affecting Hubballi. according to the company announcement.,0
Maharashtra,Thane,Logistics,A large warehousing and distribution centre is proposed near Thane. following the acquisition of land.,1
Goa,Ponda,Technology,A software company announced a new digital platform in Ponda.,0
Karnataka,Hubballi,Education,A new university development will accommodate several thousand students in Hubballi. following regulatory approval.,1
Karnataka,Bengaluru,Commercial,"A mixed-use development containing offices, retail space and public facilities is proposed near Bengaluru. as part of a planned expansion.",1
Maharashtra,Alibaug,Senior Living,A senior residential campus with common facilities is being developed near Alibaug. following an investment proposal.,1
Maharashtra,Nagpur,Healthcare,A hospital expansion project will add new patient accommodation and treatment facilities in Nagpur. as part of a planned expansion.,1
Maharashtra,Nashik,Retail,A lifestyle brand has opened its latest outlet in Nashik. following a recent launch.,0
Maharashtra,Navi Mumbai,Technology,A software company announced a new digital platform in Navi Mumbai.,0
Maharashtra,Nagpur,Residential,A real estate developer has announced a large apartment project in Nagpur with multiple residential towers. after receiving development permission.,1
Maharashtra,Nagpur,Residential,A real estate developer has announced a large apartment project in Nagpur with multiple residential towers. following regulatory approval.,1
Maharashtra,Pune,Events,A public seminar is scheduled in Pune.,0
Karnataka,Coorg,Commercial,A large commercial complex is planned in Coorg. as part of regional infrastructure development.,1
Maharashtra,Kolhapur,Entertainment,An entertainment brand has expanded its operations in Kolhapur. according to local reports.,0
Goa,Vasco da Gama,Small Business,A convenience store has opened a new location in Vasco da Gama.,0
Maharashtra,Mumbai,Transport,A transportation company has increased its fleet operations in Mumbai.,0
Maharashtra,Alibaug,Commercial,A large business district expansion has been announced near Alibaug. after planning authority approval.,1
Maharashtra,Nagpur,Events,A business networking event will take place in Nagpur.,0
Goa,Mapusa,Small Business,A small fitness studio has opened in Mapusa.,0
Karnataka,Bengaluru,Commercial,A new corporate campus with multiple buildings is planned near Bengaluru. following regulatory approval.,1
Goa,Candolim,Employment,A retail company plans to recruit staff in Candolim.,0
Maharashtra,Lonavala,Small Business,A local bakery has opened a new outlet in Lonavala. as part of its regional growth strategy.,0
Maharashtra,Kolhapur,Tourism,A destination resort and visitor centre is proposed near Kolhapur.,1
Karnataka,Hubballi,Corporate,A corporate services company has increased its workforce in Hubballi. as part of its operational expansion.,0
Goa,Baga,Industrial,A major industrial company has announced a new production facility near Baga. as part of a major private investment.,1
Karnataka,Bengaluru,Senior Living,A new senior living community with residential facilities is planned near Bengaluru. after receiving preliminary clearance.,1
Maharashtra,Chhatrapati Sambhajinagar,Technology,A software company has opened a new technology office in Chhatrapati Sambhajinagar. as part of its operational expansion.,0
Goa,Ponda,Hospitality,A beach resort project with 500 guest rooms is proposed in Ponda. after planning authority approval.,1
Goa,Anjuna,Education,A new higher-education campus is being developed on the outskirts of Anjuna.,1
Maharashtra,Thane,Logistics,A major e-commerce logistics hub is being developed near Thane. as part of a major private investment.,1
Maharashtra,Alibaug,Senior Living,A new senior living community with residential facilities is planned near Alibaug.,1
Karnataka,Tumakuru,Finance,A lending platform has launched services in Tumakuru. as part of its market expansion.,0
Karnataka,Manipal,Industrial,Several manufacturing units are expected to operate from a new industrial zone near Manipal.,1
Karnataka,Hassan,Transport,A courier company has launched a new service in Hassan. following a corporate announcement.,0
Maharashtra,Navi Mumbai,Institutional,A research and development campus is being developed near Navi Mumbai. as part of regional infrastructure development.,1
Maharashtra,Nashik,Tourism,A major tourism infrastructure project is proposed near Nashik.,1
Maharashtra,Alibaug,Residential,A developer has acquired land for a large residential township in Alibaug. as part of a major private investment.,1
Goa,Mapusa,Transport,A logistics company has expanded its delivery network in Mapusa.,0
Goa,Margao,Corporate,A consulting company has expanded its office space in Margao. as part of its operational expansion.,0
Goa,Panaji,Logistics,A multi-building logistics park is being developed on the outskirts of Panaji. following an investment proposal.,1
Goa,Morjim,Hospitality,A tourism company has acquired land for a resort development near Morjim. following regulatory approval.,1
Maharashtra,Thane,Logistics,A logistics developer has announced a new large-scale warehouse campus near Thane.,1
Karnataka,Hubballi,Healthcare,A large medical facility with residential accommodation for staff is proposed in Hubballi. as part of a planned expansion.,1
Goa,Calangute,Institutional,A government-supported campus project has received approval in Calangute. as part of regional infrastructure development.,1
Goa,Calangute,Technology,A technology company is recruiting engineers for its Calangute office.,0
Goa,Ponda,Transport,A transport operator has announced new routes from Ponda. according to the company.,0
Maharashtra,Nagpur,Institutional,A public-sector organization has announced development of a new campus in Nagpur.,1
Maharashtra,Mumbai,Small Business,A local electronics shop has expanded in Mumbai.,0
Maharashtra,Nashik,Commercial,A large business district expansion has been announced near Nashik.,1
Goa,Vasco da Gama,Technology,A startup has raised funding to expand its technology operations in Vasco da Gama. following a corporate announcement.,0
Karnataka,Hubballi,Transport,A railway service has announced schedule changes affecting Hubballi. as part of its market expansion.,0
Maharashtra,Nashik,Institutional,A research and development campus is being developed near Nashik. following regulatory approval.,1
Goa,Vasco da Gama,Retail,A national retail company has announced a new store in Vasco da Gama. as part of its regional growth strategy.,0
Maharashtra,Pune,Commercial,A major commercial township has received development approval in Pune. as part of regional infrastructure development.,1
Goa,Ponda,Corporate,A recruitment company has expanded its operations in Ponda.,0
Goa,Calangute,Institutional,An institutional development with multiple buildings has been approved near Calangute. following an investment proposal.,1
Karnataka,Udupi,Tourism,A new eco-tourism development is being evaluated near Udupi. as part of a planned expansion.,1
Goa,Vasco da Gama,Transport,An airline has announced additional flights from Vasco da Gama. following a corporate announcement.,0
Karnataka,Mysuru,Institutional,A government-supported campus project has received approval in Mysuru. after receiving preliminary clearance.,1
Maharashtra,Pune,Industrial,An industrial developer has acquired land for a multi-unit industrial park near Pune. as part of regional infrastructure development.,1
Maharashtra,Alibaug,Hospitality,A tourism company has acquired land for a resort development near Alibaug. after planning authority approval.,1
Goa,Anjuna,Institutional,A government-supported campus project has received approval in Anjuna. as part of a planned expansion.,1
Karnataka,Mysuru,Residential,A new housing project targeting more than 1800 residents has received preliminary approval in Mysuru.,1
Karnataka,Mangaluru,Education,A private university has announced a residential campus project in Mangaluru. following a new project announcement.,1
Maharashtra,Lonavala,Employment,A company has announced hiring for its Lonavala operations. as part of its business expansion.,0
Maharashtra,Thane,Employment,A retail company plans to recruit staff in Thane.,0
Goa,Mapusa,Senior Living,A retirement housing development has received approval in Mapusa. after receiving development permission.,1
Maharashtra,Thane,Employment,A consulting company has announced recruitment in Thane. according to the company announcement.,0
Goa,Mapusa,Residential,"A proposed residential township near Mapusa will include apartments, community facilities and landscaped areas. following the acquisition of land.",1
Karnataka,Bengaluru,Hospitality,A luxury resort with approximately 400 rooms is proposed near Bengaluru.,1
Maharashtra,Kolhapur,Institutional,A research institution is developing a new campus in Kolhapur. after receiving development permission.,1
Karnataka,Udupi,Senior Living,A developer has announced a large assisted-living project near Udupi. following regulatory approval.,1
Goa,Vasco da Gama,Retail,A fashion retailer has opened a new store in Vasco da Gama.,0
Goa,Ponda,Institutional,A large training centre with residential accommodation is planned in Ponda.,1
Goa,Panaji,Residential,A real estate developer has announced a large apartment project in Panaji with multiple residential towers. following a new project announcement.,1
Karnataka,Bengaluru,Finance,A lending platform has launched services in Bengaluru. as part of its regional growth strategy.,0
Karnataka,Hubballi,Retail,A supermarket chain has launched a retail outlet in Hubballi. following a recent launch.,0
Goa,Ponda,Commercial,A major commercial township has received development approval in Ponda. after receiving preliminary clearance.,1
Karnataka,Hassan,Entertainment,A theatre company has announced a performance in Hassan. according to the company announcement.,0
Goa,Anjuna,Corporate,A management consulting company has announced expansion in Anjuna. as part of its business expansion.,0
Karnataka,Coorg,Education,A new university campus with student accommodation is planned near Coorg.,1
Maharashtra,Pune,Hospitality,A luxury resort with approximately 80 rooms is proposed near Pune. following a new project announcement.,1
Goa,Morjim,Residential,Planning authorities have approved a 750-unit housing project near Morjim. after planning authority approval.,1
Karnataka,Tumakuru,Logistics,A logistics developer has announced a new large-scale warehouse campus near Tumakuru. as part of regional infrastructure development.,1
Karnataka,Tumakuru,Hospitality,A luxury resort with approximately 100 rooms is proposed near Tumakuru. following the acquisition of land.,1
Maharashtra,Kolhapur,Institutional,A research and development campus is being developed near Kolhapur. as part of regional infrastructure development.,1
Goa,Margao,Retail,A grocery chain has expanded operations in Margao. according to the company announcement.,0
Karnataka,Manipal,Tourism,A tourism developer has announced a large visitor accommodation project near Manipal.,1
Goa,Baga,Small Business,A small clothing shop has opened in Baga.,0
Karnataka,Hubballi,Healthcare,A new multi-specialty hospital campus is being developed in Hubballi.,1
Goa,Morjim,Residential,A large residential complex with common amenities is under development near Morjim.,1
Goa,Mapusa,Employment,A business process outsourcing company is hiring in Mapusa.,0
Karnataka,Mysuru,Small Business,A local bakery has opened a new outlet in Mysuru. following a corporate announcement.,0
Maharashtra,Chhatrapati Sambhajinagar,Institutional,A research institution is developing a new campus in Chhatrapati Sambhajinagar. following an investment proposal.,1
Maharashtra,Kolhapur,Finance,A financial services company has expanded its operations in Kolhapur.,0
Goa,Baga,Hospitality,A hospitality developer is planning a new property with guest accommodation and recreational facilities near Baga.,1
Maharashtra,Nagpur,Hospitality,A new 750-room hotel project has been announced in Nagpur.,1
Karnataka,Mangaluru,Employment,A consulting company has announced recruitment in Mangaluru. following the latest business update.,0
Karnataka,Hubballi,Institutional,A new administrative and residential campus is proposed near Hubballi.,1
Goa,Panaji,Industrial,An industrial estate with multiple manufacturing units has been approved near Panaji. following a new project announcement.,1
Karnataka,Udupi,Senior Living,A senior residential campus with common facilities is being developed near Udupi. following the acquisition of land.,1
Karnataka,Bengaluru,Entertainment,A streaming company has announced an event in Bengaluru.,0
Maharashtra,Nashik,Hospitality,"A new hospitality complex with restaurants, accommodation and recreational facilities is planned near Nashik.",1
Karnataka,Hassan,Hospitality,A beach resort project with 500 guest rooms is proposed in Hassan. as part of a planned expansion.,1
Maharashtra,Kolhapur,Retail,A clothing company has announced a new retail location in Kolhapur.,0
Goa,Baga,Small Business,A local electronics shop has expanded in Baga.,0
Karnataka,Bengaluru,Logistics,A distribution centre with multiple operational buildings is planned in Bengaluru. after receiving preliminary clearance.,1
Maharashtra,Nagpur,Tourism,A tourism company is planning a new destination project near Nagpur.,1
Karnataka,Udupi,Tourism,Authorities have approved a tourism development project near Udupi. following the acquisition of land.,1
Karnataka,Hubballi,Finance,An insurance company has opened a new office in Hubballi.,0
Karnataka,Hassan,Residential,A major housing project in Hassan has entered the construction approval stage. following an investment proposal.,1
Maharashtra,Chhatrapati Sambhajinagar,Corporate,A consulting company has expanded its office space in Chhatrapati Sambhajinagar. according to local reports.,0
Karnataka,Manipal,Industrial,Construction approval has been granted for an industrial development in Manipal. as part of a planned expansion.,1
Karnataka,Hassan,Residential,A mixed-use residential development with 400 apartments is planned on the outskirts of Hassan. following regulatory approval.,1
Goa,Morjim,Industrial,A large industrial expansion project has been announced near Morjim.,1
Maharashtra,Mumbai,Logistics,A large warehousing and distribution centre is proposed near Mumbai.,1
Goa,Vasco da Gama,Finance,A financial services company has expanded its operations in Vasco da Gama.,0
Karnataka,Hassan,Hospitality,A luxury resort with approximately 150 rooms is proposed near Hassan. after receiving development permission.,1
Karnataka,Manipal,Education,A large educational institution is developing a campus with hostels and dining facilities near Manipal. as part of a major private investment.,1
Goa,Margao,Retail,A national retail company has announced a new store in Margao. following the latest business update.,0
Karnataka,Tumakuru,Industrial,A major industrial company has announced a new production facility near Tumakuru.,1
Goa,Ponda,Retail,A clothing company has announced a new retail location in Ponda.,0
Maharashtra,Chhatrapati Sambhajinagar,Entertainment,A recreational venue has opened in Chhatrapati Sambhajinagar. following a recent launch.,0
Karnataka,Manipal,Institutional,A training and residential facility is proposed near Manipal. after receiving development permission.,1
Goa,Margao,Healthcare,A hospital expansion project will add new patient accommodation and treatment facilities in Margao. after receiving development permission.,1
Goa,Calangute,Commercial,A new corporate campus with multiple buildings is planned near Calangute. as part of regional infrastructure development.,1
Maharashtra,Thane,Institutional,A public-sector organization has announced development of a new campus in Thane. after planning authority approval.,1
Karnataka,Hubballi,Hospitality,A luxury resort with approximately 300 rooms is proposed near Hubballi. as part of regional infrastructure development.,1
Goa,Vasco da Gama,Industrial,A manufacturing complex is planned on the outskirts of Vasco da Gama. following a new project announcement.,1
Maharashtra,Kolhapur,Industrial,An industrial developer has acquired land for a multi-unit industrial park near Kolhapur. following the acquisition of land.,1
Maharashtra,Chhatrapati Sambhajinagar,Transport,An airline has announced additional flights from Chhatrapati Sambhajinagar. according to local reports.,0
Goa,Ponda,Education,A new university campus with student accommodation is planned near Ponda. following an investment proposal.,1
Karnataka,Hassan,Healthcare,A specialty hospital and associated facilities are planned near Hassan. following the acquisition of land.,1
Goa,Calangute,Finance,A financial institution has increased its workforce in Calangute. according to the company.,0
Maharashtra,Nashik,Transport,A logistics company has expanded its delivery network in Nashik. according to the company.,0
Maharashtra,Lonavala,Hospitality,A tourism company has acquired land for a resort development near Lonavala. as part of a planned expansion.,1
Karnataka,Tumakuru,Residential,A new housing project targeting more than 5000 residents has received preliminary approval in Tumakuru. following regulatory approval.,1
Maharashtra,Alibaug,Technology,A software company announced a new digital platform in Alibaug.,0
Maharashtra,Alibaug,Education,A new university development will accommodate several thousand students in Alibaug. following regulatory approval.,1
Goa,Vasco da Gama,Entertainment,An entertainment brand has expanded its operations in Vasco da Gama. as part of its market expansion.,0
Goa,Vasco da Gama,Small Business,A local bakery has opened a new outlet in Vasco da Gama. according to the company.,0
Goa,Candolim,Senior Living,A developer has announced a large assisted-living project near Candolim.,1
Goa,Ponda,Institutional,A large institutional complex with accommodation facilities is planned near Ponda. after planning authority approval.,1
Maharashtra,Alibaug,Corporate,A management consulting company has announced expansion in Alibaug. as part of its operational expansion.,0
Karnataka,Tumakuru,Events,A business conference will be held in Tumakuru.,0
Goa,Ponda,Education,A new university campus with student accommodation is planned near Ponda. as part of regional infrastructure development.,1
Goa,Mapusa,Corporate,A legal services company has opened a new office in Mapusa. following the latest business update.,0
Karnataka,Udupi,Transport,A courier company has launched a new service in Udupi. as part of its business expansion.,0
Goa,Ponda,Technology,A startup has raised funding to expand its technology operations in Ponda. following a recent launch.,0
Goa,Ponda,Events,A public seminar is scheduled in Ponda.,0
Goa,Ponda,Finance,A financial services company has expanded its operations in Ponda. as part of its market expansion.,0
Karnataka,Mangaluru,Entertainment,A theatre company has announced a performance in Mangaluru. as part of its market expansion.,0
Goa,Ponda,Small Business,A small clothing shop has opened in Ponda. as part of its regional growth strategy.,0
Karnataka,Coorg,Residential,"A proposed residential township near Coorg will include apartments, community facilities and landscaped areas. after receiving preliminary clearance.",1
Goa,Baga,Retail,A grocery chain has expanded operations in Baga.,0
Karnataka,Tumakuru,Senior Living,A new senior living community with residential facilities is planned near Tumakuru. after receiving preliminary clearance.,1
Maharashtra,Navi Mumbai,Retail,A fashion retailer has opened a new store in Navi Mumbai. as part of its operational expansion.,0
Karnataka,Udupi,Technology,A software company has opened a new technology office in Udupi. following a recent launch.,0
Goa,Margao,Education,A boarding school campus with residential facilities is proposed near Margao. after planning authority approval.,1
Maharashtra,Nashik,Retail,A national retail company has announced a new store in Nashik. as part of its market expansion.,0
Maharashtra,Pune,Finance,A financial institution has increased its workforce in Pune. according to local reports.,0
Goa,Ponda,Healthcare,A hospital expansion project will add new patient accommodation and treatment facilities in Ponda. after receiving preliminary clearance.,1
Maharashtra,Nashik,Healthcare,A hospital developer has received approval for a new multi-building medical campus in Nashik. as part of regional infrastructure development.,1
Goa,Calangute,Employment,A financial company has announced recruitment in Calangute. according to the company announcement.,0
Maharashtra,Navi Mumbai,Corporate,A business services firm has announced hiring in Navi Mumbai. as part of its market expansion.,0
Karnataka,Mangaluru,Retail,A consumer electronics company has opened a showroom in Mangaluru. following a recent launch.,0
Goa,Morjim,Education,A residential educational campus with hostels and common facilities is planned near Morjim. as part of a major private investment.,1
Maharashtra,Kolhapur,Finance,A bank has opened a new branch in Kolhapur. following the latest business update.,0
Maharashtra,Nashik,Hospitality,A new 500-room hotel project has been announced in Nashik. after planning authority approval.,1
Maharashtra,Nashik,Small Business,A local café has expanded its operations in Nashik. according to the company.,0
Goa,Vasco da Gama,Transport,A transportation company has increased its fleet operations in Vasco da Gama. according to local reports.,0
Maharashtra,Lonavala,Entertainment,A streaming company has announced an event in Lonavala. as part of its business expansion.,0
Goa,Morjim,Retail,A supermarket chain has launched a retail outlet in Morjim.,0
Goa,Morjim,Industrial,A major industrial company has announced a new production facility near Morjim. after receiving development permission.,1
Maharashtra,Chhatrapati Sambhajinagar,Residential,A new housing project targeting more than 2500 residents has received preliminary approval in Chhatrapati Sambhajinagar.,1
Karnataka,Tumakuru,Residential,A RERA-registered residential development comprising 150 apartments has been announced in Tumakuru. following an investment proposal.,1
Goa,Anjuna,Residential,Construction is expected to begin on a new gated community containing approximately 500 homes near Anjuna.,1
Karnataka,Hassan,Residential,A mixed-use residential development with 600 apartments is planned on the outskirts of Hassan.,1
Karnataka,Udupi,Retail,A grocery chain has expanded operations in Udupi. following a corporate announcement.,0
Goa,Anjuna,Tourism,A destination resort and visitor centre is proposed near Anjuna. after receiving preliminary clearance.,1
Goa,Margao,Senior Living,A new senior living community with residential facilities is planned near Margao. as part of a major private investment.,1
Goa,Mapusa,Finance,A lending platform has launched services in Mapusa. as part of its market expansion.,0
Maharashtra,Nagpur,Entertainment,A theatre company has announced a performance in Nagpur. following the latest business update.,0
Goa,Calangute,Events,A trade exhibition will be held in Calangute.,0
Goa,Ponda,Hospitality,A tourism company has acquired land for a resort development near Ponda.,1
Goa,Baga,Senior Living,A new senior living community with residential facilities is planned near Baga. following the acquisition of land.,1
Maharashtra,Alibaug,Institutional,An institutional development with multiple buildings has been approved near Alibaug. after receiving preliminary clearance.,1
Maharashtra,Thane,Senior Living,A retirement housing development has received approval in Thane.,1
Maharashtra,Pune,Education,An educational trust has acquired land for a large institutional campus near Pune. following a new project announcement.,1
Goa,Calangute,Healthcare,A medical institution has announced construction of a new healthcare complex in Calangute. as part of regional infrastructure development.,1
Karnataka,Mangaluru,Retail,A footwear brand has expanded its retail presence in Mangaluru. as part of its regional growth strategy.,0
Goa,Calangute,Finance,An insurance company has opened a new office in Calangute. according to the company announcement.,0
Maharashtra,Alibaug,Education,An educational trust has acquired land for a large institutional campus near Alibaug.,1
Goa,Margao,Logistics,A logistics park with multiple warehouses is planned near Margao. after planning authority approval.,1
Karnataka,Coorg,Transport,A courier company has launched a new service in Coorg. according to the company announcement.,0
Goa,Vasco da Gama,Transport,A railway service has announced schedule changes affecting Vasco da Gama. following a corporate announcement.,0
Maharashtra,Mumbai,Industrial,A new production facility is expected to begin construction in the Mumbai region.,1
Goa,Mapusa,Technology,An IT services company has opened a new corporate office in Mapusa. following a corporate announcement.,0
Karnataka,Hubballi,Hospitality,A large eco-resort project is being evaluated near Hubballi.,1
Karnataka,Mangaluru,Residential,A large residential complex with common amenities is under development near Mangaluru. following a new project announcement.,1
Goa,Ponda,Hospitality,A beach resort project with 200 guest rooms is proposed in Ponda. following an investment proposal.,1
Maharashtra,Mumbai,Healthcare,A new healthcare campus is expected to serve thousands of patients in the Mumbai region.,1
Maharashtra,Alibaug,Healthcare,A new multi-specialty hospital campus is being developed in Alibaug.,1
Goa,Mapusa,Small Business,A small clothing shop has opened in Mapusa. according to local reports.,0
Goa,Vasco da Gama,Education,Planning authorities have approved a new college campus in Vasco da Gama. as part of a major private investment.,1
Karnataka,Hassan,Industrial,Construction approval has been granted for an industrial development in Hassan. following the acquisition of land.,1
Karnataka,Mangaluru,Institutional,A large institutional complex with accommodation facilities is planned near Mangaluru.,1
Goa,Vasco da Gama,Transport,A ride-sharing company has expanded services in Vasco da Gama. following a recent launch.,0
Maharashtra,Nashik,Retail,A supermarket chain has launched a retail outlet in Nashik. according to the company announcement.,0
Karnataka,Bengaluru,Commercial,"A mixed-use development containing offices, retail space and public facilities is proposed near Bengaluru. after planning authority approval.",1
Goa,Calangute,Transport,A ride-sharing company has expanded services in Calangute. according to the company.,0
Karnataka,Hassan,Tourism,A new destination tourism complex is being planned in Hassan. following an investment proposal.,1
Maharashtra,Mumbai,Finance,A financial company has moved into a larger office in Mumbai. as part of its business expansion.,0
Goa,Morjim,Employment,A startup is hiring employees for its Morjim office. following the latest business update.,0
Maharashtra,Kolhapur,Logistics,A freight and warehousing facility has received development approval near Kolhapur. as part of a major private investment.,1
Maharashtra,Chhatrapati Sambhajinagar,Logistics,A multi-building logistics park is being developed on the outskirts of Chhatrapati Sambhajinagar.,1
Goa,Morjim,Transport,A ride-sharing company has expanded services in Morjim. as part of its business expansion.,0
Goa,Calangute,Residential,A real estate developer has announced a large apartment project in Calangute with multiple residential towers.,1
Karnataka,Manipal,Healthcare,A healthcare company has announced a major hospital project near Manipal. following the acquisition of land.,1
Karnataka,Belagavi,Small Business,A neighbourhood pharmacy has opened a new branch in Belagavi.,0
Maharashtra,Mumbai,Commercial,"A mixed-use development containing offices, retail space and public facilities is proposed near Mumbai. after receiving development permission.",1
Karnataka,Manipal,Commercial,A large business district expansion has been announced near Manipal.,1
Goa,Morjim,Institutional,A research institution is developing a new campus in Morjim. following a new project announcement.,1
Maharashtra,Nagpur,Transport,A railway service has announced schedule changes affecting Nagpur. as part of its operational expansion.,0
Karnataka,Coorg,Logistics,A freight and warehousing facility has received development approval near Coorg.,1
Karnataka,Hubballi,Industrial,A new industrial park is being developed near Hubballi.,1
Karnataka,Mangaluru,Retail,A grocery chain has expanded operations in Mangaluru. according to the company announcement.,0
Goa,Panaji,Technology,A technology firm has expanded its office operations in Panaji.,0
Karnataka,Mangaluru,Industrial,Construction approval has been granted for an industrial development in Mangaluru. following regulatory approval.,1
Goa,Calangute,Retail,A grocery chain has expanded operations in Calangute.,0
Karnataka,Manipal,Senior Living,A senior residential campus with common facilities is being developed near Manipal. following the acquisition of land.,1
Maharashtra,Nashik,Events,A cultural festival is scheduled to take place in Nashik. following the latest business update.,0
Goa,Mapusa,Tourism,A tourism company is planning a new destination project near Mapusa. following a new project announcement.,1
Goa,Anjuna,Logistics,A multi-building logistics park is being developed on the outskirts of Anjuna. as part of regional infrastructure development.,1
Maharashtra,Thane,Healthcare,A private healthcare group is acquiring land for a new hospital near Thane. as part of a planned expansion.,1
Karnataka,Hassan,Logistics,A freight and warehousing facility has received development approval near Hassan. after planning authority approval.,1
Goa,Candolim,Institutional,A large institutional campus is planned near Candolim. following an investment proposal.,1
Goa,Morjim,Healthcare,A hospital expansion project will add new patient accommodation and treatment facilities in Morjim. after receiving development permission.,1
Goa,Mapusa,Finance,A bank has opened a new branch in Mapusa. as part of its operational expansion.,0
Goa,Morjim,Hospitality,A large eco-resort project is being evaluated near Morjim.,1
Maharashtra,Kolhapur,Transport,A logistics company has expanded its delivery network in Kolhapur. following a recent launch.,0
Karnataka,Hassan,Commercial,A large commercial complex is planned in Hassan. as part of a planned expansion.,1
Goa,Mapusa,Education,Planning authorities have approved a new college campus in Mapusa.,1
Karnataka,Tumakuru,Events,A sports event is planned in Tumakuru. as part of its operational expansion.,0
Maharashtra,Navi Mumbai,Retail,A fashion retailer has opened a new store in Navi Mumbai. according to the company announcement.,0
Karnataka,Hubballi,Institutional,A government-supported campus project has received approval in Hubballi. after receiving development permission.,1
Maharashtra,Thane,Transport,An airline has announced additional flights from Thane. following the latest business update.,0
Maharashtra,Mumbai,Entertainment,A recreational venue has opened in Mumbai. according to the company announcement.,0
Maharashtra,Nagpur,Technology,An IT company announced plans to increase its workforce in Nagpur. following the latest business update.,0
Karnataka,Mangaluru,Residential,A new housing project targeting more than 5000 residents has received preliminary approval in Mangaluru. following the acquisition of land.,1
Karnataka,Bengaluru,Industrial,An industrial estate with multiple manufacturing units has been approved near Bengaluru.,1
Goa,Panaji,Senior Living,A developer has announced a large assisted-living project near Panaji. as part of a planned expansion.,1
Maharashtra,Navi Mumbai,Small Business,A local electronics shop has expanded in Navi Mumbai. as part of its market expansion.,0
Maharashtra,Navi Mumbai,Logistics,A major e-commerce logistics hub is being developed near Navi Mumbai. as part of regional infrastructure development.,1
Maharashtra,Nagpur,Education,A new university campus with student accommodation is planned near Nagpur.,1
Karnataka,Hassan,Industrial,A manufacturing complex is planned on the outskirts of Hassan.,1
Karnataka,Manipal,Senior Living,A developer has announced a large assisted-living project near Manipal. following an investment proposal.,1
Karnataka,Udupi,Institutional,A research and development campus is being developed near Udupi. following an investment proposal.,1
Karnataka,Belagavi,Events,A music event has been announced in Belagavi. according to the company.,0
Karnataka,Hubballi,Residential,A major housing project in Hubballi has entered the construction approval stage. as part of a major private investment.,1
Karnataka,Udupi,Employment,A company has announced hiring for its Udupi operations. as part of its operational expansion.,0
Goa,Candolim,Technology,A technology startup has launched a new software product from Candolim. according to the company announcement.,0
Maharashtra,Pune,Technology,An IT company announced plans to increase its workforce in Pune. according to local reports.,0
Goa,Panaji,Tourism,A large visitor facility with accommodation and recreational infrastructure is proposed near Panaji. following a new project announcement.,1
Goa,Morjim,Institutional,A public-sector organization has announced development of a new campus in Morjim.,1
Maharashtra,Chhatrapati Sambhajinagar,Finance,A fintech company has launched a new service in Chhatrapati Sambhajinagar. as part of its operational expansion.,0
Maharashtra,Nagpur,Events,A sports event is planned in Nagpur. according to the company.,0
Goa,Vasco da Gama,Commercial,A large shopping and commercial complex is proposed near Vasco da Gama.,1
Maharashtra,Lonavala,Transport,A transport operator has announced new routes from Lonavala.,0
Karnataka,Mysuru,Logistics,A logistics company has acquired land for a new distribution hub near Mysuru. following regulatory approval.,1
Goa,Morjim,Commercial,A large business district expansion has been announced near Morjim. as part of regional infrastructure development.,1
Goa,Anjuna,Hospitality,A beach resort project with 120 guest rooms is proposed in Anjuna. after receiving preliminary clearance.,1
Maharashtra,Kolhapur,Education,A large educational institution is developing a campus with hostels and dining facilities near Kolhapur. after receiving preliminary clearance.,1
Maharashtra,Alibaug,Finance,A banking company has announced expansion of its branch network in Alibaug.,0
Maharashtra,Mumbai,Employment,A company has announced hiring for its Mumbai operations. according to the company announcement.,0
Karnataka,Bengaluru,Healthcare,A hospital expansion project will add new patient accommodation and treatment facilities in Bengaluru. as part of regional infrastructure development.,1
Maharashtra,Pune,Technology,A technology company is recruiting engineers for its Pune office.,0
Maharashtra,Kolhapur,Corporate,A legal services company has opened a new office in Kolhapur. as part of its business expansion.,0
Goa,Baga,Tourism,A tourism developer has announced a large visitor accommodation project near Baga. following the acquisition of land.,1
Maharashtra,Kolhapur,Education,A boarding school campus with residential facilities is proposed near Kolhapur. after receiving preliminary clearance.,1
Maharashtra,Pune,Transport,An airline has announced additional flights from Pune. according to local reports.,0
Karnataka,Mysuru,Retail,A grocery chain has expanded operations in Mysuru. as part of its operational expansion.,0
Karnataka,Manipal,Residential,A real estate developer has announced a large apartment project in Manipal with multiple residential towers. following an investment proposal.,1
Karnataka,Tumakuru,Transport,A logistics company has expanded its delivery network in Tumakuru. as part of its market expansion.,0
Karnataka,Hassan,Transport,A courier company has launched a new service in Hassan. as part of its operational expansion.,0
Goa,Ponda,Entertainment,A recreational venue has opened in Ponda. following the latest business update.,0
Karnataka,Hassan,Hospitality,A new 120-room hotel project has been announced in Hassan. as part of a planned expansion.,1
Goa,Anjuna,Logistics,A logistics developer has announced a new large-scale warehouse campus near Anjuna. after planning authority approval.,1
Goa,Morjim,Commercial,A mixed-use property development with offices and retail facilities is planned in Morjim. after planning authority approval.,1
Goa,Morjim,Transport,A ride-sharing company has expanded services in Morjim.,0
Goa,Baga,Commercial,A mixed-use property development with offices and retail facilities is planned in Baga. following an investment proposal.,1
Goa,Anjuna,Technology,A software company announced a new digital platform in Anjuna.,0
Maharashtra,Kolhapur,Small Business,A convenience store has opened a new location in Kolhapur. as part of its regional growth strategy.,0
Goa,Calangute,Tourism,A new eco-tourism development is being evaluated near Calangute. after receiving development permission.,1
Karnataka,Belagavi,Hospitality,A hospitality developer is planning a new property with guest accommodation and recreational facilities near Belagavi. following an investment proposal.,1
Maharashtra,Navi Mumbai,Finance,An insurance company has opened a new office in Navi Mumbai. as part of its market expansion.,0
Goa,Margao,Entertainment,A gaming centre has opened in Margao.,0
Maharashtra,Lonavala,Logistics,A new supply-chain facility with employee amenities is planned near Lonavala. after receiving preliminary clearance.,1
Goa,Anjuna,Industrial,Several manufacturing units are expected to operate from a new industrial zone near Anjuna.,1
Goa,Ponda,Industrial,An industrial estate with multiple manufacturing units has been approved near Ponda.,1
Maharashtra,Mumbai,Technology,A software company has opened a new technology office in Mumbai. following a recent launch.,0
Karnataka,Mangaluru,Transport,A bus operator has introduced a new route connecting Mangaluru.,0
Maharashtra,Mumbai,Logistics,A logistics park with multiple warehouses is planned near Mumbai. following the acquisition of land.,1
Goa,Panaji,Healthcare,A new multi-specialty hospital campus is being developed in Panaji. after planning authority approval.,1
Karnataka,Belagavi,Residential,Planning authorities have approved a 250-unit housing project near Belagavi.,1
Goa,Anjuna,Retail,A fashion retailer has opened a new store in Anjuna. following the latest business update.,0
Maharashtra,Nagpur,Transport,A transportation company has increased its fleet operations in Nagpur. according to the company.,0
Karnataka,Bengaluru,Small Business,A convenience store has opened a new location in Bengaluru. following a recent launch.,0
Maharashtra,Mumbai,Senior Living,A retirement community with healthcare and accommodation facilities is proposed in Mumbai. following a new project announcement.,1
Karnataka,Mangaluru,Healthcare,A private healthcare group is acquiring land for a new hospital near Mangaluru. following regulatory approval.,1
Goa,Mapusa,Events,A cultural festival is scheduled to take place in Mapusa. according to the company announcement.,0
Karnataka,Mangaluru,Institutional,A new administrative and residential campus is proposed near Mangaluru. following an investment proposal.,1
Maharashtra,Pune,Residential,A large residential complex with common amenities is under development near Pune. as part of a major private investment.,1
Maharashtra,Mumbai,Corporate,A professional services firm has opened a new office in Mumbai.,0
Karnataka,Hubballi,Employment,A company has announced hiring for its Hubballi operations. following a recent launch.,0
Karnataka,Hassan,Residential,A large residential complex with common amenities is under development near Hassan. after planning authority approval.,1
Goa,Candolim,Transport,A transportation company has increased its fleet operations in Candolim. according to the company announcement.,0
Maharashtra,Alibaug,Entertainment,A theatre company has announced a performance in Alibaug. according to the company announcement.,0
Maharashtra,Kolhapur,Institutional,A public-sector organization has announced development of a new campus in Kolhapur.,1
Karnataka,Hubballi,Transport,A transport operator has announced new routes from Hubballi.,0
Maharashtra,Nashik,Employment,A business process outsourcing company is hiring in Nashik. as part of its regional growth strategy.,0
Karnataka,Coorg,Logistics,A large warehousing and distribution centre is proposed near Coorg. following regulatory approval.,1
Maharashtra,Pune,Senior Living,A retirement housing development has received approval in Pune. following a new project announcement.,1
Goa,Calangute,Employment,A corporate employer has announced new vacancies in Calangute.,0
Karnataka,Mysuru,Healthcare,A new healthcare campus is expected to serve thousands of patients in the Mysuru region. as part of a planned expansion.,1
Goa,Calangute,Industrial,Construction approval has been granted for an industrial development in Calangute. as part of regional infrastructure development.,1
Maharashtra,Nagpur,Employment,A retail company plans to recruit staff in Nagpur. according to the company announcement.,0
Karnataka,Manipal,Employment,A consulting company has announced recruitment in Manipal.,0
Maharashtra,Nagpur,Entertainment,A gaming centre has opened in Nagpur. as part of its market expansion.,0
Goa,Panaji,Entertainment,A streaming company has announced an event in Panaji. following a corporate announcement.,0
Karnataka,Udupi,Commercial,A developer has announced a multi-building commercial project in Udupi.,1
Maharashtra,Chhatrapati Sambhajinagar,Education,Planning authorities have approved a new college campus in Chhatrapati Sambhajinagar.,1
Karnataka,Coorg,Small Business,A convenience store has opened a new location in Coorg.,0
Karnataka,Mysuru,Events,A cultural festival is scheduled to take place in Mysuru. following the latest business update.,0
Karnataka,Mysuru,Finance,A banking company has announced expansion of its branch network in Mysuru. according to the company announcement.,0
Maharashtra,Mumbai,Corporate,A business services firm has announced hiring in Mumbai. following a recent launch.,0
Maharashtra,Kolhapur,Finance,A lending platform has launched services in Kolhapur. as part of its regional growth strategy.,0
Maharashtra,Thane,Retail,A national retail company has announced a new store in Thane.,0
Karnataka,Belagavi,Healthcare,A medical institution has announced construction of a new healthcare complex in Belagavi.,1
Goa,Calangute,Small Business,A small fitness studio has opened in Calangute.,0
Karnataka,Belagavi,Logistics,A warehouse complex covering a large industrial area is proposed near Belagavi. following a new project announcement.,1
Karnataka,Mangaluru,Events,A business networking event will take place in Mangaluru. as part of its regional growth strategy.,0
Goa,Calangute,Transport,An airline has announced additional flights from Calangute. following the latest business update.,0
Karnataka,Mangaluru,Institutional,A training and residential facility is proposed near Mangaluru. as part of a planned expansion.,1
Maharashtra,Mumbai,Logistics,A logistics park with multiple warehouses is planned near Mumbai. as part of regional infrastructure development.,1
Karnataka,Hassan,Tourism,A major tourism investment has been announced near Hassan.,1
Karnataka,Bengaluru,Small Business,A local café has expanded its operations in Bengaluru.,0
Maharashtra,Lonavala,Small Business,A small clothing shop has opened in Lonavala. according to local reports.,0
Goa,Margao,Senior Living,A senior residential campus with common facilities is being developed near Margao. following an investment proposal.,1
Karnataka,Mysuru,Finance,A fintech company has launched a new service in Mysuru. according to local reports.,0
Maharashtra,Thane,Institutional,A public-sector organization has announced development of a new campus in Thane. as part of regional infrastructure development.,1
Maharashtra,Mumbai,Entertainment,A recreational venue has opened in Mumbai.,0
Karnataka,Hubballi,Senior Living,A senior residential campus with common facilities is being developed near Hubballi. after receiving preliminary clearance.,1
Karnataka,Manipal,Retail,A clothing company has announced a new retail location in Manipal.,0
Goa,Vasco da Gama,Finance,An insurance company has opened a new office in Vasco da Gama. following a recent launch.,0
Karnataka,Hubballi,Industrial,Construction approval has been granted for an industrial development in Hubballi. after receiving development permission.,1
Karnataka,Tumakuru,Hospitality,A new business hotel is planned near the commercial district of Tumakuru.,1
Maharashtra,Nagpur,Small Business,A small fitness studio has opened in Nagpur.,0
Maharashtra,Mumbai,Hospitality,A hospitality developer is planning a new property with guest accommodation and recreational facilities near Mumbai. as part of a major private investment.,1
Karnataka,Udupi,Commercial,Construction is expected to begin on a large commercial development in Udupi. after receiving development permission.,1
Goa,Calangute,Industrial,An industrial estate with multiple manufacturing units has been approved near Calangute. following the acquisition of land.,1
Karnataka,Tumakuru,Tourism,A new eco-tourism development is being evaluated near Tumakuru. as part of a planned expansion.,1
Goa,Mapusa,Small Business,A local electronics shop has expanded in Mapusa. as part of its regional growth strategy.,0
Goa,Anjuna,Events,A music event has been announced in Anjuna. according to the company announcement.,0
Goa,Candolim,Events,A sports event is planned in Candolim. as part of its operational expansion.,0
Maharashtra,Lonavala,Small Business,A local café has expanded its operations in Lonavala. as part of its operational expansion.,0
Goa,Mapusa,Corporate,A management consulting company has announced expansion in Mapusa. following the latest business update.,0
Karnataka,Manipal,Commercial,A major commercial township has received development approval in Manipal. as part of a planned expansion.,1
Maharashtra,Lonavala,Transport,A ride-sharing company has expanded services in Lonavala. as part of its market expansion.,0
Karnataka,Manipal,Senior Living,A retirement community with healthcare and accommodation facilities is proposed in Manipal. as part of a major private investment.,1
Goa,Panaji,Hospitality,A new 750-room hotel project has been announced in Panaji. as part of a major private investment.,1
Karnataka,Bengaluru,Retail,A supermarket chain has launched a retail outlet in Bengaluru. according to the company.,0
Karnataka,Belagavi,Technology,A technology startup has launched a new software product from Belagavi.,0
Maharashtra,Chhatrapati Sambhajinagar,Technology,A startup has raised funding to expand its technology operations in Chhatrapati Sambhajinagar. as part of its business expansion.,0
Karnataka,Udupi,Entertainment,A gaming centre has opened in Udupi. following a recent launch.,0
Maharashtra,Nagpur,Education,A new university development will accommodate several thousand students in Nagpur.,1
Maharashtra,Nashik,Residential,Construction is expected to begin on a new gated community containing approximately 2500 homes near Nashik.,1
Goa,Baga,Residential,A developer has acquired land for a large residential township in Baga. following regulatory approval.,1
Goa,Vasco da Gama,Corporate,A corporate advisory company has increased its presence in Vasco da Gama.,0
Maharashtra,Nagpur,Institutional,A public-sector organization has announced development of a new campus in Nagpur. after planning authority approval.,1
Goa,Candolim,Employment,A business process outsourcing company is hiring in Candolim.,0
Karnataka,Mysuru,Senior Living,A new senior living community with residential facilities is planned near Mysuru. following an investment proposal.,1
Maharashtra,Nagpur,Senior Living,A new senior living community with residential facilities is planned near Nagpur. as part of regional infrastructure development.,1
Maharashtra,Pune,Finance,An insurance company has opened a new office in Pune.,0
Goa,Candolim,Education,A university expansion will include new student residences and academic buildings in Candolim. after planning authority approval.,1
Karnataka,Hassan,Employment,A corporate employer has announced new vacancies in Hassan. following the latest business update.,0
Goa,Calangute,Entertainment,A streaming company has announced an event in Calangute.,0
Karnataka,Bengaluru,Small Business,A local electronics shop has expanded in Bengaluru.,0
Maharashtra,Alibaug,Tourism,Authorities have approved a tourism development project near Alibaug. following regulatory approval.,1
Maharashtra,Nashik,Small Business,A restaurant has launched a new location in Nashik. according to local reports.,0
Goa,Mapusa,Entertainment,A cinema chain has announced a new screen in Mapusa.,0
Goa,Panaji,Education,A boarding school campus with residential facilities is proposed near Panaji. as part of regional infrastructure development.,1
Maharashtra,Lonavala,Tourism,A tourism infrastructure expansion is planned in the Lonavala region. following a new project announcement.,1
Karnataka,Hassan,Commercial,A large shopping and commercial complex is proposed near Hassan.,1
Goa,Calangute,Hospitality,A luxury resort with approximately 150 rooms is proposed near Calangute.,1
Maharashtra,Kolhapur,Small Business,A local café has expanded its operations in Kolhapur. following the latest business update.,0
Maharashtra,Kolhapur,Commercial,A major commercial township has received development approval in Kolhapur. as part of regional infrastructure development.,1
Goa,Morjim,Industrial,A large manufacturing campus with employee facilities is proposed near Morjim. as part of a planned expansion.,1
Maharashtra,Chhatrapati Sambhajinagar,Technology,A technology firm has expanded its office operations in Chhatrapati Sambhajinagar.,0
Maharashtra,Pune,Entertainment,An entertainment company has launched a new venue in Pune. according to the company announcement.,0
Maharashtra,Nashik,Residential,"A proposed residential township near Nashik will include apartments, community facilities and landscaped areas. following the acquisition of land.",1
Goa,Anjuna,Residential,A new housing project targeting more than 5000 residents has received preliminary approval in Anjuna. following a new project announcement.,1
Karnataka,Bengaluru,Entertainment,A cinema chain has announced a new screen in Bengaluru. as part of its market expansion.,0
Maharashtra,Chhatrapati Sambhajinagar,Technology,An IT services company has opened a new corporate office in Chhatrapati Sambhajinagar. as part of its business expansion.,0
Karnataka,Udupi,Technology,A technology firm has expanded its office operations in Udupi. following a recent launch.,0
Maharashtra,Chhatrapati Sambhajinagar,Events,A cultural festival is scheduled to take place in Chhatrapati Sambhajinagar.,0
Karnataka,Tumakuru,Retail,A lifestyle brand has opened its latest outlet in Tumakuru. as part of its regional growth strategy.,0
Karnataka,Tumakuru,Retail,A grocery chain has expanded operations in Tumakuru. as part of its regional growth strategy.,0
Karnataka,Tumakuru,Technology,A technology startup has launched a new software product from Tumakuru. according to the company announcement.,0
Goa,Baga,Healthcare,Planning authorities have approved a new medical campus in Baga. following the acquisition of land.,1
Goa,Margao,Hospitality,A new 300-room hotel project has been announced in Margao. after planning authority approval.,1
Maharashtra,Nagpur,Finance,A financial company has moved into a larger office in Nagpur. according to local reports.,0
Karnataka,Mangaluru,Healthcare,A healthcare company has announced a major hospital project near Mangaluru. after planning authority approval.,1
Goa,Vasco da Gama,Tourism,A new destination tourism complex is being planned in Vasco da Gama. following a new project announcement.,1
Karnataka,Mysuru,Education,A new university campus with student accommodation is planned near Mysuru. following the acquisition of land.,1
Karnataka,Tumakuru,Logistics,A large warehousing and distribution centre is proposed near Tumakuru. following an investment proposal.,1
Goa,Anjuna,Residential,A mixed-use residential development with 150 apartments is planned on the outskirts of Anjuna. following an investment proposal.,1
Goa,Anjuna,Senior Living,A developer has announced a large assisted-living project near Anjuna.,1
Karnataka,Hubballi,Small Business,A local electronics shop has expanded in Hubballi. following a recent launch.,0
Karnataka,Coorg,Tourism,A large visitor facility with accommodation and recreational infrastructure is proposed near Coorg. as part of a major private investment.,1
Karnataka,Hubballi,Transport,A transportation company has increased its fleet operations in Hubballi. as part of its regional growth strategy.,0
Karnataka,Hubballi,Hospitality,A hospitality developer is planning a new property with guest accommodation and recreational facilities near Hubballi. following the acquisition of land.,1
Karnataka,Mysuru,Institutional,A large training centre with residential accommodation is planned in Mysuru.,1
Goa,Vasco da Gama,Logistics,A multi-building logistics park is being developed on the outskirts of Vasco da Gama.,1
Goa,Ponda,Logistics,A major e-commerce logistics hub is being developed near Ponda.,1
Maharashtra,Nashik,Hospitality,A new 150-room hotel project has been announced in Nashik.,1
Maharashtra,Alibaug,Small Business,A convenience store has opened a new location in Alibaug. according to the company.,0
Maharashtra,Nashik,Small Business,A restaurant has launched a new location in Nashik. according to the company announcement.,0
Karnataka,Hassan,Transport,A transport operator has announced new routes from Hassan. according to the company.,0
Karnataka,Bengaluru,Technology,An IT company announced plans to increase its workforce in Bengaluru. as part of its business expansion.,0
Maharashtra,Nashik,Small Business,A small clothing shop has opened in Nashik. as part of its regional growth strategy.,0
Karnataka,Mysuru,Employment,A consulting company has announced recruitment in Mysuru.,0
Goa,Panaji,Institutional,A government-supported campus project has received approval in Panaji.,1
Goa,Calangute,Institutional,A public-sector organization has announced development of a new campus in Calangute. following the acquisition of land.,1
Maharashtra,Nagpur,Events,A technology conference will attract visitors to Nagpur.,0
Goa,Anjuna,Institutional,A new administrative and residential campus is proposed near Anjuna. following a new project announcement.,1
Karnataka,Udupi,Senior Living,A senior residential campus with common facilities is being developed near Udupi.,1
Karnataka,Hubballi,Small Business,A small clothing shop has opened in Hubballi.,0
Goa,Candolim,Technology,A technology startup has launched a new software product from Candolim.,0
Maharashtra,Mumbai,Tourism,A tourism company is planning a new destination project near Mumbai.,1
Karnataka,Mangaluru,Tourism,A new destination tourism complex is being planned in Mangaluru. following the acquisition of land.,1
Goa,Ponda,Finance,A financial services company has expanded its operations in Ponda. according to local reports.,0
Goa,Calangute,Transport,A ride-sharing company has expanded services in Calangute. as part of its business expansion.,0
Maharashtra,Thane,Technology,A software company announced a new digital platform in Thane.,0
Maharashtra,Lonavala,Tourism,A major tourism infrastructure project is proposed near Lonavala. after planning authority approval.,1
Goa,Ponda,Commercial,A new corporate campus with multiple buildings is planned near Ponda. following an investment proposal.,1
Goa,Anjuna,Events,A business conference will be held in Anjuna. following a recent launch.,0
Maharashtra,Nashik,Technology,A software company announced a new digital platform in Nashik. as part of its market expansion.,0
Karnataka,Hubballi,Small Business,A local bakery has opened a new outlet in Hubballi. as part of its operational expansion.,0
Karnataka,Tumakuru,Transport,A transportation company has increased its fleet operations in Tumakuru. following a corporate announcement.,0
Maharashtra,Alibaug,Small Business,A local café has expanded its operations in Alibaug.,0
Goa,Anjuna,Events,A technology conference will attract visitors to Anjuna. according to local reports.,0
Goa,Margao,Institutional,A large institutional complex with accommodation facilities is planned near Margao.,1
Goa,Candolim,Institutional,A training and residential facility is proposed near Candolim. after receiving development permission.,1
Maharashtra,Navi Mumbai,Tourism,A large visitor facility with accommodation and recreational infrastructure is proposed near Navi Mumbai. as part of regional infrastructure development.,1
Karnataka,Hubballi,Industrial,A large industrial expansion project has been announced near Hubballi.,1
Goa,Baga,Transport,A transport operator has announced new routes from Baga.,0
Karnataka,Hassan,Industrial,A manufacturing complex is planned on the outskirts of Hassan. following the acquisition of land.,1
Karnataka,Tumakuru,Logistics,A multi-building logistics park is being developed on the outskirts of Tumakuru.,1
Maharashtra,Lonavala,Small Business,A neighbourhood pharmacy has opened a new branch in Lonavala.,0
Karnataka,Hubballi,Events,A trade exhibition will be held in Hubballi.,0
Karnataka,Tumakuru,Employment,A technology firm plans to recruit additional employees in Tumakuru. as part of its operational expansion.,0
Goa,Calangute,Senior Living,A retirement housing development has received approval in Calangute. following the acquisition of land.,1
Karnataka,Mangaluru,Transport,An airline has announced additional flights from Mangaluru. according to local reports.,0
Goa,Baga,Industrial,Several manufacturing units are expected to operate from a new industrial zone near Baga. following the acquisition of land.,1
Karnataka,Manipal,Events,A music event has been announced in Manipal.,0
Maharashtra,Pune,Finance,A financial company has moved into a larger office in Pune.,0
Maharashtra,Lonavala,Transport,A transport operator has announced new routes from Lonavala. as part of its operational expansion.,0
Goa,Ponda,Hospitality,A large eco-resort project is being evaluated near Ponda.,1
Goa,Ponda,Commercial,A large commercial complex is planned in Ponda. as part of a planned expansion.,1
Goa,Margao,Industrial,Construction approval has been granted for an industrial development in Margao. as part of a major private investment.,1
Goa,Morjim,Healthcare,A healthcare company has announced a major hospital project near Morjim. after planning authority approval.,1
Goa,Baga,Technology,A startup has raised funding to expand its technology operations in Baga. as part of its market expansion.,0
Karnataka,Tumakuru,Hospitality,A tourism company has acquired land for a resort development near Tumakuru. after planning authority approval.,1
Karnataka,Hassan,Technology,A software company has opened a new technology office in Hassan.,0
Maharashtra,Nagpur,Residential,A real estate developer has announced a large apartment project in Nagpur with multiple residential towers. following an investment proposal.,1
Goa,Margao,Commercial,A developer has announced a multi-building commercial project in Margao. following the acquisition of land.,1
Maharashtra,Thane,Employment,A retail company plans to recruit staff in Thane. as part of its regional growth strategy.,0
Goa,Panaji,Finance,A banking company has announced expansion of its branch network in Panaji.,0
Maharashtra,Chhatrapati Sambhajinagar,Events,A music event has been announced in Chhatrapati Sambhajinagar.,0
Maharashtra,Mumbai,Finance,An insurance company has opened a new office in Mumbai.,0
Maharashtra,Alibaug,Senior Living,A senior residential campus with common facilities is being developed near Alibaug. after receiving development permission.,1
Maharashtra,Kolhapur,Logistics,A logistics developer has announced a new large-scale warehouse campus near Kolhapur. following an investment proposal.,1
Maharashtra,Kolhapur,Senior Living,A retirement community with healthcare and accommodation facilities is proposed in Kolhapur. after receiving development permission.,1
Maharashtra,Chhatrapati Sambhajinagar,Healthcare,A specialty hospital and associated facilities are planned near Chhatrapati Sambhajinagar.,1
Maharashtra,Mumbai,Corporate,A business services firm has announced hiring in Mumbai. following the latest business update.,0
Maharashtra,Alibaug,Retail,A lifestyle brand has opened its latest outlet in Alibaug. as part of its market expansion.,0
Maharashtra,Chhatrapati Sambhajinagar,Tourism,A new destination tourism complex is being planned in Chhatrapati Sambhajinagar. as part of a planned expansion.,1
Maharashtra,Lonavala,Industrial,A new industrial park is being developed near Lonavala.,1
Karnataka,Udupi,Residential,A real estate developer has announced a large apartment project in Udupi with multiple residential towers.,1
Goa,Morjim,Institutional,A large training centre with residential accommodation is planned in Morjim. as part of a planned expansion.,1
Goa,Vasco da Gama,Education,A boarding school campus with residential facilities is proposed near Vasco da Gama. as part of a planned expansion.,1
Goa,Mapusa,Commercial,A large business district expansion has been announced near Mapusa. following regulatory approval.,1
Maharashtra,Kolhapur,Employment,A startup is hiring employees for its Kolhapur office.,0
Karnataka,Mysuru,Logistics,A distribution centre with multiple operational buildings is planned in Mysuru. following regulatory approval.,1
Goa,Candolim,Corporate,A professional services firm has opened a new office in Candolim. following a recent launch.,0
Maharashtra,Navi Mumbai,Events,A trade exhibition will be held in Navi Mumbai. following a corporate announcement.,0
Karnataka,Manipal,Transport,A courier company has launched a new service in Manipal. according to the company.,0
Karnataka,Coorg,Residential,"A proposed residential township near Coorg will include apartments, community facilities and landscaped areas. as part of regional infrastructure development.",1
Goa,Anjuna,Corporate,A corporate services company has increased its workforce in Anjuna. as part of its regional growth strategy.,0
Goa,Calangute,Transport,A railway service has announced schedule changes affecting Calangute. as part of its regional growth strategy.,0
Karnataka,Coorg,Residential,A major housing project in Coorg has entered the construction approval stage.,1
Karnataka,Mysuru,Retail,A footwear brand has expanded its retail presence in Mysuru. according to the company announcement.,0
Karnataka,Coorg,Tourism,A new destination tourism complex is being planned in Coorg. as part of a major private investment.,1
Maharashtra,Nashik,Logistics,A major e-commerce logistics hub is being developed near Nashik. after receiving preliminary clearance.,1
Maharashtra,Chhatrapati Sambhajinagar,Residential,A real estate developer has announced a large apartment project in Chhatrapati Sambhajinagar with multiple residential towers.,1
Maharashtra,Nagpur,Commercial,A large business district expansion has been announced near Nagpur. following an investment proposal.,1
Karnataka,Hubballi,Industrial,A new production facility is expected to begin construction in the Hubballi region.,1
Karnataka,Bengaluru,Tourism,Authorities have approved a tourism development project near Bengaluru. following an investment proposal.,1
Goa,Margao,Senior Living,A retirement community with healthcare and accommodation facilities is proposed in Margao. as part of a major private investment.,1
Maharashtra,Mumbai,Commercial,A large shopping and commercial complex is proposed near Mumbai. after receiving preliminary clearance.,1
Goa,Candolim,Entertainment,An entertainment brand has expanded its operations in Candolim. according to local reports.,0
Goa,Baga,Events,A business conference will be held in Baga. following the latest business update.,0
Karnataka,Manipal,Residential,A major housing project in Manipal has entered the construction approval stage.,1
Goa,Mapusa,Entertainment,A streaming company has announced an event in Mapusa.,0
Goa,Ponda,Employment,A corporate employer has announced new vacancies in Ponda.,0
Karnataka,Bengaluru,Technology,A technology firm has expanded its office operations in Bengaluru.,0
Karnataka,Mangaluru,Corporate,A business services firm has announced hiring in Mangaluru. as part of its operational expansion.,0
Goa,Vasco da Gama,Logistics,A logistics park with multiple warehouses is planned near Vasco da Gama. after planning authority approval.,1
Maharashtra,Mumbai,Institutional,A research and development campus is being developed near Mumbai. after receiving preliminary clearance.,1
Karnataka,Udupi,Industrial,Construction approval has been granted for an industrial development in Udupi. following a new project announcement.,1
Goa,Candolim,Events,A music event has been announced in Candolim.,0
Maharashtra,Alibaug,Retail,A lifestyle brand has opened its latest outlet in Alibaug.,0
Karnataka,Hubballi,Institutional,A training and residential facility is proposed near Hubballi. following an investment proposal.,1
Goa,Baga,Institutional,A public-sector organization has announced development of a new campus in Baga. after planning authority approval.,1
Goa,Candolim,Industrial,A large industrial expansion project has been announced near Candolim. following a new project announcement.,1
Goa,Margao,Tourism,Authorities have approved a tourism development project near Margao. following an investment proposal.,1
Goa,Candolim,Senior Living,A senior residential campus with common facilities is being developed near Candolim.,1
Maharashtra,Thane,Senior Living,A new senior living community with residential facilities is planned near Thane. as part of a major private investment.,1
Goa,Vasco da Gama,Healthcare,A private healthcare group is acquiring land for a new hospital near Vasco da Gama. as part of a major private investment.,1
Karnataka,Mysuru,Events,A public seminar is scheduled in Mysuru. according to the company announcement.,0
Goa,Baga,Small Business,A small fitness studio has opened in Baga. according to the company announcement.,0
Maharashtra,Nashik,Transport,A railway service has announced schedule changes affecting Nashik.,0
Karnataka,Hassan,Industrial,A manufacturing complex is planned on the outskirts of Hassan. following regulatory approval.,1
Goa,Panaji,Senior Living,A retirement housing development has received approval in Panaji. following the acquisition of land.,1
Karnataka,Mysuru,Finance,A fintech company has launched a new service in Mysuru. following a recent launch.,0
Maharashtra,Kolhapur,Technology,A technology company is recruiting engineers for its Kolhapur office.,0
Karnataka,Udupi,Education,A boarding school campus with residential facilities is proposed near Udupi. after planning authority approval.,1
Goa,Candolim,Commercial,"A mixed-use development containing offices, retail space and public facilities is proposed near Candolim.",1
Karnataka,Manipal,Senior Living,A retirement housing development has received approval in Manipal. as part of regional infrastructure development.,1
Goa,Margao,Retail,A grocery chain has expanded operations in Margao. as part of its business expansion.,0
Karnataka,Mysuru,Events,A sports event is planned in Mysuru. as part of its business expansion.,0
Goa,Mapusa,Transport,A transport operator has announced new routes from Mapusa. as part of its regional growth strategy.,0
Maharashtra,Lonavala,Retail,A grocery chain has expanded operations in Lonavala. according to local reports.,0
Goa,Calangute,Institutional,A new administrative and residential campus is proposed near Calangute.,1
Karnataka,Manipal,Employment,A business process outsourcing company is hiring in Manipal.,0
Karnataka,Bengaluru,Institutional,A new administrative and residential campus is proposed near Bengaluru. following an investment proposal.,1
Goa,Candolim,Events,A trade exhibition will be held in Candolim. according to the company announcement.,0
Goa,Candolim,Employment,A startup is hiring employees for its Candolim office. according to the company announcement.,0
Karnataka,Mysuru,Tourism,A tourism developer has announced a large visitor accommodation project near Mysuru.,1
Goa,Panaji,Education,A residential educational campus with hostels and common facilities is planned near Panaji.,1
Goa,Vasco da Gama,Healthcare,A new multi-specialty hospital campus is being developed in Vasco da Gama.,1
Karnataka,Manipal,Technology,A technology firm has expanded its office operations in Manipal. following the latest business update.,0
Maharashtra,Pune,Tourism,A large visitor facility with accommodation and recreational infrastructure is proposed near Pune. after receiving preliminary clearance.,1
Karnataka,Tumakuru,Healthcare,A new healthcare campus is expected to serve thousands of patients in the Tumakuru region. after receiving development permission.,1
Maharashtra,Nagpur,Logistics,A warehouse complex covering a large industrial area is proposed near Nagpur.,1
Maharashtra,Kolhapur,Entertainment,A music festival will take place in Kolhapur. following the latest business update.,0
Karnataka,Manipal,Corporate,A corporate advisory company has increased its presence in Manipal. according to local reports.,0
Goa,Ponda,Corporate,A corporate advisory company has increased its presence in Ponda. according to local reports.,0
Goa,Panaji,Transport,A ride-sharing company has expanded services in Panaji. according to the company.,0
Goa,Morjim,Healthcare,Planning authorities have approved a new medical campus in Morjim. following a new project announcement.,1
Karnataka,Hassan,Residential,Construction is expected to begin on a new gated community containing approximately 2500 homes near Hassan. as part of a major private investment.,1
Goa,Morjim,Logistics,A logistics park with multiple warehouses is planned near Morjim.,1
Goa,Candolim,Corporate,A business services firm has announced hiring in Candolim.,0
Karnataka,Manipal,Transport,A bus operator has introduced a new route connecting Manipal. according to the company announcement.,0
Maharashtra,Navi Mumbai,Employment,A financial company has announced recruitment in Navi Mumbai. following the latest business update.,0
Goa,Mapusa,Education,A new university campus with student accommodation is planned near Mapusa.,1
Maharashtra,Thane,Transport,An airline has announced additional flights from Thane. as part of its market expansion.,0
Karnataka,Mysuru,Small Business,A restaurant has launched a new location in Mysuru.,0
Karnataka,Coorg,Commercial,A large commercial complex is planned in Coorg.,1
Goa,Candolim,Retail,A supermarket chain has launched a retail outlet in Candolim. as part of its market expansion.,0
Goa,Margao,Senior Living,A retirement housing development has received approval in Margao. following the acquisition of land.,1
Karnataka,Udupi,Commercial,A developer has announced a multi-building commercial project in Udupi. as part of regional infrastructure development.,1
Karnataka,Mysuru,Industrial,Construction approval has been granted for an industrial development in Mysuru. as part of a major private investment.,1
Karnataka,Belagavi,Commercial,A large commercial complex is planned in Belagavi.,1
Maharashtra,Chhatrapati Sambhajinagar,Transport,A transportation company has increased its fleet operations in Chhatrapati Sambhajinagar. according to the company announcement.,0
Maharashtra,Alibaug,Events,A trade exhibition will be held in Alibaug.,0
Goa,Morjim,Hospitality,A new 300-room hotel project has been announced in Morjim.,1
Goa,Mapusa,Small Business,A restaurant has launched a new location in Mapusa. as part of its market expansion.,0
Karnataka,Manipal,Small Business,A small clothing shop has opened in Manipal. according to the company.,0
Maharashtra,Nagpur,Commercial,A large commercial complex is planned in Nagpur. as part of a planned expansion.,1
Goa,Anjuna,Corporate,A corporate services company has increased its workforce in Anjuna. according to local reports.,0
Maharashtra,Nagpur,Logistics,A logistics park with multiple warehouses is planned near Nagpur.,1
Goa,Anjuna,Transport,An airline has announced additional flights from Anjuna. according to the company announcement.,0
Karnataka,Hassan,Senior Living,A retirement housing development has received approval in Hassan. after receiving development permission.,1
Goa,Baga,Institutional,A new administrative and residential campus is proposed near Baga. after planning authority approval.,1
Maharashtra,Kolhapur,Technology,An IT company announced plans to increase its workforce in Kolhapur. as part of its regional growth strategy.,0
Karnataka,Hubballi,Tourism,A tourism developer has announced a large visitor accommodation project near Hubballi. after planning authority approval.,1
Goa,Candolim,Employment,A company has announced hiring for its Candolim operations.,0
Maharashtra,Lonavala,Employment,A financial company has announced recruitment in Lonavala.,0
Maharashtra,Nagpur,Residential,A mixed-use residential development with 400 apartments is planned on the outskirts of Nagpur. after planning authority approval.,1
Maharashtra,Kolhapur,Small Business,A small clothing shop has opened in Kolhapur. following a recent launch.,0
Karnataka,Hubballi,Transport,A logistics company has expanded its delivery network in Hubballi. as part of its market expansion.,0
Karnataka,Coorg,Commercial,A large business district expansion has been announced near Coorg. following regulatory approval.,1
Karnataka,Mysuru,Institutional,A research and development campus is being developed near Mysuru. following regulatory approval.,1
Goa,Morjim,Transport,A logistics company has expanded its delivery network in Morjim. as part of its business expansion.,0
Maharashtra,Nashik,Transport,An airline has announced additional flights from Nashik. as part of its regional growth strategy.,0
Karnataka,Hassan,Technology,A software company has opened a new technology office in Hassan. according to the company.,0
Maharashtra,Chhatrapati Sambhajinagar,Senior Living,A developer has announced a large assisted-living project near Chhatrapati Sambhajinagar. after receiving development permission.,1
Maharashtra,Navi Mumbai,Events,A business networking event will take place in Navi Mumbai. following a recent launch.,0
Goa,Margao,Commercial,A major commercial township has received development approval in Margao. following the acquisition of land.,1
Maharashtra,Kolhapur,Technology,A software company announced a new digital platform in Kolhapur. as part of its market expansion.,0
Karnataka,Mysuru,Healthcare,A healthcare company has announced a major hospital project near Mysuru. as part of regional infrastructure development.,1
Goa,Margao,Commercial,A large business district expansion has been announced near Margao.,1
Goa,Mapusa,Healthcare,A private healthcare group is acquiring land for a new hospital near Mapusa. following regulatory approval.,1
Maharashtra,Nagpur,Industrial,A large manufacturing campus with employee facilities is proposed near Nagpur. as part of a planned expansion.,1
Karnataka,Tumakuru,Commercial,A large commercial complex is planned in Tumakuru. after planning authority approval.,1
Karnataka,Coorg,Tourism,A new destination tourism complex is being planned in Coorg.,1
Maharashtra,Chhatrapati Sambhajinagar,Institutional,A large training centre with residential accommodation is planned in Chhatrapati Sambhajinagar. as part of regional infrastructure development.,1
Karnataka,Belagavi,Retail,A lifestyle brand has opened its latest outlet in Belagavi. according to the company.,0
Karnataka,Coorg,Transport,A logistics company has expanded its delivery network in Coorg.,0
Karnataka,Hassan,Logistics,A logistics company has acquired land for a new distribution hub near Hassan. as part of a major private investment.,1
Karnataka,Coorg,Logistics,A multi-building logistics park is being developed on the outskirts of Coorg.,1
Maharashtra,Pune,Entertainment,A recreational venue has opened in Pune. as part of its operational expansion.,0
Goa,Calangute,Senior Living,A senior residential campus with common facilities is being developed near Calangute. as part of a major private investment.,1
Goa,Ponda,Logistics,A major e-commerce logistics hub is being developed near Ponda. following regulatory approval.,1
Goa,Candolim,Industrial,Several manufacturing units are expected to operate from a new industrial zone near Candolim.,1
Goa,Anjuna,Healthcare,A hospital developer has received approval for a new multi-building medical campus in Anjuna. following the acquisition of land.,1
Goa,Morjim,Institutional,A large institutional complex with accommodation facilities is planned near Morjim. following a new project announcement.,1
Karnataka,Belagavi,Finance,An insurance company has opened a new office in Belagavi.,0
Karnataka,Hubballi,Institutional,A training and residential facility is proposed near Hubballi. as part of regional infrastructure development.,1
Maharashtra,Kolhapur,Transport,An airline has announced additional flights from Kolhapur. following a corporate announcement.,0
Goa,Anjuna,Commercial,A new business park with multiple commercial buildings is being developed in Anjuna. following regulatory approval.,1
Karnataka,Bengaluru,Hospitality,A beach resort project with 500 guest rooms is proposed in Bengaluru. after receiving preliminary clearance.,1
Maharashtra,Nashik,Retail,A fashion retailer has opened a new store in Nashik. according to the company.,0
Maharashtra,Lonavala,Tourism,A tourism company is planning a new destination project near Lonavala. following a new project announcement.,1
Goa,Morjim,Commercial,A mixed-use property development with offices and retail facilities is planned in Morjim.,1
Goa,Calangute,Hospitality,A new business hotel is planned near the commercial district of Calangute.,1
Goa,Candolim,Small Business,A restaurant has launched a new location in Candolim. as part of its market expansion.,0
Goa,Vasco da Gama,Industrial,An industrial estate with multiple manufacturing units has been approved near Vasco da Gama.,1
Maharashtra,Pune,Finance,A lending platform has launched services in Pune.,0
Karnataka,Belagavi,Corporate,A recruitment company has expanded its operations in Belagavi.,0
Karnataka,Udupi,Tourism,A new eco-tourism development is being evaluated near Udupi. as part of regional infrastructure development.,1
Goa,Vasco da Gama,Commercial,"A mixed-use development containing offices, retail space and public facilities is proposed near Vasco da Gama.",1
Maharashtra,Nagpur,Tourism,A major tourism investment has been announced near Nagpur.,1
Karnataka,Manipal,Logistics,A logistics park with multiple warehouses is planned near Manipal.,1
Maharashtra,Navi Mumbai,Entertainment,An entertainment company has launched a new venue in Navi Mumbai. following a recent launch.,0
Goa,Panaji,Entertainment,An entertainment company has launched a new venue in Panaji. as part of its market expansion.,0
Goa,Anjuna,Senior Living,A developer has announced a large assisted-living project near Anjuna. following an investment proposal.,1
Karnataka,Hubballi,Corporate,A consulting company has expanded its office space in Hubballi. as part of its operational expansion.,0
Maharashtra,Pune,Commercial,A mixed-use property development with offices and retail facilities is planned in Pune. after planning authority approval.,1
Goa,Vasco da Gama,Education,A university expansion will include new student residences and academic buildings in Vasco da Gama. following regulatory approval.,1
Karnataka,Mangaluru,Transport,A bus operator has introduced a new route connecting Mangaluru. as part of its operational expansion.,0
Maharashtra,Nagpur,Finance,An insurance company has opened a new office in Nagpur. as part of its business expansion.,0
Karnataka,Coorg,Employment,A company has announced hiring for its Coorg operations. according to the company.,0
Goa,Margao,Senior Living,A new senior living community with residential facilities is planned near Margao. after receiving preliminary clearance.,1
Maharashtra,Nagpur,Tourism,A tourism company is planning a new destination project near Nagpur. after receiving development permission.,1
Maharashtra,Nashik,Entertainment,A theatre company has announced a performance in Nashik. as part of its operational expansion.,0
Goa,Vasco da Gama,Residential,Planning authorities have approved a 750-unit housing project near Vasco da Gama. as part of a major private investment.,1
Karnataka,Tumakuru,Education,A new higher-education campus is being developed on the outskirts of Tumakuru.,1
Goa,Anjuna,Finance,A financial services company has expanded its operations in Anjuna. as part of its operational expansion.,0
Goa,Baga,Transport,An airline has announced additional flights from Baga. according to the company.,0
Karnataka,Coorg,Employment,A technology firm plans to recruit additional employees in Coorg. as part of its regional growth strategy.,0
Goa,Calangute,Transport,A bus operator has introduced a new route connecting Calangute.,0
Goa,Margao,Institutional,A large training centre with residential accommodation is planned in Margao. following an investment proposal.,1
Goa,Morjim,Hospitality,A new business hotel is planned near the commercial district of Morjim. as part of a major private investment.,1
Karnataka,Bengaluru,Technology,A technology startup has launched a new software product from Bengaluru.,0
Goa,Morjim,Institutional,A training and residential facility is proposed near Morjim. after receiving development permission.,1
Maharashtra,Mumbai,Tourism,Authorities have approved a tourism development project near Mumbai.,1
Maharashtra,Alibaug,Transport,A transportation company has increased its fleet operations in Alibaug.,0
Maharashtra,Nagpur,Transport,A courier company has launched a new service in Nagpur.,0
Goa,Morjim,Institutional,A large institutional complex with accommodation facilities is planned near Morjim.,1
Maharashtra,Nagpur,Small Business,A convenience store has opened a new location in Nagpur. as part of its market expansion.,0
Karnataka,Manipal,Corporate,A corporate services company has increased its workforce in Manipal. as part of its business expansion.,0
Maharashtra,Mumbai,Education,A private university has announced a residential campus project in Mumbai. following a new project announcement.,1
Karnataka,Mysuru,Healthcare,A hospital expansion project will add new patient accommodation and treatment facilities in Mysuru. following a new project announcement.,1
Goa,Anjuna,Residential,A RERA-registered residential development comprising 250 apartments has been announced in Anjuna. following the acquisition of land.,1
Maharashtra,Navi Mumbai,Entertainment,An entertainment brand has expanded its operations in Navi Mumbai.,0
Goa,Ponda,Industrial,An industrial developer has acquired land for a multi-unit industrial park near Ponda. following the acquisition of land.,1
Goa,Panaji,Employment,A technology firm plans to recruit additional employees in Panaji.,0
Maharashtra,Navi Mumbai,Small Business,A small clothing shop has opened in Navi Mumbai. as part of its operational expansion.,0
Goa,Anjuna,Retail,A grocery chain has expanded operations in Anjuna. as part of its market expansion.,0
Goa,Mapusa,Corporate,A corporate services company has increased its workforce in Mapusa. according to local reports.,0
Goa,Ponda,Senior Living,A retirement housing development has received approval in Ponda.,1
Maharashtra,Thane,Commercial,A large business district expansion has been announced near Thane. after planning authority approval.,1
Goa,Ponda,Institutional,A training and residential facility is proposed near Ponda. following an investment proposal.,1
Maharashtra,Alibaug,Retail,A consumer electronics company has opened a showroom in Alibaug. according to the company.,0
Karnataka,Hassan,Residential,A major housing project in Hassan has entered the construction approval stage.,1
Goa,Mapusa,Senior Living,A new senior living community with residential facilities is planned near Mapusa. after receiving preliminary clearance.,1
Karnataka,Mysuru,Events,A public seminar is scheduled in Mysuru. following a recent launch.,0
Maharashtra,Thane,Entertainment,A recreational venue has opened in Thane. following the latest business update.,0
Goa,Vasco da Gama,Technology,A technology startup has launched a new software product from Vasco da Gama. following a corporate announcement.,0
Maharashtra,Lonavala,Senior Living,A senior residential campus with common facilities is being developed near Lonavala.,1
Goa,Morjim,Education,A new university campus with student accommodation is planned near Morjim.,1
Karnataka,Mangaluru,Employment,A startup is hiring employees for its Mangaluru office.,0
Karnataka,Coorg,Senior Living,A developer has announced a large assisted-living project near Coorg. after receiving development permission.,1
Maharashtra,Kolhapur,Technology,A technology startup has launched a new software product from Kolhapur. as part of its business expansion.,0
Goa,Anjuna,Small Business,A small clothing shop has opened in Anjuna. following a recent launch.,0
Maharashtra,Navi Mumbai,Small Business,A neighbourhood pharmacy has opened a new branch in Navi Mumbai. following a corporate announcement.,0
Goa,Vasco da Gama,Education,A new university development will accommodate several thousand students in Vasco da Gama.,1
Goa,Anjuna,Transport,A railway service has announced schedule changes affecting Anjuna. according to the company announcement.,0
Karnataka,Tumakuru,Residential,A RERA-registered residential development comprising 400 apartments has been announced in Tumakuru.,1
Maharashtra,Thane,Entertainment,A music festival will take place in Thane.,0
Karnataka,Hassan,Healthcare,A healthcare company has announced a major hospital project near Hassan.,1
Maharashtra,Alibaug,Healthcare,A healthcare company has announced a major hospital project near Alibaug.,1
Maharashtra,Chhatrapati Sambhajinagar,Corporate,A professional services firm has opened a new office in Chhatrapati Sambhajinagar. following a corporate announcement.,0
Maharashtra,Nashik,Education,A university expansion will include new student residences and academic buildings in Nashik. as part of a planned expansion.,1
Karnataka,Mangaluru,Education,An educational trust has acquired land for a large institutional campus near Mangaluru.,1
Maharashtra,Nagpur,Corporate,A legal services company has opened a new office in Nagpur.,0
Maharashtra,Thane,Tourism,A major tourism investment has been announced near Thane.,1
Goa,Vasco da Gama,Small Business,A local bakery has opened a new outlet in Vasco da Gama.,0
Karnataka,Mangaluru,Tourism,A tourism company is planning a new destination project near Mangaluru. after receiving development permission.,1
Maharashtra,Kolhapur,Employment,A technology firm plans to recruit additional employees in Kolhapur. following a corporate announcement.,0
Maharashtra,Navi Mumbai,Hospitality,A large eco-resort project is being evaluated near Navi Mumbai. as part of a planned expansion.,1
Maharashtra,Thane,Senior Living,A senior residential campus with common facilities is being developed near Thane. as part of regional infrastructure development.,1
Goa,Margao,Employment,A business process outsourcing company is hiring in Margao. following a corporate announcement.,0
Karnataka,Bengaluru,Finance,A bank has opened a new branch in Bengaluru. as part of its business expansion.,0
Karnataka,Tumakuru,Finance,A lending platform has launched services in Tumakuru.,0
Karnataka,Hassan,Hospitality,A hospitality developer is planning a new property with guest accommodation and recreational facilities near Hassan.,1
Karnataka,Udupi,Events,A business networking event will take place in Udupi.,0
Goa,Morjim,Education,A new higher-education campus is being developed on the outskirts of Morjim. after receiving development permission.,1
Karnataka,Tumakuru,Hospitality,A large eco-resort project is being evaluated near Tumakuru.,1
Goa,Panaji,Commercial,A mixed-use property development with offices and retail facilities is planned in Panaji.,1
Karnataka,Coorg,Hospitality,A hospitality developer is planning a new property with guest accommodation and recreational facilities near Coorg. as part of a planned expansion.,1
Maharashtra,Nashik,Industrial,An industrial estate with multiple manufacturing units has been approved near Nashik. as part of a planned expansion.,1
Maharashtra,Alibaug,Events,A trade exhibition will be held in Alibaug. following a corporate announcement.,0
Goa,Panaji,Tourism,A major tourism investment has been announced near Panaji. following the acquisition of land.,1
Goa,Margao,Logistics,A distribution centre with multiple operational buildings is planned in Margao. following the acquisition of land.,1
Karnataka,Bengaluru,Hospitality,A beach resort project with 200 guest rooms is proposed in Bengaluru. following an investment proposal.,1
Goa,Vasco da Gama,Small Business,A small fitness studio has opened in Vasco da Gama.,0
Karnataka,Belagavi,Institutional,A government-supported campus project has received approval in Belagavi.,1
Maharashtra,Nagpur,Corporate,A business services firm has announced hiring in Nagpur. following a recent launch.,0
Maharashtra,Lonavala,Residential,Construction is expected to begin on a new gated community containing approximately 400 homes near Lonavala. after receiving preliminary clearance.,1
Karnataka,Manipal,Small Business,A neighbourhood pharmacy has opened a new branch in Manipal.,0
Karnataka,Hubballi,Education,A new university campus with student accommodation is planned near Hubballi. after planning authority approval.,1
Maharashtra,Lonavala,Tourism,A new eco-tourism development is being evaluated near Lonavala. after planning authority approval.,1
Goa,Morjim,Logistics,A logistics developer has announced a new large-scale warehouse campus near Morjim. as part of a major private investment.,1
Maharashtra,Kolhapur,Industrial,A new production facility is expected to begin construction in the Kolhapur region. following a new project announcement.,1
Karnataka,Manipal,Finance,A financial services company has expanded its operations in Manipal. following the latest business update.,0
Goa,Ponda,Healthcare,A new multi-specialty hospital campus is being developed in Ponda.,1
Maharashtra,Pune,Retail,A clothing company has announced a new retail location in Pune. as part of its business expansion.,0
Karnataka,Hubballi,Retail,A consumer electronics company has opened a showroom in Hubballi. according to the company announcement.,0
Goa,Morjim,Small Business,A restaurant has launched a new location in Morjim. following a corporate announcement.,0
Maharashtra,Pune,Transport,A bus operator has introduced a new route connecting Pune.,0
Goa,Anjuna,Hospitality,A new business hotel is planned near the commercial district of Anjuna. following regulatory approval.,1
Maharashtra,Nashik,Institutional,A research institution is developing a new campus in Nashik. following the acquisition of land.,1
Maharashtra,Nashik,Events,A cultural festival is scheduled to take place in Nashik. according to the company announcement.,0
Karnataka,Coorg,Events,A business networking event will take place in Coorg. according to the company announcement.,0
Goa,Baga,Events,A public seminar is scheduled in Baga. as part of its regional growth strategy.,0
Maharashtra,Alibaug,Senior Living,A retirement housing development has received approval in Alibaug.,1
Karnataka,Bengaluru,Finance,A financial services company has expanded its operations in Bengaluru. according to the company announcement.,0
Goa,Baga,Hospitality,A beach resort project with 400 guest rooms is proposed in Baga. following the acquisition of land.,1
Goa,Panaji,Residential,A mixed-use residential development with 900 apartments is planned on the outskirts of Panaji. following an investment proposal.,1
Karnataka,Coorg,Corporate,A professional services firm has opened a new office in Coorg. as part of its regional growth strategy.,0
Goa,Mapusa,Retail,A fashion retailer has opened a new store in Mapusa. according to local reports.,0
Maharashtra,Thane,Corporate,A consulting company has expanded its office space in Thane.,0
Goa,Anjuna,Finance,A financial services company has expanded its operations in Anjuna. according to the company announcement.,0
Maharashtra,Lonavala,Logistics,A multi-building logistics park is being developed on the outskirts of Lonavala. as part of a planned expansion.,1
Maharashtra,Thane,Transport,A bus operator has introduced a new route connecting Thane. following a corporate announcement.,0
Goa,Morjim,Residential,Planning authorities have approved a 250-unit housing project near Morjim. following the acquisition of land.,1
Maharashtra,Mumbai,Finance,A fintech company has launched a new service in Mumbai. as part of its operational expansion.,0
Karnataka,Bengaluru,Institutional,An institutional development with multiple buildings has been approved near Bengaluru.,1
Goa,Baga,Technology,A software company has opened a new technology office in Baga. according to local reports.,0
Maharashtra,Lonavala,Institutional,A large institutional campus is planned near Lonavala. after planning authority approval.,1
Goa,Vasco da Gama,Tourism,A large visitor facility with accommodation and recreational infrastructure is proposed near Vasco da Gama.,1
Goa,Baga,Tourism,A tourism company is planning a new destination project near Baga.,1
Karnataka,Tumakuru,Hospitality,Construction approval has been granted for a large tourism resort in Tumakuru. after receiving preliminary clearance.,1
Goa,Morjim,Transport,A transport operator has announced new routes from Morjim.,0
Goa,Margao,Hospitality,A beach resort project with 120 guest rooms is proposed in Margao. as part of a major private investment.,1
Maharashtra,Mumbai,Hospitality,A tourism company has acquired land for a resort development near Mumbai. following an investment proposal.,1
Maharashtra,Mumbai,Retail,A clothing company has announced a new retail location in Mumbai. according to local reports.,0
Maharashtra,Thane,Events,A music event has been announced in Thane. as part of its operational expansion.,0
Goa,Baga,Technology,A technology company is recruiting engineers for its Baga office. as part of its business expansion.,0
Karnataka,Manipal,Tourism,A tourism company is planning a new destination project near Manipal. after planning authority approval.,1
Goa,Calangute,Institutional,A research and development campus is being developed near Calangute. as part of a planned expansion.,1
Karnataka,Coorg,Commercial,A new business park with multiple commercial buildings is being developed in Coorg.,1
Goa,Mapusa,Residential,A mixed-use residential development with 600 apartments is planned on the outskirts of Mapusa. following regulatory approval.,1
Karnataka,Belagavi,Institutional,A research institution is developing a new campus in Belagavi.,1
Karnataka,Mangaluru,Education,A new university development will accommodate several thousand students in Mangaluru. following the acquisition of land.,1
Goa,Anjuna,Technology,A software company has opened a new technology office in Anjuna.,0
Goa,Morjim,Healthcare,A specialty hospital and associated facilities are planned near Morjim. following regulatory approval.,1
Maharashtra,Mumbai,Corporate,A corporate advisory company has increased its presence in Mumbai. following the latest business update.,0
Maharashtra,Navi Mumbai,Senior Living,A new senior living community with residential facilities is planned near Navi Mumbai. as part of a major private investment.,1
Maharashtra,Thane,Education,A new university campus with student accommodation is planned near Thane. after planning authority approval.,1
Goa,Ponda,Employment,A startup is hiring employees for its Ponda office. as part of its business expansion.,0
Karnataka,Coorg,Small Business,A restaurant has launched a new location in Coorg. according to the company.,0
Maharashtra,Lonavala,Employment,A startup is hiring employees for its Lonavala office. as part of its operational expansion.,0
Maharashtra,Navi Mumbai,Events,A business networking event will take place in Navi Mumbai. according to the company.,0
Goa,Calangute,Employment,A technology firm plans to recruit additional employees in Calangute. as part of its operational expansion.,0
Karnataka,Hubballi,Commercial,A mixed-use property development with offices and retail facilities is planned in Hubballi. after receiving development permission.,1
Maharashtra,Alibaug,Hospitality,Construction approval has been granted for a large tourism resort in Alibaug. following an investment proposal.,1
Karnataka,Udupi,Hospitality,Construction approval has been granted for a large tourism resort in Udupi. following a new project announcement.,1
Maharashtra,Chhatrapati Sambhajinagar,Corporate,A legal services company has opened a new office in Chhatrapati Sambhajinagar. following a recent launch.,0
Goa,Ponda,Transport,A courier company has launched a new service in Ponda. as part of its regional growth strategy.,0
Maharashtra,Alibaug,Healthcare,A hospital expansion project will add new patient accommodation and treatment facilities in Alibaug. following the acquisition of land.,1
Karnataka,Hubballi,Entertainment,A theatre company has announced a performance in Hubballi.,0
Karnataka,Hubballi,Entertainment,A cinema chain has announced a new screen in Hubballi. as part of its market expansion.,0
Goa,Candolim,Healthcare,A new multi-specialty hospital campus is being developed in Candolim. following an investment proposal.,1
Goa,Mapusa,Tourism,A new destination tourism complex is being planned in Mapusa. as part of a major private investment.,1
Goa,Calangute,Retail,A fashion retailer has opened a new store in Calangute. as part of its operational expansion.,0
Goa,Candolim,Employment,A business process outsourcing company is hiring in Candolim. as part of its market expansion.,0
Karnataka,Belagavi,Senior Living,A retirement community with healthcare and accommodation facilities is proposed in Belagavi. as part of a planned expansion.,1
Maharashtra,Thane,Hospitality,A new 80-room hotel project has been announced in Thane. as part of a major private investment.,1
Goa,Panaji,Small Business,A convenience store has opened a new location in Panaji. as part of its business expansion.,0
Maharashtra,Thane,Small Business,A local bakery has opened a new outlet in Thane.,0
Maharashtra,Thane,Corporate,A legal services company has opened a new office in Thane.,0
Goa,Anjuna,Healthcare,A new healthcare campus is expected to serve thousands of patients in the Anjuna region.,1
Maharashtra,Nashik,Employment,A technology firm plans to recruit additional employees in Nashik. following a recent launch.,0
Goa,Panaji,Logistics,A large warehousing and distribution centre is proposed near Panaji.,1
Karnataka,Tumakuru,Senior Living,A senior residential campus with common facilities is being developed near Tumakuru.,1
Maharashtra,Kolhapur,Logistics,A major e-commerce logistics hub is being developed near Kolhapur. as part of a planned expansion.,1
Maharashtra,Lonavala,Logistics,A logistics park with multiple warehouses is planned near Lonavala. as part of regional infrastructure development.,1
Goa,Morjim,Logistics,A large warehousing and distribution centre is proposed near Morjim.,1
Maharashtra,Nashik,Commercial,Construction is expected to begin on a large commercial development in Nashik. following an investment proposal.,1
Goa,Calangute,Logistics,A warehouse complex covering a large industrial area is proposed near Calangute. following regulatory approval.,1
Karnataka,Hassan,Finance,A financial services company has expanded its operations in Hassan. as part of its market expansion.,0
Karnataka,Mysuru,Logistics,A large warehousing and distribution centre is proposed near Mysuru.,1
Goa,Panaji,Corporate,A management consulting company has announced expansion in Panaji. according to the company announcement.,0
Maharashtra,Alibaug,Retail,A fashion retailer has opened a new store in Alibaug. following a corporate announcement.,0
Karnataka,Manipal,Logistics,A large warehousing and distribution centre is proposed near Manipal.,1
Goa,Morjim,Entertainment,An entertainment brand has expanded its operations in Morjim. as part of its market expansion.,0
Maharashtra,Thane,Technology,An IT services company has opened a new corporate office in Thane. according to the company announcement.,0
Karnataka,Manipal,Entertainment,A theatre company has announced a performance in Manipal. following a corporate announcement.,0
Maharashtra,Mumbai,Tourism,A major tourism investment has been announced near Mumbai. following an investment proposal.,1
Maharashtra,Nashik,Senior Living,A senior residential campus with common facilities is being developed near Nashik. as part of a major private investment.,1
Karnataka,Mangaluru,Tourism,A tourism developer has announced a large visitor accommodation project near Mangaluru.,1
Maharashtra,Kolhapur,Healthcare,A medical institution has announced construction of a new healthcare complex in Kolhapur. following a new project announcement.,1
Karnataka,Bengaluru,Events,A business conference will be held in Bengaluru.,0
Goa,Mapusa,Entertainment,A recreational venue has opened in Mapusa. according to the company.,0
Maharashtra,Alibaug,Tourism,A new destination tourism complex is being planned in Alibaug. after receiving development permission.,1
Karnataka,Tumakuru,Finance,A financial institution has increased its workforce in Tumakuru. following a corporate announcement.,0
Maharashtra,Lonavala,Finance,A financial company has moved into a larger office in Lonavala. following a corporate announcement.,0
Goa,Mapusa,Transport,A transportation company has increased its fleet operations in Mapusa.,0
Goa,Anjuna,Transport,A transportation company has increased its fleet operations in Anjuna. according to local reports.,0
Goa,Vasco da Gama,Hospitality,A new business hotel is planned near the commercial district of Vasco da Gama.,1
Karnataka,Hubballi,Entertainment,A cinema chain has announced a new screen in Hubballi.,0
Karnataka,Belagavi,Hospitality,A beach resort project with 400 guest rooms is proposed in Belagavi.,1
Maharashtra,Navi Mumbai,Commercial,A developer has announced a multi-building commercial project in Navi Mumbai.,1
Goa,Panaji,Events,A sports event is planned in Panaji. according to the company announcement.,0
Maharashtra,Pune,Industrial,A new industrial park is being developed near Pune.,1
Goa,Margao,Retail,A clothing company has announced a new retail location in Margao.,0
Karnataka,Manipal,Technology,An IT services company has opened a new corporate office in Manipal. according to the company.,0
Maharashtra,Mumbai,Transport,A railway service has announced schedule changes affecting Mumbai. as part of its business expansion.,0
Karnataka,Manipal,Logistics,A major e-commerce logistics hub is being developed near Manipal.,1
Goa,Ponda,Commercial,A large commercial complex is planned in Ponda.,1
Goa,Morjim,Finance,A financial services company has expanded its operations in Morjim. following a recent launch.,0
Maharashtra,Chhatrapati Sambhajinagar,Senior Living,A senior residential campus with common facilities is being developed near Chhatrapati Sambhajinagar. after planning authority approval.,1
Karnataka,Tumakuru,Industrial,A large industrial expansion project has been announced near Tumakuru.,1
Goa,Margao,Institutional,A large institutional campus is planned near Margao. following the acquisition of land.,1
Maharashtra,Thane,Small Business,A local electronics shop has expanded in Thane. following a corporate announcement.,0
Goa,Ponda,Technology,An IT services company has opened a new corporate office in Ponda. according to the company announcement.,0
Karnataka,Belagavi,Institutional,A research and development campus is being developed near Belagavi. as part of a planned expansion.,1
Karnataka,Belagavi,Institutional,A large institutional campus is planned near Belagavi.,1
Goa,Ponda,Technology,A technology company is recruiting engineers for its Ponda office. according to local reports.,0
Maharashtra,Nagpur,Logistics,A new supply-chain facility with employee amenities is planned near Nagpur.,1
Maharashtra,Nagpur,Healthcare,A private healthcare group is acquiring land for a new hospital near Nagpur.,1
Karnataka,Mysuru,Education,Planning authorities have approved a new college campus in Mysuru. following the acquisition of land.,1
Karnataka,Tumakuru,Retail,A grocery chain has expanded operations in Tumakuru. following a corporate announcement.,0
Goa,Calangute,Commercial,A new corporate campus with multiple buildings is planned near Calangute. following a new project announcement.,1
Karnataka,Manipal,Institutional,A research and development campus is being developed near Manipal. as part of a planned expansion.,1
Karnataka,Manipal,Finance,A lending platform has launched services in Manipal.,0
Karnataka,Bengaluru,Retail,A clothing company has announced a new retail location in Bengaluru. as part of its business expansion.,0
Goa,Mapusa,Small Business,A local café has expanded its operations in Mapusa. according to the company announcement.,0
Goa,Morjim,Institutional,An institutional development with multiple buildings has been approved near Morjim. following an investment proposal.,1
Goa,Anjuna,Industrial,Several manufacturing units are expected to operate from a new industrial zone near Anjuna. following the acquisition of land.,1
Goa,Baga,Corporate,A corporate advisory company has increased its presence in Baga. following a recent launch.,0
Maharashtra,Pune,Tourism,A new eco-tourism development is being evaluated near Pune. as part of regional infrastructure development.,1
Karnataka,Mysuru,Education,A large educational institution is developing a campus with hostels and dining facilities near Mysuru. following an investment proposal.,1
Goa,Calangute,Institutional,A government-supported campus project has received approval in Calangute. as part of a planned expansion.,1
Goa,Mapusa,Corporate,A recruitment company has expanded its operations in Mapusa.,0
Goa,Margao,Retail,A grocery chain has expanded operations in Margao. following a corporate announcement.,0
Maharashtra,Lonavala,Entertainment,A streaming company has announced an event in Lonavala. as part of its market expansion.,0
Goa,Morjim,Retail,A lifestyle brand has opened its latest outlet in Morjim. as part of its business expansion.,0
Karnataka,Tumakuru,Entertainment,A theatre company has announced a performance in Tumakuru.,0
Goa,Baga,Employment,A business process outsourcing company is hiring in Baga.,0
Maharashtra,Thane,Industrial,A large industrial expansion project has been announced near Thane.,1
Goa,Morjim,Employment,A consulting company has announced recruitment in Morjim. following the latest business update.,0
Karnataka,Hassan,Corporate,A consulting company has expanded its office space in Hassan.,0
Karnataka,Mangaluru,Small Business,A convenience store has opened a new location in Mangaluru. according to the company.,0
Goa,Calangute,Entertainment,A recreational venue has opened in Calangute. according to the company announcement.,0
Maharashtra,Alibaug,Senior Living,A developer has announced a large assisted-living project near Alibaug. following an investment proposal.,1
Karnataka,Hassan,Technology,A technology startup has launched a new software product from Hassan.,0
Karnataka,Mysuru,Technology,An IT services company has opened a new corporate office in Mysuru. following a corporate announcement.,0
Goa,Margao,Small Business,A restaurant has launched a new location in Margao. according to the company.,0
Karnataka,Tumakuru,Small Business,A neighbourhood pharmacy has opened a new branch in Tumakuru. following a recent launch.,0
Goa,Calangute,Hospitality,A large eco-resort project is being evaluated near Calangute. following a new project announcement.,1
Karnataka,Hubballi,Entertainment,A music festival will take place in Hubballi.,0
Goa,Calangute,Healthcare,A healthcare company has announced a major hospital project near Calangute. after receiving preliminary clearance.,1
Goa,Baga,Logistics,A logistics company has acquired land for a new distribution hub near Baga.,1
Goa,Baga,Healthcare,A large medical facility with residential accommodation for staff is proposed in Baga.,1
Maharashtra,Nagpur,Finance,A lending platform has launched services in Nagpur.,0
Maharashtra,Mumbai,Retail,A supermarket chain has launched a retail outlet in Mumbai. as part of its operational expansion.,0
Maharashtra,Nagpur,Tourism,A major tourism infrastructure project is proposed near Nagpur.,1
Karnataka,Hassan,Finance,A financial company has moved into a larger office in Hassan. as part of its operational expansion.,0
Karnataka,Belagavi,Residential,A large residential complex with common amenities is under development near Belagavi. as part of a planned expansion.,1
Goa,Anjuna,Technology,An IT company announced plans to increase its workforce in Anjuna. according to the company announcement.,0
Karnataka,Hassan,Industrial,A large manufacturing campus with employee facilities is proposed near Hassan. after receiving development permission.,1
Karnataka,Coorg,Industrial,A new production facility is expected to begin construction in the Coorg region. following an investment proposal.,1
Karnataka,Belagavi,Technology,An IT services company has opened a new corporate office in Belagavi.,0
Maharashtra,Lonavala,Healthcare,A hospital developer has received approval for a new multi-building medical campus in Lonavala. after planning authority approval.,1
Maharashtra,Pune,Technology,A technology startup has launched a new software product from Pune. following the latest business update.,0
Maharashtra,Alibaug,Small Business,A convenience store has opened a new location in Alibaug.,0
Goa,Vasco da Gama,Corporate,A consulting company has expanded its office space in Vasco da Gama.,0
Goa,Baga,Residential,A developer has acquired land for a large residential township in Baga.,1
Maharashtra,Pune,Institutional,A research and development campus is being developed near Pune. as part of a major private investment.,1
Karnataka,Udupi,Finance,A banking company has announced expansion of its branch network in Udupi. as part of its market expansion.,0
Maharashtra,Lonavala,Logistics,A logistics company has acquired land for a new distribution hub near Lonavala. following regulatory approval.,1
Maharashtra,Navi Mumbai,Logistics,A logistics company has acquired land for a new distribution hub near Navi Mumbai. as part of a major private investment.,1
Goa,Calangute,Logistics,A major e-commerce logistics hub is being developed near Calangute. as part of a planned expansion.,1
Maharashtra,Lonavala,Events,A public seminar is scheduled in Lonavala. as part of its market expansion.,0
Goa,Panaji,Healthcare,A specialty hospital and associated facilities are planned near Panaji.,1
Maharashtra,Nagpur,Entertainment,A streaming company has announced an event in Nagpur. as part of its regional growth strategy.,0
Goa,Panaji,Institutional,A research and development campus is being developed near Panaji.,1
Goa,Anjuna,Corporate,A recruitment company has expanded its operations in Anjuna. according to the company.,0
Goa,Mapusa,Institutional,A large institutional complex with accommodation facilities is planned near Mapusa.,1
Karnataka,Bengaluru,Logistics,A multi-building logistics park is being developed on the outskirts of Bengaluru. following regulatory approval.,1
Karnataka,Mangaluru,Senior Living,A retirement community with healthcare and accommodation facilities is proposed in Mangaluru. after receiving development permission.,1
Goa,Panaji,Employment,A corporate employer has announced new vacancies in Panaji. following a corporate announcement.,0
Maharashtra,Nagpur,Corporate,A business services firm has announced hiring in Nagpur. as part of its business expansion.,0
Karnataka,Bengaluru,Events,A trade exhibition will be held in Bengaluru.,0
Goa,Panaji,Entertainment,A cinema chain has announced a new screen in Panaji. as part of its regional growth strategy.,0
Karnataka,Manipal,Logistics,A logistics park with multiple warehouses is planned near Manipal. following regulatory approval.,1
Maharashtra,Lonavala,Healthcare,A new multi-specialty hospital campus is being developed in Lonavala.,1
Maharashtra,Alibaug,Transport,A ride-sharing company has expanded services in Alibaug. as part of its regional growth strategy.,0
Goa,Ponda,Transport,A transport operator has announced new routes from Ponda. as part of its operational expansion.,0
Maharashtra,Lonavala,Industrial,Several manufacturing units are expected to operate from a new industrial zone near Lonavala. following the acquisition of land.,1
Karnataka,Mangaluru,Transport,A bus operator has introduced a new route connecting Mangaluru. as part of its regional growth strategy.,0
Karnataka,Mysuru,Events,A public seminar is scheduled in Mysuru. following the latest business update.,0
Karnataka,Coorg,Commercial,A new corporate campus with multiple buildings is planned near Coorg.,1
Goa,Baga,Transport,A transport operator has announced new routes from Baga. as part of its business expansion.,0
Karnataka,Manipal,Education,Planning authorities have approved a new college campus in Manipal.,1
Maharashtra,Nashik,Retail,A lifestyle brand has opened its latest outlet in Nashik.,0
Maharashtra,Chhatrapati Sambhajinagar,Transport,A transport operator has announced new routes from Chhatrapati Sambhajinagar.,0
Maharashtra,Navi Mumbai,Logistics,A major e-commerce logistics hub is being developed near Navi Mumbai. as part of a major private investment.,1
Karnataka,Manipal,Tourism,A new eco-tourism development is being evaluated near Manipal. as part of a planned expansion.,1
Karnataka,Hubballi,Commercial,A large business district expansion has been announced near Hubballi. after planning authority approval.,1
Maharashtra,Nagpur,Institutional,A research and development campus is being developed near Nagpur. after planning authority approval.,1
Karnataka,Hassan,Institutional,An institutional development with multiple buildings has been approved near Hassan.,1
Goa,Candolim,Tourism,Authorities have approved a tourism development project near Candolim. as part of regional infrastructure development.,1
Goa,Panaji,Entertainment,A music festival will take place in Panaji. as part of its business expansion.,0
Karnataka,Mangaluru,Small Business,A neighbourhood pharmacy has opened a new branch in Mangaluru. according to the company announcement.,0
Karnataka,Mysuru,Technology,A technology startup has launched a new software product from Mysuru. according to the company announcement.,0
Maharashtra,Thane,Employment,A business process outsourcing company is hiring in Thane.,0
Karnataka,Mangaluru,Employment,A financial company has announced recruitment in Mangaluru.,0
Maharashtra,Navi Mumbai,Logistics,A logistics park with multiple warehouses is planned near Navi Mumbai. following an investment proposal.,1
Maharashtra,Nashik,Logistics,A new supply-chain facility with employee amenities is planned near Nashik. following an investment proposal.,1
Karnataka,Tumakuru,Education,A university expansion will include new student residences and academic buildings in Tumakuru. following the acquisition of land.,1
Karnataka,Hubballi,Logistics,A freight and warehousing facility has received development approval near Hubballi.,1
Maharashtra,Kolhapur,Transport,A transportation company has increased its fleet operations in Kolhapur. following the latest business update.,0
Karnataka,Belagavi,Technology,A software company announced a new digital platform in Belagavi. following a corporate announcement.,0
Karnataka,Hassan,Healthcare,A new multi-specialty hospital campus is being developed in Hassan. as part of a major private investment.,1
Maharashtra,Mumbai,Education,A university expansion will include new student residences and academic buildings in Mumbai. after planning authority approval.,1
Karnataka,Mangaluru,Residential,"A proposed residential township near Mangaluru will include apartments, community facilities and landscaped areas.",1
Goa,Anjuna,Finance,A bank has opened a new branch in Anjuna. according to the company.,0
Goa,Margao,Education,A new higher-education campus is being developed on the outskirts of Margao. after receiving development permission.,1
Goa,Morjim,Residential,A mixed-use residential development with 600 apartments is planned on the outskirts of Morjim. as part of regional infrastructure development.,1
Goa,Baga,Transport,A logistics company has expanded its delivery network in Baga. according to the company.,0
Maharashtra,Nagpur,Finance,An insurance company has opened a new office in Nagpur. according to local reports.,0
Maharashtra,Nagpur,Small Business,A restaurant has launched a new location in Nagpur. as part of its operational expansion.,0
Karnataka,Mysuru,Tourism,A destination resort and visitor centre is proposed near Mysuru. after receiving development permission.,1
Maharashtra,Nashik,Small Business,A local electronics shop has expanded in Nashik. as part of its business expansion.,0
Karnataka,Mangaluru,Institutional,A research institution is developing a new campus in Mangaluru. following a new project announcement.,1
Maharashtra,Nashik,Finance,A financial institution has increased its workforce in Nashik.,0
Goa,Vasco da Gama,Healthcare,A hospital developer has received approval for a new multi-building medical campus in Vasco da Gama. following an investment proposal.,1
Maharashtra,Navi Mumbai,Employment,A business process outsourcing company is hiring in Navi Mumbai. according to the company announcement.,0
Maharashtra,Navi Mumbai,Transport,A railway service has announced schedule changes affecting Navi Mumbai.,0
Goa,Panaji,Tourism,A new destination tourism complex is being planned in Panaji. as part of a planned expansion.,1
Maharashtra,Nagpur,Healthcare,A new multi-specialty hospital campus is being developed in Nagpur.,1
Maharashtra,Pune,Tourism,A large visitor facility with accommodation and recreational infrastructure is proposed near Pune.,1
Goa,Morjim,Healthcare,A new healthcare campus is expected to serve thousands of patients in the Morjim region.,1
Goa,Mapusa,Entertainment,A recreational venue has opened in Mapusa. following a corporate announcement.,0
Karnataka,Coorg,Hospitality,A new 500-room hotel project has been announced in Coorg. after receiving preliminary clearance.,1
Karnataka,Belagavi,Technology,An IT services company has opened a new corporate office in Belagavi. according to the company.,0
Maharashtra,Chhatrapati Sambhajinagar,Residential,A developer has acquired land for a large residential township in Chhatrapati Sambhajinagar. as part of a major private investment.,1
Karnataka,Bengaluru,Hospitality,A new business hotel is planned near the commercial district of Bengaluru.,1
Goa,Morjim,Technology,A technology firm has expanded its office operations in Morjim. according to the company.,0
Maharashtra,Kolhapur,Retail,A lifestyle brand has opened its latest outlet in Kolhapur. according to the company announcement.,0
Karnataka,Hubballi,Commercial,A large commercial complex is planned in Hubballi. after planning authority approval.,1
Goa,Vasco da Gama,Commercial,A developer has announced a multi-building commercial project in Vasco da Gama. as part of a planned expansion.,1
Karnataka,Manipal,Hospitality,"A new hospitality complex with restaurants, accommodation and recreational facilities is planned near Manipal. as part of a planned expansion.",1
Karnataka,Belagavi,Logistics,A freight and warehousing facility has received development approval near Belagavi.,1
Goa,Candolim,Entertainment,An entertainment brand has expanded its operations in Candolim.,0
Maharashtra,Chhatrapati Sambhajinagar,Residential,"A proposed residential township near Chhatrapati Sambhajinagar will include apartments, community facilities and landscaped areas.",1
Karnataka,Mangaluru,Technology,A software company has opened a new technology office in Mangaluru.,0
Goa,Baga,Entertainment,A music festival will take place in Baga. according to the company.,0
Goa,Candolim,Employment,A consulting company has announced recruitment in Candolim.,0
Maharashtra,Kolhapur,Residential,Construction is expected to begin on a new gated community containing approximately 400 homes near Kolhapur.,1
Karnataka,Mangaluru,Corporate,A legal services company has opened a new office in Mangaluru. following a corporate announcement.,0
Karnataka,Udupi,Hospitality,A large eco-resort project is being evaluated near Udupi. after planning authority approval.,1
Goa,Mapusa,Healthcare,A medical institution has announced construction of a new healthcare complex in Mapusa. following regulatory approval.,1
Goa,Morjim,Entertainment,A streaming company has announced an event in Morjim. following a corporate announcement.,0
Karnataka,Udupi,Technology,A software company has opened a new technology office in Udupi. as part of its business expansion.,0
Goa,Calangute,Industrial,Construction approval has been granted for an industrial development in Calangute. after receiving development permission.,1
Karnataka,Tumakuru,Education,A residential educational campus with hostels and common facilities is planned near Tumakuru.,1
Maharashtra,Nagpur,Small Business,A restaurant has launched a new location in Nagpur. as part of its market expansion.,0
Maharashtra,Thane,Tourism,Authorities have approved a tourism development project near Thane.,1
Maharashtra,Navi Mumbai,Healthcare,Planning authorities have approved a new medical campus in Navi Mumbai.,1
Maharashtra,Navi Mumbai,Events,A trade exhibition will be held in Navi Mumbai. as part of its business expansion.,0
Maharashtra,Nashik,Residential,A new housing project targeting more than 800 residents has received preliminary approval in Nashik. after receiving development permission.,1
Goa,Ponda,Senior Living,A new senior living community with residential facilities is planned near Ponda.,1
Maharashtra,Kolhapur,Logistics,A logistics developer has announced a new large-scale warehouse campus near Kolhapur. after planning authority approval.,1
Maharashtra,Kolhapur,Events,A business conference will be held in Kolhapur. as part of its operational expansion.,0
Maharashtra,Navi Mumbai,Hospitality,A hotel expansion will add more than 150 rooms and new guest facilities in Navi Mumbai. after planning authority approval.,1
Goa,Ponda,Residential,A large residential complex with common amenities is under development near Ponda. after receiving development permission.,1
Karnataka,Bengaluru,Entertainment,A recreational venue has opened in Bengaluru.,0
Goa,Panaji,Residential,A large residential complex with common amenities is under development near Panaji. after receiving development permission.,1
Karnataka,Mangaluru,Tourism,A new destination tourism complex is being planned in Mangaluru.,1
Maharashtra,Nashik,Corporate,A recruitment company has expanded its operations in Nashik. according to the company announcement.,0
Karnataka,Coorg,Events,A trade exhibition will be held in Coorg. according to local reports.,0
Goa,Margao,Education,A new university development will accommodate several thousand students in Margao.,1
Goa,Morjim,Residential,A RERA-registered residential development comprising 250 apartments has been announced in Morjim.,1
Karnataka,Hassan,Transport,A ride-sharing company has expanded services in Hassan. following a recent launch.,0
Maharashtra,Nashik,Events,A public seminar is scheduled in Nashik. following a recent launch.,0
Maharashtra,Thane,Hospitality,A tourism company has acquired land for a resort development near Thane. after planning authority approval.,1
Goa,Vasco da Gama,Retail,A national retail company has announced a new store in Vasco da Gama. according to the company.,0
Maharashtra,Nagpur,Healthcare,A healthcare company has announced a major hospital project near Nagpur. after receiving preliminary clearance.,1
Maharashtra,Alibaug,Education,A new higher-education campus is being developed on the outskirts of Alibaug. after receiving development permission.,1
Karnataka,Mangaluru,Industrial,A major industrial company has announced a new production facility near Mangaluru. following the acquisition of land.,1
Goa,Anjuna,Residential,"A proposed residential township near Anjuna will include apartments, community facilities and landscaped areas.",1
Karnataka,Hassan,Transport,An airline has announced additional flights from Hassan.,0
Karnataka,Tumakuru,Finance,An insurance company has opened a new office in Tumakuru.,0
Goa,Panaji,Events,A public seminar is scheduled in Panaji. following a recent launch.,0
Maharashtra,Mumbai,Tourism,A tourism developer has announced a large visitor accommodation project near Mumbai. following regulatory approval.,1
Karnataka,Belagavi,Entertainment,An entertainment brand has expanded its operations in Belagavi.,0
Maharashtra,Thane,Residential,"A proposed residential township near Thane will include apartments, community facilities and landscaped areas. following regulatory approval.",1
Goa,Calangute,Hospitality,A new 100-room hotel project has been announced in Calangute. following the acquisition of land.,1
Karnataka,Manipal,Technology,An IT company announced plans to increase its workforce in Manipal. according to the company.,0
Karnataka,Hassan,Technology,A software company has opened a new technology office in Hassan. following the latest business update.,0
Karnataka,Belagavi,Senior Living,A retirement community with healthcare and accommodation facilities is proposed in Belagavi. after planning authority approval.,1
Karnataka,Udupi,Events,A trade exhibition will be held in Udupi.,0
Goa,Panaji,Small Business,A small clothing shop has opened in Panaji. as part of its regional growth strategy.,0
Goa,Calangute,Healthcare,A hospital developer has received approval for a new multi-building medical campus in Calangute. following a new project announcement.,1
Karnataka,Manipal,Corporate,A corporate services company has increased its workforce in Manipal. according to the company announcement.,0
Karnataka,Udupi,Healthcare,A new healthcare campus is expected to serve thousands of patients in the Udupi region. as part of a major private investment.,1
Goa,Anjuna,Education,A new university campus with student accommodation is planned near Anjuna.,1
Karnataka,Hubballi,Corporate,A recruitment company has expanded its operations in Hubballi.,0
Maharashtra,Navi Mumbai,Institutional,An institutional development with multiple buildings has been approved near Navi Mumbai. following the acquisition of land.,1
Maharashtra,Pune,Healthcare,A medical institution has announced construction of a new healthcare complex in Pune. after receiving development permission.,1
Maharashtra,Mumbai,Technology,A software company has opened a new technology office in Mumbai.,0
Maharashtra,Pune,Hospitality,Construction approval has been granted for a large tourism resort in Pune. following the acquisition of land.,1
Karnataka,Mysuru,Finance,A lending platform has launched services in Mysuru.,0
Goa,Baga,Hospitality,A hospitality developer is planning a new property with guest accommodation and recreational facilities near Baga. following a new project announcement.,1
Goa,Ponda,Technology,An IT company announced plans to increase its workforce in Ponda.,0
Goa,Baga,Retail,A fashion retailer has opened a new store in Baga. following a corporate announcement.,0
Maharashtra,Navi Mumbai,Events,A business networking event will take place in Navi Mumbai. as part of its regional growth strategy.,0
Goa,Anjuna,Tourism,A tourism developer has announced a large visitor accommodation project near Anjuna. following a new project announcement.,1
Karnataka,Udupi,Education,A residential educational campus with hostels and common facilities is planned near Udupi. after planning authority approval.,1
Goa,Anjuna,Entertainment,A recreational venue has opened in Anjuna.,0
Maharashtra,Kolhapur,Employment,A technology firm plans to recruit additional employees in Kolhapur.,0
Karnataka,Mysuru,Institutional,An institutional development with multiple buildings has been approved near Mysuru. after receiving preliminary clearance.,1
Goa,Vasco da Gama,Small Business,A convenience store has opened a new location in Vasco da Gama. as part of its regional growth strategy.,0
Goa,Panaji,Technology,An IT services company has opened a new corporate office in Panaji. following a recent launch.,0
Goa,Morjim,Industrial,An industrial estate with multiple manufacturing units has been approved near Morjim. following regulatory approval.,1
Karnataka,Manipal,Industrial,Several manufacturing units are expected to operate from a new industrial zone near Manipal. after receiving preliminary clearance.,1
Goa,Panaji,Small Business,A convenience store has opened a new location in Panaji. according to the company.,0
Maharashtra,Chhatrapati Sambhajinagar,Small Business,A small clothing shop has opened in Chhatrapati Sambhajinagar. following a corporate announcement.,0
Karnataka,Coorg,Technology,A software company announced a new digital platform in Coorg. as part of its regional growth strategy.,0
Karnataka,Coorg,Events,A music event has been announced in Coorg.,0
Maharashtra,Alibaug,Retail,A lifestyle brand has opened its latest outlet in Alibaug. according to the company.,0
Karnataka,Bengaluru,Senior Living,A new senior living community with residential facilities is planned near Bengaluru. following an investment proposal.,1
Goa,Morjim,Transport,An airline has announced additional flights from Morjim. following the latest business update.,0
Goa,Margao,Finance,A fintech company has launched a new service in Margao. as part of its operational expansion.,0
Maharashtra,Chhatrapati Sambhajinagar,Institutional,A new administrative and residential campus is proposed near Chhatrapati Sambhajinagar. following a new project announcement.,1
Karnataka,Mysuru,Healthcare,A medical institution has announced construction of a new healthcare complex in Mysuru.,1
Karnataka,Hassan,Hospitality,Construction approval has been granted for a large tourism resort in Hassan.,1
Karnataka,Tumakuru,Corporate,A consulting company has expanded its office space in Tumakuru. as part of its market expansion.,0
Goa,Candolim,Retail,A consumer electronics company has opened a showroom in Candolim. according to local reports.,0
Maharashtra,Pune,Retail,A fashion retailer has opened a new store in Pune.,0
Karnataka,Tumakuru,Finance,A fintech company has launched a new service in Tumakuru. as part of its regional growth strategy.,0
Maharashtra,Chhatrapati Sambhajinagar,Healthcare,A hospital expansion project will add new patient accommodation and treatment facilities in Chhatrapati Sambhajinagar.,1
Goa,Panaji,Logistics,A major e-commerce logistics hub is being developed near Panaji.,1
Maharashtra,Thane,Tourism,A tourism developer has announced a large visitor accommodation project near Thane. as part of a major private investment.,1
Maharashtra,Thane,Finance,A banking company has announced expansion of its branch network in Thane. following a corporate announcement.,0
Karnataka,Hassan,Education,A private university has announced a residential campus project in Hassan.,1
Maharashtra,Mumbai,Industrial,A manufacturing complex is planned on the outskirts of Mumbai. as part of a major private investment.,1
Maharashtra,Alibaug,Senior Living,A new senior living community with residential facilities is planned near Alibaug. following regulatory approval.,1
Maharashtra,Mumbai,Healthcare,A new multi-specialty hospital campus is being developed in Mumbai. as part of a planned expansion.,1
Goa,Baga,Industrial,An industrial estate with multiple manufacturing units has been approved near Baga. following regulatory approval.,1
Goa,Candolim,Industrial,Construction approval has been granted for an industrial development in Candolim. as part of regional infrastructure development.,1
Karnataka,Manipal,Finance,A financial company has moved into a larger office in Manipal. following a recent launch.,0
Maharashtra,Nashik,Tourism,A tourism company is planning a new destination project near Nashik.,1
Maharashtra,Chhatrapati Sambhajinagar,Hospitality,"A new hospitality complex with restaurants, accommodation and recreational facilities is planned near Chhatrapati Sambhajinagar.",1
Maharashtra,Nashik,Retail,A lifestyle brand has opened its latest outlet in Nashik. as part of its operational expansion.,0
Karnataka,Mysuru,Industrial,A major industrial company has announced a new production facility near Mysuru. following the acquisition of land.,1
Goa,Morjim,Transport,A transport operator has announced new routes from Morjim. following the latest business update.,0
Maharashtra,Pune,Healthcare,A new multi-specialty hospital campus is being developed in Pune.,1
Goa,Panaji,Commercial,A large commercial complex is planned in Panaji. following an investment proposal.,1
Goa,Calangute,Technology,A technology firm has expanded its office operations in Calangute. following the latest business update.,0
Goa,Candolim,Finance,A lending platform has launched services in Candolim.,0
Karnataka,Udupi,Employment,A startup is hiring employees for its Udupi office.,0
Goa,Ponda,Corporate,A recruitment company has expanded its operations in Ponda. following a recent launch.,0
Goa,Calangute,Events,A technology conference will attract visitors to Calangute. as part of its market expansion.,0
Goa,Candolim,Institutional,A research institution is developing a new campus in Candolim. as part of a planned expansion.,1
Karnataka,Tumakuru,Logistics,A major e-commerce logistics hub is being developed near Tumakuru. as part of a major private investment.,1
Maharashtra,Pune,Corporate,A consulting company has expanded its office space in Pune.,0
Karnataka,Hubballi,Tourism,A new destination tourism complex is being planned in Hubballi. following a new project announcement.,1
Goa,Panaji,Technology,A technology firm has expanded its office operations in Panaji. following a corporate announcement.,0
Maharashtra,Nagpur,Industrial,Several manufacturing units are expected to operate from a new industrial zone near Nagpur. following a new project announcement.,1
Goa,Vasco da Gama,Finance,A bank has opened a new branch in Vasco da Gama. following the latest business update.,0
Maharashtra,Nagpur,Employment,A startup is hiring employees for its Nagpur office.,0
Goa,Panaji,Transport,A railway service has announced schedule changes affecting Panaji. as part of its business expansion.,0
Maharashtra,Nashik,Hospitality,A beach resort project with 300 guest rooms is proposed in Nashik. following regulatory approval.,1
Goa,Margao,Logistics,A multi-building logistics park is being developed on the outskirts of Margao. as part of a planned expansion.,1
Goa,Morjim,Commercial,A major commercial township has received development approval in Morjim. after receiving preliminary clearance.,1
Karnataka,Hassan,Healthcare,A large medical facility with residential accommodation for staff is proposed in Hassan.,1
Goa,Mapusa,Hospitality,A new business hotel is planned near the commercial district of Mapusa.,1
Karnataka,Hubballi,Small Business,A local electronics shop has expanded in Hubballi.,0
Karnataka,Tumakuru,Entertainment,An entertainment brand has expanded its operations in Tumakuru. as part of its business expansion.,0
Karnataka,Hubballi,Commercial,A new corporate campus with multiple buildings is planned near Hubballi.,1
Maharashtra,Chhatrapati Sambhajinagar,Small Business,A convenience store has opened a new location in Chhatrapati Sambhajinagar.,0
Maharashtra,Nashik,Small Business,A small fitness studio has opened in Nashik. according to the company announcement.,0
Goa,Candolim,Tourism,A tourism developer has announced a large visitor accommodation project near Candolim.,1
Maharashtra,Alibaug,Education,Planning authorities have approved a new college campus in Alibaug. following a new project announcement.,1
Maharashtra,Chhatrapati Sambhajinagar,Industrial,An industrial developer has acquired land for a multi-unit industrial park near Chhatrapati Sambhajinagar. as part of a planned expansion.,1
Maharashtra,Alibaug,Finance,A financial company has moved into a larger office in Alibaug.,0
Karnataka,Coorg,Institutional,A large training centre with residential accommodation is planned in Coorg. following regulatory approval.,1
Karnataka,Udupi,Education,An educational trust has acquired land for a large institutional campus near Udupi. following regulatory approval.,1
Maharashtra,Chhatrapati Sambhajinagar,Retail,A fashion retailer has opened a new store in Chhatrapati Sambhajinagar. according to the company announcement.,0
Karnataka,Manipal,Institutional,A public-sector organization has announced development of a new campus in Manipal. after receiving preliminary clearance.,1
Karnataka,Mysuru,Logistics,A distribution centre with multiple operational buildings is planned in Mysuru.,1
Karnataka,Mangaluru,Hospitality,A luxury resort with approximately 750 rooms is proposed near Mangaluru. as part of a planned expansion.,1
Maharashtra,Kolhapur,Technology,A technology firm has expanded its office operations in Kolhapur. as part of its market expansion.,0
Maharashtra,Navi Mumbai,Transport,A ride-sharing company has expanded services in Navi Mumbai. as part of its operational expansion.,0
Maharashtra,Mumbai,Hospitality,A hospitality developer is planning a new property with guest accommodation and recreational facilities near Mumbai.,1
Goa,Candolim,Events,A cultural festival is scheduled to take place in Candolim.,0
Karnataka,Mysuru,Commercial,"A mixed-use development containing offices, retail space and public facilities is proposed near Mysuru. as part of regional infrastructure development.",1
Goa,Morjim,Small Business,A local bakery has opened a new outlet in Morjim. as part of its regional growth strategy.,0
Goa,Candolim,Tourism,A tourism company is planning a new destination project near Candolim.,1
Goa,Vasco da Gama,Employment,A startup is hiring employees for its Vasco da Gama office. according to local reports.,0
Goa,Vasco da Gama,Retail,A grocery chain has expanded operations in Vasco da Gama. according to the company.,0
Maharashtra,Kolhapur,Logistics,A large warehousing and distribution centre is proposed near Kolhapur.,1
Maharashtra,Nashik,Commercial,A mixed-use property development with offices and retail facilities is planned in Nashik. after receiving development permission.,1
Karnataka,Belagavi,Logistics,A multi-building logistics park is being developed on the outskirts of Belagavi. following a new project announcement.,1
Goa,Calangute,Hospitality,A hotel expansion will add more than 750 rooms and new guest facilities in Calangute. following regulatory approval.,1
Karnataka,Mysuru,Employment,A technology firm plans to recruit additional employees in Mysuru. following a recent launch.,0
Goa,Mapusa,Entertainment,A gaming centre has opened in Mapusa.,0
Maharashtra,Nagpur,Finance,A bank has opened a new branch in Nagpur.,0
Goa,Candolim,Retail,A clothing company has announced a new retail location in Candolim. following a corporate announcement.,0
Karnataka,Tumakuru,Finance,A fintech company has launched a new service in Tumakuru. according to local reports.,0
Karnataka,Bengaluru,Retail,A consumer electronics company has opened a showroom in Bengaluru. as part of its operational expansion.,0
Maharashtra,Kolhapur,Transport,A railway service has announced schedule changes affecting Kolhapur. as part of its regional growth strategy.,0
Maharashtra,Lonavala,Small Business,A small fitness studio has opened in Lonavala. as part of its regional growth strategy.,0
Maharashtra,Thane,Corporate,A management consulting company has announced expansion in Thane. following a recent launch.,0
Goa,Margao,Residential,A major housing project in Margao has entered the construction approval stage. after receiving preliminary clearance.,1
Goa,Anjuna,Institutional,A training and residential facility is proposed near Anjuna. following the acquisition of land.,1
Goa,Calangute,Transport,A transportation company has increased its fleet operations in Calangute. as part of its market expansion.,0
Maharashtra,Chhatrapati Sambhajinagar,Retail,A grocery chain has expanded operations in Chhatrapati Sambhajinagar. according to the company announcement.,0
Goa,Vasco da Gama,Events,A music event has been announced in Vasco da Gama.,0
Maharashtra,Chhatrapati Sambhajinagar,Technology,A software company has opened a new technology office in Chhatrapati Sambhajinagar.,0
Maharashtra,Lonavala,Senior Living,A retirement community with healthcare and accommodation facilities is proposed in Lonavala.,1
Maharashtra,Nagpur,Corporate,A corporate advisory company has increased its presence in Nagpur. according to the company announcement.,0
Maharashtra,Nagpur,Hospitality,A luxury resort with approximately 300 rooms is proposed near Nagpur. after receiving preliminary clearance.,1
Karnataka,Mangaluru,Institutional,A new administrative and residential campus is proposed near Mangaluru. as part of a planned expansion.,1
Goa,Margao,Corporate,A business services firm has announced hiring in Margao. as part of its business expansion.,0
Maharashtra,Chhatrapati Sambhajinagar,Technology,A technology company is recruiting engineers for its Chhatrapati Sambhajinagar office.,0
Goa,Ponda,Entertainment,A streaming company has announced an event in Ponda. as part of its regional growth strategy.,0
Goa,Calangute,Entertainment,An entertainment company has launched a new venue in Calangute. following a recent launch.,0
Karnataka,Mysuru,Education,An educational trust has acquired land for a large institutional campus near Mysuru. after planning authority approval.,1
Karnataka,Belagavi,Retail,A supermarket chain has launched a retail outlet in Belagavi.,0
Goa,Morjim,Education,A new higher-education campus is being developed on the outskirts of Morjim.,1
Goa,Morjim,Hospitality,A hospitality developer is planning a new property with guest accommodation and recreational facilities near Morjim. following a new project announcement.,1
Maharashtra,Alibaug,Commercial,"A mixed-use development containing offices, retail space and public facilities is proposed near Alibaug.",1
Goa,Ponda,Commercial,A new corporate campus with multiple buildings is planned near Ponda. as part of a major private investment.,1
Goa,Morjim,Transport,A bus operator has introduced a new route connecting Morjim. as part of its business expansion.,0
Maharashtra,Pune,Institutional,A large institutional complex with accommodation facilities is planned near Pune. after receiving preliminary clearance.,1
Karnataka,Manipal,Industrial,A large manufacturing campus with employee facilities is proposed near Manipal. following regulatory approval.,1
Maharashtra,Chhatrapati Sambhajinagar,Employment,A consulting company has announced recruitment in Chhatrapati Sambhajinagar.,0
Maharashtra,Alibaug,Tourism,A new eco-tourism development is being evaluated near Alibaug. as part of a major private investment.,1
Maharashtra,Pune,Retail,A lifestyle brand has opened its latest outlet in Pune. following a corporate announcement.,0
Maharashtra,Alibaug,Institutional,A training and residential facility is proposed near Alibaug.,1
Maharashtra,Nagpur,Corporate,A business services firm has announced hiring in Nagpur. according to the company announcement.,0
Maharashtra,Thane,Employment,A company has announced hiring for its Thane operations.,0
Goa,Ponda,Transport,A bus operator has introduced a new route connecting Ponda.,0
Karnataka,Manipal,Education,An educational trust has acquired land for a large institutional campus near Manipal. after planning authority approval.,1
Goa,Margao,Finance,A financial services company has expanded its operations in Margao.,0
Karnataka,Manipal,Commercial,A large business district expansion has been announced near Manipal. as part of a planned expansion.,1
Maharashtra,Nagpur,Tourism,A large visitor facility with accommodation and recreational infrastructure is proposed near Nagpur. after receiving development permission.,1
Karnataka,Mangaluru,Finance,An insurance company has opened a new office in Mangaluru. following a recent launch.,0
Goa,Anjuna,Hospitality,"A new hospitality complex with restaurants, accommodation and recreational facilities is planned near Anjuna.",1
Maharashtra,Lonavala,Technology,An IT services company has opened a new corporate office in Lonavala.,0
Goa,Ponda,Finance,A fintech company has launched a new service in Ponda. following a corporate announcement.,0
Karnataka,Coorg,Employment,A business process outsourcing company is hiring in Coorg. as part of its regional growth strategy.,0
Karnataka,Manipal,Institutional,A new administrative and residential campus is proposed near Manipal.,1
Goa,Morjim,Events,A cultural festival is scheduled to take place in Morjim. following the latest business update.,0
Goa,Anjuna,Transport,An airline has announced additional flights from Anjuna. following a recent launch.,0
Maharashtra,Thane,Finance,A financial institution has increased its workforce in Thane. as part of its market expansion.,0
Goa,Panaji,Education,A boarding school campus with residential facilities is proposed near Panaji. after planning authority approval.,1
Goa,Margao,Education,A private university has announced a residential campus project in Margao. following an investment proposal.,1
Goa,Calangute,Events,A business conference will be held in Calangute. following the latest business update.,0
Karnataka,Manipal,Healthcare,A new multi-specialty hospital campus is being developed in Manipal.,1
Goa,Candolim,Residential,"A proposed residential township near Candolim will include apartments, community facilities and landscaped areas. as part of a planned expansion.",1
Karnataka,Tumakuru,Corporate,A professional services firm has opened a new office in Tumakuru.,0
Karnataka,Hubballi,Entertainment,A gaming centre has opened in Hubballi.,0
Maharashtra,Mumbai,Senior Living,A retirement community with healthcare and accommodation facilities is proposed in Mumbai.,1
Maharashtra,Nashik,Events,A cultural festival is scheduled to take place in Nashik.,0
Maharashtra,Kolhapur,Residential,"A proposed residential township near Kolhapur will include apartments, community facilities and landscaped areas. following a new project announcement.",1
Karnataka,Mangaluru,Finance,A financial services company has expanded its operations in Mangaluru. according to the company announcement.,0
Goa,Morjim,Small Business,A restaurant has launched a new location in Morjim. as part of its market expansion.,0
Karnataka,Hassan,Institutional,A research and development campus is being developed near Hassan.,1
Karnataka,Hubballi,Senior Living,A retirement housing development has received approval in Hubballi. following regulatory approval.,1
Karnataka,Hubballi,Employment,A corporate employer has announced new vacancies in Hubballi.,0
Goa,Ponda,Finance,A fintech company has launched a new service in Ponda. following a recent launch.,0
Karnataka,Mangaluru,Industrial,Several manufacturing units are expected to operate from a new industrial zone near Mangaluru.,1
Karnataka,Mangaluru,Transport,A railway service has announced schedule changes affecting Mangaluru. according to local reports.,0
Maharashtra,Mumbai,Employment,A corporate employer has announced new vacancies in Mumbai.,0
Goa,Mapusa,Institutional,A new administrative and residential campus is proposed near Mapusa. following a new project announcement.,1
Goa,Panaji,Institutional,A large training centre with residential accommodation is planned in Panaji. following regulatory approval.,1
Maharashtra,Pune,Senior Living,A developer has announced a large assisted-living project near Pune. as part of a planned expansion.,1
Maharashtra,Nagpur,Transport,A logistics company has expanded its delivery network in Nagpur. as part of its market expansion.,0
Karnataka,Belagavi,Institutional,A public-sector organization has announced development of a new campus in Belagavi. after receiving preliminary clearance.,1
Maharashtra,Nashik,Corporate,A recruitment company has expanded its operations in Nashik. as part of its operational expansion.,0
Goa,Anjuna,Education,A private university has announced a residential campus project in Anjuna. after receiving preliminary clearance.,1
Goa,Calangute,Entertainment,An entertainment company has launched a new venue in Calangute. as part of its market expansion.,0
Maharashtra,Nashik,Events,A technology conference will attract visitors to Nashik. as part of its business expansion.,0
Karnataka,Belagavi,Institutional,A research and development campus is being developed near Belagavi. after receiving development permission.,1
Maharashtra,Thane,Healthcare,A private healthcare group is acquiring land for a new hospital near Thane. following an investment proposal.,1
Maharashtra,Chhatrapati Sambhajinagar,Entertainment,An entertainment brand has expanded its operations in Chhatrapati Sambhajinagar. according to local reports.,0
Karnataka,Hassan,Entertainment,An entertainment company has launched a new venue in Hassan. according to the company.,0
Goa,Calangute,Hospitality,A tourism company has acquired land for a resort development near Calangute.,1
Maharashtra,Nagpur,Employment,A consulting company has announced recruitment in Nagpur. as part of its business expansion.,0
Karnataka,Mangaluru,Education,Planning authorities have approved a new college campus in Mangaluru. after planning authority approval.,1
Goa,Baga,Education,A new university campus with student accommodation is planned near Baga. following regulatory approval.,1
Maharashtra,Kolhapur,Technology,A software company announced a new digital platform in Kolhapur.,0
Goa,Panaji,Institutional,A research and development campus is being developed near Panaji. following an investment proposal.,1
Karnataka,Udupi,Tourism,A major tourism investment has been announced near Udupi.,1
Karnataka,Belagavi,Small Business,A convenience store has opened a new location in Belagavi. according to the company.,0
Maharashtra,Alibaug,Residential,"A proposed residential township near Alibaug will include apartments, community facilities and landscaped areas.",1
Karnataka,Manipal,Hospitality,A new business hotel is planned near the commercial district of Manipal.,1
Karnataka,Belagavi,Transport,A transportation company has increased its fleet operations in Belagavi.,0
Goa,Anjuna,Senior Living,A retirement housing development has received approval in Anjuna. as part of a major private investment.,1
Karnataka,Mangaluru,Institutional,A large training centre with residential accommodation is planned in Mangaluru. following a new project announcement.,1
Maharashtra,Pune,Technology,An IT services company has opened a new corporate office in Pune.,0
Maharashtra,Thane,Events,A music event has been announced in Thane.,0
Karnataka,Tumakuru,Industrial,A large manufacturing campus with employee facilities is proposed near Tumakuru.,1
Karnataka,Manipal,Senior Living,A retirement housing development has received approval in Manipal. after planning authority approval.,1
Karnataka,Hubballi,Events,A technology conference will attract visitors to Hubballi.,0
Goa,Morjim,Industrial,A new industrial park is being developed near Morjim. after planning authority approval.,1
Maharashtra,Lonavala,Technology,A software company has opened a new technology office in Lonavala. according to the company announcement.,0
Goa,Morjim,Residential,Planning authorities have approved a 750-unit housing project near Morjim. following an investment proposal.,1
Karnataka,Tumakuru,Events,A sports event is planned in Tumakuru. as part of its regional growth strategy.,0
Karnataka,Udupi,Small Business,A neighbourhood pharmacy has opened a new branch in Udupi.,0
Goa,Margao,Entertainment,A gaming centre has opened in Margao. as part of its regional growth strategy.,0
Karnataka,Udupi,Tourism,A tourism company is planning a new destination project near Udupi. following an investment proposal.,1
Maharashtra,Nagpur,Healthcare,A large medical facility with residential accommodation for staff is proposed in Nagpur.,1
Goa,Baga,Events,A cultural festival is scheduled to take place in Baga. according to the company announcement.,0
Goa,Vasco da Gama,Residential,A mixed-use residential development with 600 apartments is planned on the outskirts of Vasco da Gama.,1
Maharashtra,Lonavala,Entertainment,A cinema chain has announced a new screen in Lonavala. as part of its operational expansion.,0
Karnataka,Hubballi,Transport,A railway service has announced schedule changes affecting Hubballi. according to the company.,0
Maharashtra,Thane,Technology,A technology firm has expanded its office operations in Thane. according to the company announcement.,0
Maharashtra,Thane,Education,A new higher-education campus is being developed on the outskirts of Thane. after receiving preliminary clearance.,1
Karnataka,Hubballi,Events,A trade exhibition will be held in Hubballi. according to the company.,0
Karnataka,Bengaluru,Finance,A bank has opened a new branch in Bengaluru. following a recent launch.,0
Goa,Margao,Transport,A transport operator has announced new routes from Margao. following a corporate announcement.,0
Karnataka,Udupi,Events,A cultural festival is scheduled to take place in Udupi.,0
Karnataka,Hubballi,Transport,A transport operator has announced new routes from Hubballi. as part of its market expansion.,0
Maharashtra,Navi Mumbai,Hospitality,"A new hospitality complex with restaurants, accommodation and recreational facilities is planned near Navi Mumbai.",1
Karnataka,Mysuru,Residential,A major housing project in Mysuru has entered the construction approval stage. after receiving preliminary clearance.,1
Maharashtra,Lonavala,Corporate,A corporate advisory company has increased its presence in Lonavala. following a recent launch.,0
Goa,Mapusa,Hospitality,A hotel expansion will add more than 300 rooms and new guest facilities in Mapusa. as part of a major private investment.,1
Karnataka,Manipal,Technology,An IT company announced plans to increase its workforce in Manipal.,0
Goa,Mapusa,Corporate,A corporate advisory company has increased its presence in Mapusa. following the latest business update.,0
Karnataka,Hassan,Small Business,A convenience store has opened a new location in Hassan. as part of its operational expansion.,0
Karnataka,Udupi,Industrial,Several manufacturing units are expected to operate from a new industrial zone near Udupi. after receiving development permission.,1
Maharashtra,Kolhapur,Events,A business networking event will take place in Kolhapur. according to local reports.,0
Karnataka,Bengaluru,Logistics,A major e-commerce logistics hub is being developed near Bengaluru. following an investment proposal.,1
Maharashtra,Alibaug,Commercial,A major commercial township has received development approval in Alibaug. as part of a major private investment.,1
Maharashtra,Alibaug,Entertainment,A streaming company has announced an event in Alibaug. as part of its operational expansion.,0
Karnataka,Hubballi,Transport,A courier company has launched a new service in Hubballi.,0
Goa,Morjim,Commercial,A new corporate campus with multiple buildings is planned near Morjim. after planning authority approval.,1
Karnataka,Belagavi,Residential,A developer has acquired land for a large residential township in Belagavi. after receiving preliminary clearance.,1
Goa,Calangute,Transport,A logistics company has expanded its delivery network in Calangute. as part of its operational expansion.,0
Goa,Vasco da Gama,Education,A large educational institution is developing a campus with hostels and dining facilities near Vasco da Gama. as part of regional infrastructure development.,1
Karnataka,Belagavi,Education,A residential educational campus with hostels and common facilities is planned near Belagavi. as part of a major private investment.,1
Karnataka,Tumakuru,Logistics,A logistics developer has announced a new large-scale warehouse campus near Tumakuru.,1
Maharashtra,Navi Mumbai,Senior Living,A new senior living community with residential facilities is planned near Navi Mumbai. following an investment proposal.,1
Maharashtra,Chhatrapati Sambhajinagar,Finance,A financial services company has expanded its operations in Chhatrapati Sambhajinagar. following the latest business update.,0
Maharashtra,Pune,Tourism,A tourism company is planning a new destination project near Pune. as part of a major private investment.,1
Maharashtra,Pune,Finance,A financial company has moved into a larger office in Pune. following a recent launch.,0
Karnataka,Hubballi,Events,A public seminar is scheduled in Hubballi. following a corporate announcement.,0
Maharashtra,Lonavala,Commercial,A new corporate campus with multiple buildings is planned near Lonavala. after receiving preliminary clearance.,1
Karnataka,Mysuru,Senior Living,A retirement housing development has received approval in Mysuru. following a new project announcement.,1
Maharashtra,Nashik,Senior Living,A retirement community with healthcare and accommodation facilities is proposed in Nashik. following an investment proposal.,1
Maharashtra,Thane,Industrial,A new industrial park is being developed near Thane. after receiving preliminary clearance.,1
Karnataka,Belagavi,Hospitality,A large eco-resort project is being evaluated near Belagavi. after receiving development permission.,1
Goa,Calangute,Healthcare,Planning authorities have approved a new medical campus in Calangute. following a new project announcement.,1
Karnataka,Mysuru,Industrial,An industrial estate with multiple manufacturing units has been approved near Mysuru.,1
Karnataka,Coorg,Logistics,A warehouse complex covering a large industrial area is proposed near Coorg. following regulatory approval.,1
Maharashtra,Nashik,Events,A music event has been announced in Nashik. following a recent launch.,0
Maharashtra,Chhatrapati Sambhajinagar,Commercial,A new corporate campus with multiple buildings is planned near Chhatrapati Sambhajinagar. following the acquisition of land.,1
Goa,Baga,Corporate,A professional services firm has opened a new office in Baga.,0
Karnataka,Udupi,Tourism,A new destination tourism complex is being planned in Udupi. following the acquisition of land.,1
Goa,Candolim,Entertainment,A theatre company has announced a performance in Candolim. as part of its regional growth strategy.,0
Karnataka,Belagavi,Healthcare,A specialty hospital and associated facilities are planned near Belagavi. following a new project announcement.,1
Maharashtra,Chhatrapati Sambhajinagar,Senior Living,A new senior living community with residential facilities is planned near Chhatrapati Sambhajinagar. as part of a major private investment.,1
Goa,Calangute,Corporate,A recruitment company has expanded its operations in Calangute.,0
Karnataka,Coorg,Industrial,A new production facility is expected to begin construction in the Coorg region.,1
Karnataka,Coorg,Technology,A software company has opened a new technology office in Coorg. according to local reports.,0
Goa,Margao,Small Business,A small fitness studio has opened in Margao. according to the company.,0
Goa,Panaji,Tourism,A large visitor facility with accommodation and recreational infrastructure is proposed near Panaji. as part of a planned expansion.,1
Karnataka,Hubballi,Transport,A bus operator has introduced a new route connecting Hubballi.,0
Karnataka,Manipal,Events,A technology conference will attract visitors to Manipal.,0
Karnataka,Udupi,Entertainment,A gaming centre has opened in Udupi.,0
Karnataka,Coorg,Residential,A mixed-use residential development with 250 apartments is planned on the outskirts of Coorg.,1
Goa,Mapusa,Finance,A fintech company has launched a new service in Mapusa. as part of its business expansion.,0
Maharashtra,Lonavala,Healthcare,A specialty hospital and associated facilities are planned near Lonavala.,1
Karnataka,Mangaluru,Commercial,Construction is expected to begin on a large commercial development in Mangaluru. as part of regional infrastructure development.,1
Goa,Morjim,Small Business,A neighbourhood pharmacy has opened a new branch in Morjim. according to the company.,0
Goa,Anjuna,Residential,A real estate developer has announced a large apartment project in Anjuna with multiple residential towers.,1
Goa,Baga,Events,A public seminar is scheduled in Baga.,0
Goa,Vasco da Gama,Small Business,A small clothing shop has opened in Vasco da Gama. according to the company.,0
Goa,Mapusa,Events,A business networking event will take place in Mapusa. according to the company announcement.,0
Goa,Vasco da Gama,Small Business,A small fitness studio has opened in Vasco da Gama. following the latest business update.,0
Maharashtra,Lonavala,Hospitality,A luxury resort with approximately 100 rooms is proposed near Lonavala.,1
Karnataka,Hassan,Small Business,A small clothing shop has opened in Hassan. following the latest business update.,0
Goa,Vasco da Gama,Industrial,A new industrial park is being developed near Vasco da Gama.,1
Karnataka,Udupi,Entertainment,A streaming company has announced an event in Udupi.,0
Maharashtra,Kolhapur,Transport,A railway service has announced schedule changes affecting Kolhapur. following a recent launch.,0
Goa,Vasco da Gama,Healthcare,A medical institution has announced construction of a new healthcare complex in Vasco da Gama.,1
Goa,Vasco da Gama,Education,Planning authorities have approved a new college campus in Vasco da Gama. following regulatory approval.,1
Karnataka,Mysuru,Institutional,A new administrative and residential campus is proposed near Mysuru. after receiving preliminary clearance.,1
Karnataka,Hubballi,Technology,A startup has raised funding to expand its technology operations in Hubballi. as part of its market expansion.,0
Karnataka,Tumakuru,Education,A large educational institution is developing a campus with hostels and dining facilities near Tumakuru. as part of a major private investment.,1
Maharashtra,Alibaug,Finance,A financial institution has increased its workforce in Alibaug. following a recent launch.,0
Maharashtra,Chhatrapati Sambhajinagar,Industrial,An industrial estate with multiple manufacturing units has been approved near Chhatrapati Sambhajinagar. as part of regional infrastructure development.,1
Maharashtra,Nagpur,Retail,A supermarket chain has launched a retail outlet in Nagpur.,0
Karnataka,Hassan,Senior Living,A developer has announced a large assisted-living project near Hassan. after receiving preliminary clearance.,1
Karnataka,Tumakuru,Hospitality,A hotel expansion will add more than 200 rooms and new guest facilities in Tumakuru.,1
Maharashtra,Thane,Hospitality,A luxury resort with approximately 250 rooms is proposed near Thane. following a new project announcement.,1
Maharashtra,Thane,Education,A boarding school campus with residential facilities is proposed near Thane. as part of a planned expansion.,1
Goa,Anjuna,Commercial,A large commercial complex is planned in Anjuna.,1
Karnataka,Tumakuru,Institutional,A research and development campus is being developed near Tumakuru. following an investment proposal.,1
Goa,Panaji,Senior Living,A new senior living community with residential facilities is planned near Panaji. after planning authority approval.,1
Goa,Candolim,Senior Living,A senior residential campus with common facilities is being developed near Candolim. after planning authority approval.,1
Karnataka,Hassan,Logistics,A distribution centre with multiple operational buildings is planned in Hassan. following regulatory approval.,1
Karnataka,Bengaluru,Commercial,A large commercial complex is planned in Bengaluru. following regulatory approval.,1
Goa,Anjuna,Education,A residential educational campus with hostels and common facilities is planned near Anjuna. following the acquisition of land.,1
Maharashtra,Pune,Healthcare,A hospital developer has received approval for a new multi-building medical campus in Pune. as part of a major private investment.,1
Goa,Vasco da Gama,Senior Living,A retirement housing development has received approval in Vasco da Gama.,1
Karnataka,Coorg,Technology,A software company has opened a new technology office in Coorg. as part of its business expansion.,0
Maharashtra,Mumbai,Employment,A consulting company has announced recruitment in Mumbai. as part of its operational expansion.,0
Maharashtra,Mumbai,Hospitality,A luxury resort with approximately 500 rooms is proposed near Mumbai.,1
Karnataka,Hubballi,Corporate,A consulting company has expanded its office space in Hubballi.,0
Maharashtra,Lonavala,Events,A technology conference will attract visitors to Lonavala. following a recent launch.,0
Maharashtra,Alibaug,Tourism,A new destination tourism complex is being planned in Alibaug. following a new project announcement.,1
Goa,Calangute,Small Business,A restaurant has launched a new location in Calangute.,0
Karnataka,Mysuru,Employment,A business process outsourcing company is hiring in Mysuru. as part of its regional growth strategy.,0
Maharashtra,Kolhapur,Tourism,A major tourism infrastructure project is proposed near Kolhapur. after receiving preliminary clearance.,1
Maharashtra,Thane,Logistics,A warehouse complex covering a large industrial area is proposed near Thane. after planning authority approval.,1
Maharashtra,Navi Mumbai,Education,A new university campus with student accommodation is planned near Navi Mumbai.,1
Karnataka,Bengaluru,Education,A boarding school campus with residential facilities is proposed near Bengaluru.,1
Goa,Panaji,Commercial,A new business park with multiple commercial buildings is being developed in Panaji. as part of a planned expansion.,1
Karnataka,Mysuru,Industrial,A manufacturing complex is planned on the outskirts of Mysuru. following regulatory approval.,1
Goa,Anjuna,Hospitality,A new 300-room hotel project has been announced in Anjuna. following regulatory approval.,1
Goa,Morjim,Technology,An IT company announced plans to increase its workforce in Morjim. as part of its operational expansion.,0
Karnataka,Mangaluru,Tourism,A tourism infrastructure expansion is planned in the Mangaluru region. as part of a major private investment.,1
Goa,Morjim,Small Business,A restaurant has launched a new location in Morjim. as part of its operational expansion.,0
Goa,Vasco da Gama,Healthcare,A healthcare company has announced a major hospital project near Vasco da Gama. following a new project announcement.,1
Karnataka,Hubballi,Transport,An airline has announced additional flights from Hubballi.,0
Maharashtra,Thane,Industrial,A large manufacturing campus with employee facilities is proposed near Thane. following a new project announcement.,1
Maharashtra,Mumbai,Events,A public seminar is scheduled in Mumbai.,0
Karnataka,Hassan,Transport,A courier company has launched a new service in Hassan. following the latest business update.,0
Goa,Candolim,Entertainment,A streaming company has announced an event in Candolim. according to the company announcement.,0
Karnataka,Tumakuru,Commercial,A new business park with multiple commercial buildings is being developed in Tumakuru.,1
Goa,Anjuna,Events,A cultural festival is scheduled to take place in Anjuna. following the latest business update.,0
Goa,Vasco da Gama,Corporate,A corporate services company has increased its workforce in Vasco da Gama.,0
Karnataka,Hubballi,Education,Planning authorities have approved a new college campus in Hubballi.,1
Karnataka,Manipal,Corporate,A professional services firm has opened a new office in Manipal. following a corporate announcement.,0
Karnataka,Hubballi,Tourism,A destination resort and visitor centre is proposed near Hubballi.,1
Karnataka,Udupi,Technology,A technology startup has launched a new software product from Udupi.,0
Karnataka,Belagavi,Tourism,A tourism developer has announced a large visitor accommodation project near Belagavi.,1
Goa,Calangute,Technology,A technology firm has expanded its office operations in Calangute. according to the company announcement.,0
Maharashtra,Chhatrapati Sambhajinagar,Institutional,A training and residential facility is proposed near Chhatrapati Sambhajinagar. following regulatory approval.,1
Maharashtra,Navi Mumbai,Small Business,A local café has expanded its operations in Navi Mumbai.,0
Goa,Ponda,Entertainment,An entertainment company has launched a new venue in Ponda. as part of its regional growth strategy.,0
Karnataka,Tumakuru,Transport,A bus operator has introduced a new route connecting Tumakuru. following a corporate announcement.,0
Goa,Ponda,Small Business,A local café has expanded its operations in Ponda.,0
Karnataka,Coorg,Healthcare,A private healthcare group is acquiring land for a new hospital near Coorg.,1
Goa,Anjuna,Entertainment,A theatre company has announced a performance in Anjuna. as part of its regional growth strategy.,0
Maharashtra,Navi Mumbai,Corporate,A recruitment company has expanded its operations in Navi Mumbai.,0
Maharashtra,Alibaug,Finance,A financial services company has expanded its operations in Alibaug. as part of its business expansion.,0
Goa,Anjuna,Transport,A logistics company has expanded its delivery network in Anjuna. according to the company announcement.,0
Maharashtra,Lonavala,Education,A large educational institution is developing a campus with hostels and dining facilities near Lonavala. as part of a major private investment.,1
Karnataka,Mangaluru,Transport,A ride-sharing company has expanded services in Mangaluru. as part of its business expansion.,0
Goa,Calangute,Tourism,A tourism company is planning a new destination project near Calangute. as part of a major private investment.,1
Maharashtra,Kolhapur,Logistics,A logistics company has acquired land for a new distribution hub near Kolhapur.,1
Goa,Morjim,Small Business,A small clothing shop has opened in Morjim. as part of its market expansion.,0
Maharashtra,Navi Mumbai,Tourism,A destination resort and visitor centre is proposed near Navi Mumbai.,1
Karnataka,Mysuru,Retail,A lifestyle brand has opened its latest outlet in Mysuru.,0
Goa,Margao,Tourism,A large visitor facility with accommodation and recreational infrastructure is proposed near Margao. as part of a planned expansion.,1
Karnataka,Tumakuru,Technology,A software company announced a new digital platform in Tumakuru. according to the company announcement.,0
Maharashtra,Pune,Logistics,A warehouse complex covering a large industrial area is proposed near Pune.,1
Goa,Vasco da Gama,Employment,A business process outsourcing company is hiring in Vasco da Gama. as part of its market expansion.,0
Karnataka,Mysuru,Technology,A technology company is recruiting engineers for its Mysuru office.,0
Karnataka,Bengaluru,Tourism,A large visitor facility with accommodation and recreational infrastructure is proposed near Bengaluru. after planning authority approval.,1
Maharashtra,Nagpur,Senior Living,A new senior living community with residential facilities is planned near Nagpur. as part of a major private investment.,1
Karnataka,Udupi,Small Business,A local electronics shop has expanded in Udupi.,0
Karnataka,Belagavi,Small Business,A small fitness studio has opened in Belagavi. as part of its market expansion.,0
Maharashtra,Kolhapur,Logistics,A multi-building logistics park is being developed on the outskirts of Kolhapur. after planning authority approval.,1
Maharashtra,Mumbai,Corporate,A legal services company has opened a new office in Mumbai. as part of its regional growth strategy.,0
Karnataka,Bengaluru,Finance,A financial institution has increased its workforce in Bengaluru. following the latest business update.,0
Goa,Morjim,Industrial,A large manufacturing campus with employee facilities is proposed near Morjim. as part of regional infrastructure development.,1
Karnataka,Hassan,Finance,A banking company has announced expansion of its branch network in Hassan. according to local reports.,0
Karnataka,Belagavi,Senior Living,A senior residential campus with common facilities is being developed near Belagavi.,1
Goa,Baga,Institutional,A research and development campus is being developed near Baga. after planning authority approval.,1
Karnataka,Coorg,Hospitality,A beach resort project with 150 guest rooms is proposed in Coorg. following the acquisition of land.,1
Karnataka,Tumakuru,Employment,A business process outsourcing company is hiring in Tumakuru. according to the company announcement.,0
Goa,Candolim,Transport,A courier company has launched a new service in Candolim. as part of its market expansion.,0
Karnataka,Hassan,Entertainment,A theatre company has announced a performance in Hassan. as part of its business expansion.,0
Maharashtra,Pune,Commercial,A new business park with multiple commercial buildings is being developed in Pune. as part of a major private investment.,1
Karnataka,Udupi,Hospitality,A luxury resort with approximately 200 rooms is proposed near Udupi. as part of a major private investment.,1
Goa,Morjim,Industrial,Construction approval has been granted for an industrial development in Morjim. as part of regional infrastructure development.,1
Goa,Vasco da Gama,Retail,A clothing company has announced a new retail location in Vasco da Gama.,0
Goa,Morjim,Technology,A software company has opened a new technology office in Morjim.,0
Maharashtra,Pune,Logistics,A freight and warehousing facility has received development approval near Pune. as part of regional infrastructure development.,1
Goa,Panaji,Education,A large educational institution is developing a campus with hostels and dining facilities near Panaji.,1
Karnataka,Mysuru,Employment,A financial company has announced recruitment in Mysuru. following the latest business update.,0
Maharashtra,Chhatrapati Sambhajinagar,Commercial,Construction is expected to begin on a large commercial development in Chhatrapati Sambhajinagar.,1
Karnataka,Mysuru,Logistics,A multi-building logistics park is being developed on the outskirts of Mysuru.,1
Karnataka,Tumakuru,Employment,A retail company plans to recruit staff in Tumakuru.,0
Goa,Panaji,Commercial,"A mixed-use development containing offices, retail space and public facilities is proposed near Panaji. after planning authority approval.",1
Goa,Panaji,Industrial,Construction approval has been granted for an industrial development in Panaji. following regulatory approval.,1
Goa,Vasco da Gama,Senior Living,A retirement community with healthcare and accommodation facilities is proposed in Vasco da Gama. after planning authority approval.,1
Goa,Margao,Healthcare,A large medical facility with residential accommodation for staff is proposed in Margao. following regulatory approval.,1
Karnataka,Hassan,Hospitality,A hotel expansion will add more than 120 rooms and new guest facilities in Hassan.,1
Maharashtra,Lonavala,Tourism,A large visitor facility with accommodation and recreational infrastructure is proposed near Lonavala.,1
Maharashtra,Alibaug,Tourism,A new destination tourism complex is being planned in Alibaug. as part of regional infrastructure development.,1
Goa,Baga,Small Business,A local bakery has opened a new outlet in Baga. as part of its market expansion.,0
Goa,Ponda,Transport,A ride-sharing company has expanded services in Ponda.,0
Karnataka,Hubballi,Logistics,A warehouse complex covering a large industrial area is proposed near Hubballi. following regulatory approval.,1
Maharashtra,Pune,Tourism,A new eco-tourism development is being evaluated near Pune. after planning authority approval.,1
Karnataka,Coorg,Healthcare,A large medical facility with residential accommodation for staff is proposed in Coorg. following the acquisition of land.,1
Goa,Anjuna,Employment,A technology firm plans to recruit additional employees in Anjuna. following a recent launch.,0
Goa,Margao,Technology,An IT company announced plans to increase its workforce in Margao.,0
Karnataka,Manipal,Hospitality,A tourism company has acquired land for a resort development near Manipal. following regulatory approval.,1
Karnataka,Bengaluru,Entertainment,A streaming company has announced an event in Bengaluru. as part of its operational expansion.,0
Karnataka,Tumakuru,Employment,A technology firm plans to recruit additional employees in Tumakuru.,0
Maharashtra,Lonavala,Finance,A financial company has moved into a larger office in Lonavala. according to local reports.,0
Maharashtra,Navi Mumbai,Technology,An IT company announced plans to increase its workforce in Navi Mumbai. as part of its business expansion.,0
Maharashtra,Kolhapur,Events,A sports event is planned in Kolhapur.,0
Karnataka,Hassan,Entertainment,A streaming company has announced an event in Hassan. according to the company announcement.,0
Goa,Anjuna,Corporate,A recruitment company has expanded its operations in Anjuna.,0
Karnataka,Udupi,Retail,A clothing company has announced a new retail location in Udupi. as part of its operational expansion.,0
Goa,Anjuna,Small Business,A convenience store has opened a new location in Anjuna. following a recent launch.,0
Maharashtra,Mumbai,Technology,An IT company announced plans to increase its workforce in Mumbai. as part of its business expansion.,0
Goa,Anjuna,Education,A private university has announced a residential campus project in Anjuna.,1
Maharashtra,Navi Mumbai,Entertainment,A music festival will take place in Navi Mumbai. according to the company announcement.,0
Goa,Morjim,Technology,A technology firm has expanded its office operations in Morjim. following a corporate announcement.,0
Goa,Candolim,Education,A residential educational campus with hostels and common facilities is planned near Candolim. after receiving preliminary clearance.,1
Maharashtra,Nagpur,Education,A new university development will accommodate several thousand students in Nagpur. following an investment proposal.,1
Maharashtra,Alibaug,Transport,A transportation company has increased its fleet operations in Alibaug. following a corporate announcement.,0
Karnataka,Hubballi,Senior Living,A senior residential campus with common facilities is being developed near Hubballi. as part of a major private investment.,1
Maharashtra,Nagpur,Corporate,A recruitment company has expanded its operations in Nagpur. following a recent launch.,0
Maharashtra,Mumbai,Industrial,An industrial developer has acquired land for a multi-unit industrial park near Mumbai. after receiving development permission.,1
Karnataka,Bengaluru,Industrial,A large industrial expansion project has been announced near Bengaluru. after planning authority approval.,1
Goa,Anjuna,Events,A cultural festival is scheduled to take place in Anjuna.,0
Maharashtra,Alibaug,Commercial,A large commercial complex is planned in Alibaug. after planning authority approval.,1
Goa,Mapusa,Senior Living,A retirement housing development has received approval in Mapusa. following regulatory approval.,1
Maharashtra,Alibaug,Healthcare,A healthcare company has announced a major hospital project near Alibaug. following a new project announcement.,1
Karnataka,Tumakuru,Finance,A financial services company has expanded its operations in Tumakuru. as part of its market expansion.,0
Goa,Morjim,Technology,A software company announced a new digital platform in Morjim.,0
Maharashtra,Pune,Commercial,"A mixed-use development containing offices, retail space and public facilities is proposed near Pune. following an investment proposal.",1
Karnataka,Mysuru,Residential,A real estate developer has announced a large apartment project in Mysuru with multiple residential towers. as part of regional infrastructure development.,1
Goa,Margao,Entertainment,A theatre company has announced a performance in Margao. according to the company announcement.,0
Goa,Baga,Transport,An airline has announced additional flights from Baga. according to the company announcement.,0
Karnataka,Coorg,Hospitality,A luxury resort with approximately 80 rooms is proposed near Coorg. following a new project announcement.,1
Karnataka,Mysuru,Industrial,A large industrial expansion project has been announced near Mysuru. following the acquisition of land.,1
Karnataka,Belagavi,Institutional,A training and residential facility is proposed near Belagavi.,1
Karnataka,Udupi,Small Business,A small clothing shop has opened in Udupi.,0
Maharashtra,Navi Mumbai,Small Business,A local electronics shop has expanded in Navi Mumbai. as part of its regional growth strategy.,0
Maharashtra,Lonavala,Transport,A logistics company has expanded its delivery network in Lonavala.,0
Karnataka,Hassan,Small Business,A local bakery has opened a new outlet in Hassan. as part of its operational expansion.,0
Karnataka,Manipal,Hospitality,A luxury resort with approximately 300 rooms is proposed near Manipal.,1
Goa,Mapusa,Small Business,A local bakery has opened a new outlet in Mapusa. as part of its operational expansion.,0
Karnataka,Hubballi,Finance,A fintech company has launched a new service in Hubballi.,0
Maharashtra,Mumbai,Logistics,A distribution centre with multiple operational buildings is planned in Mumbai. following the acquisition of land.,1
Karnataka,Hassan,Industrial,An industrial developer has acquired land for a multi-unit industrial park near Hassan.,1
Karnataka,Manipal,Logistics,A distribution centre with multiple operational buildings is planned in Manipal.,1
Karnataka,Mysuru,Small Business,A small clothing shop has opened in Mysuru.,0
Goa,Anjuna,Industrial,A manufacturing complex is planned on the outskirts of Anjuna.,1
Maharashtra,Lonavala,Small Business,A restaurant has launched a new location in Lonavala. as part of its operational expansion.,0
Maharashtra,Nashik,Industrial,A large industrial expansion project has been announced near Nashik.,1
Goa,Candolim,Small Business,A local electronics shop has expanded in Candolim. following a corporate announcement.,0
Karnataka,Tumakuru,Retail,A clothing company has announced a new retail location in Tumakuru.,0
Karnataka,Manipal,Events,A business conference will be held in Manipal. according to the company announcement.,0
Maharashtra,Alibaug,Entertainment,A theatre company has announced a performance in Alibaug.,0
Karnataka,Belagavi,Corporate,A business services firm has announced hiring in Belagavi.,0
Goa,Morjim,Hospitality,A new business hotel is planned near the commercial district of Morjim. following regulatory approval.,1
Karnataka,Mangaluru,Logistics,A distribution centre with multiple operational buildings is planned in Mangaluru. following an investment proposal.,1
Karnataka,Bengaluru,Institutional,An institutional development with multiple buildings has been approved near Bengaluru. as part of regional infrastructure development.,1
Maharashtra,Thane,Logistics,A logistics company has acquired land for a new distribution hub near Thane.,1
Goa,Panaji,Small Business,A neighbourhood pharmacy has opened a new branch in Panaji. following a corporate announcement.,0
Karnataka,Udupi,Retail,A clothing company has announced a new retail location in Udupi. as part of its market expansion.,0
Maharashtra,Lonavala,Retail,A national retail company has announced a new store in Lonavala. as part of its regional growth strategy.,0
Karnataka,Hassan,Retail,A grocery chain has expanded operations in Hassan. according to local reports.,0
Goa,Morjim,Corporate,A consulting company has expanded its office space in Morjim. following a corporate announcement.,0
Maharashtra,Nagpur,Commercial,A major commercial township has received development approval in Nagpur.,1
Maharashtra,Pune,Institutional,A public-sector organization has announced development of a new campus in Pune.,1
Goa,Baga,Technology,An IT company announced plans to increase its workforce in Baga. following the latest business update.,0
Karnataka,Hassan,Small Business,A neighbourhood pharmacy has opened a new branch in Hassan. as part of its business expansion.,0
Karnataka,Manipal,Finance,An insurance company has opened a new office in Manipal. according to the company announcement.,0
Maharashtra,Nagpur,Senior Living,A developer has announced a large assisted-living project near Nagpur. after planning authority approval.,1
Maharashtra,Kolhapur,Finance,A fintech company has launched a new service in Kolhapur. following a corporate announcement.,0
Maharashtra,Nagpur,Employment,A corporate employer has announced new vacancies in Nagpur. following a corporate announcement.,0
Karnataka,Coorg,Hospitality,A large eco-resort project is being evaluated near Coorg.,1
Goa,Mapusa,Finance,A banking company has announced expansion of its branch network in Mapusa. following the latest business update.,0
Maharashtra,Pune,Employment,A corporate employer has announced new vacancies in Pune. as part of its operational expansion.,0
Karnataka,Bengaluru,Transport,A transport operator has announced new routes from Bengaluru. as part of its market expansion.,0
Goa,Ponda,Employment,A startup is hiring employees for its Ponda office.,0
Goa,Baga,Finance,An insurance company has opened a new office in Baga.,0
Maharashtra,Nagpur,Logistics,A distribution centre with multiple operational buildings is planned in Nagpur.,1
Karnataka,Mangaluru,Small Business,A small clothing shop has opened in Mangaluru. following a recent launch.,0
Karnataka,Mysuru,Education,A new university campus with student accommodation is planned near Mysuru. after planning authority approval.,1
Maharashtra,Lonavala,Institutional,A research and development campus is being developed near Lonavala. as part of a planned expansion.,1
Karnataka,Hubballi,Retail,A consumer electronics company has opened a showroom in Hubballi. as part of its regional growth strategy.,0
Goa,Panaji,Finance,An insurance company has opened a new office in Panaji. as part of its business expansion.,0
Maharashtra,Navi Mumbai,Corporate,A professional services firm has opened a new office in Navi Mumbai. as part of its business expansion.,0
Karnataka,Mysuru,Small Business,A small fitness studio has opened in Mysuru. as part of its regional growth strategy.,0
Goa,Baga,Entertainment,A theatre company has announced a performance in Baga. as part of its business expansion.,0
Karnataka,Udupi,Industrial,A large manufacturing campus with employee facilities is proposed near Udupi.,1
Maharashtra,Kolhapur,Institutional,A research and development campus is being developed near Kolhapur. after receiving development permission.,1
Maharashtra,Lonavala,Logistics,A major e-commerce logistics hub is being developed near Lonavala. following the acquisition of land.,1
Maharashtra,Nagpur,Technology,An IT company announced plans to increase its workforce in Nagpur. according to local reports.,0
Maharashtra,Nashik,Technology,A technology startup has launched a new software product from Nashik. as part of its business expansion.,0
Maharashtra,Nagpur,Employment,A consulting company has announced recruitment in Nagpur.,0
Goa,Candolim,Technology,A software company has opened a new technology office in Candolim. following the latest business update.,0
Maharashtra,Lonavala,Healthcare,A hospital developer has received approval for a new multi-building medical campus in Lonavala. as part of regional infrastructure development.,1
Karnataka,Mysuru,Education,An educational trust has acquired land for a large institutional campus near Mysuru.,1
Maharashtra,Nashik,Commercial,A mixed-use property development with offices and retail facilities is planned in Nashik. as part of regional infrastructure development.,1
Karnataka,Mangaluru,Tourism,A tourism developer has announced a large visitor accommodation project near Mangaluru. after receiving development permission.,1
Karnataka,Mysuru,Education,An educational trust has acquired land for a large institutional campus near Mysuru. as part of regional infrastructure development.,1
Maharashtra,Navi Mumbai,Finance,A lending platform has launched services in Navi Mumbai.,0
Karnataka,Bengaluru,Transport,A logistics company has expanded its delivery network in Bengaluru. according to local reports.,0
Karnataka,Tumakuru,Corporate,A corporate services company has increased its workforce in Tumakuru. following a corporate announcement.,0
Karnataka,Belagavi,Finance,A banking company has announced expansion of its branch network in Belagavi. according to local reports.,0
Karnataka,Manipal,Small Business,A local bakery has opened a new outlet in Manipal. according to local reports.,0
Goa,Anjuna,Commercial,"A mixed-use development containing offices, retail space and public facilities is proposed near Anjuna. following an investment proposal.",1
Karnataka,Hubballi,Tourism,A major tourism investment has been announced near Hubballi.,1
Maharashtra,Chhatrapati Sambhajinagar,Events,A trade exhibition will be held in Chhatrapati Sambhajinagar. according to the company announcement.,0
Goa,Anjuna,Logistics,A large warehousing and distribution centre is proposed near Anjuna. following regulatory approval.,1
Maharashtra,Chhatrapati Sambhajinagar,Retail,A lifestyle brand has opened its latest outlet in Chhatrapati Sambhajinagar. following a recent launch.,0
Goa,Vasco da Gama,Tourism,A new destination tourism complex is being planned in Vasco da Gama. as part of a planned expansion.,1
Maharashtra,Pune,Education,A university expansion will include new student residences and academic buildings in Pune. after receiving preliminary clearance.,1
Karnataka,Tumakuru,Commercial,"A mixed-use development containing offices, retail space and public facilities is proposed near Tumakuru. as part of a major private investment.",1
Maharashtra,Alibaug,Entertainment,A recreational venue has opened in Alibaug. according to the company announcement.,0
Karnataka,Belagavi,Retail,A fashion retailer has opened a new store in Belagavi. as part of its regional growth strategy.,0
Goa,Candolim,Retail,A fashion retailer has opened a new store in Candolim.,0
Karnataka,Belagavi,Employment,A technology firm plans to recruit additional employees in Belagavi. as part of its operational expansion.,0
Maharashtra,Nashik,Tourism,A large visitor facility with accommodation and recreational infrastructure is proposed near Nashik. following regulatory approval.,1
Maharashtra,Pune,Industrial,A major industrial company has announced a new production facility near Pune. after receiving preliminary clearance.,1
Karnataka,Hubballi,Small Business,A convenience store has opened a new location in Hubballi. according to the company.,0
Maharashtra,Navi Mumbai,Residential,"A proposed residential township near Navi Mumbai will include apartments, community facilities and landscaped areas. after receiving development permission.",1
Karnataka,Udupi,Transport,An airline has announced additional flights from Udupi. as part of its operational expansion.,0
Goa,Anjuna,Transport,A logistics company has expanded its delivery network in Anjuna. as part of its regional growth strategy.,0
Karnataka,Bengaluru,Transport,A transport operator has announced new routes from Bengaluru.,0
Maharashtra,Navi Mumbai,Corporate,A consulting company has expanded its office space in Navi Mumbai.,0
Karnataka,Tumakuru,Corporate,A consulting company has expanded its office space in Tumakuru. as part of its operational expansion.,0
Karnataka,Hubballi,Employment,A technology firm plans to recruit additional employees in Hubballi.,0
Goa,Calangute,Institutional,A research institution is developing a new campus in Calangute. following the acquisition of land.,1
Goa,Morjim,Tourism,A tourism developer has announced a large visitor accommodation project near Morjim. as part of regional infrastructure development.,1
Goa,Baga,Residential,Planning authorities have approved a 750-unit housing project near Baga. as part of a planned expansion.,1
Karnataka,Tumakuru,Hospitality,A beach resort project with 200 guest rooms is proposed in Tumakuru. following regulatory approval.,1
Karnataka,Udupi,Technology,A technology company is recruiting engineers for its Udupi office. following the latest business update.,0
Karnataka,Belagavi,Senior Living,A developer has announced a large assisted-living project near Belagavi. as part of a major private investment.,1
Goa,Anjuna,Hospitality,A hotel expansion will add more than 120 rooms and new guest facilities in Anjuna.,1
Maharashtra,Navi Mumbai,Technology,A technology startup has launched a new software product from Navi Mumbai.,0
Maharashtra,Kolhapur,Corporate,A consulting company has expanded its office space in Kolhapur.,0
Karnataka,Tumakuru,Industrial,Several manufacturing units are expected to operate from a new industrial zone near Tumakuru.,1
Karnataka,Belagavi,Tourism,A new destination tourism complex is being planned in Belagavi.,1
Goa,Ponda,Healthcare,A specialty hospital and associated facilities are planned near Ponda.,1
Goa,Candolim,Logistics,A new supply-chain facility with employee amenities is planned near Candolim. following the acquisition of land.,1
Karnataka,Coorg,Transport,A logistics company has expanded its delivery network in Coorg. as part of its market expansion.,0
Maharashtra,Mumbai,Healthcare,A hospital developer has received approval for a new multi-building medical campus in Mumbai. following the acquisition of land.,1
Goa,Vasco da Gama,Education,An educational trust has acquired land for a large institutional campus near Vasco da Gama. following an investment proposal.,1
Goa,Mapusa,Senior Living,A retirement housing development has received approval in Mapusa.,1
Maharashtra,Navi Mumbai,Small Business,A restaurant has launched a new location in Navi Mumbai. as part of its business expansion.,0
Karnataka,Mysuru,Healthcare,A hospital expansion project will add new patient accommodation and treatment facilities in Mysuru. following an investment proposal.,1
Goa,Baga,Residential,A RERA-registered residential development comprising 300 apartments has been announced in Baga. following the acquisition of land.,1
Maharashtra,Nagpur,Residential,A developer has acquired land for a large residential township in Nagpur. after receiving preliminary clearance.,1
Goa,Mapusa,Industrial,An industrial developer has acquired land for a multi-unit industrial park near Mapusa. after receiving preliminary clearance.,1
Goa,Mapusa,Transport,A transportation company has increased its fleet operations in Mapusa. as part of its market expansion.,0
Goa,Mapusa,Education,A boarding school campus with residential facilities is proposed near Mapusa.,1
Goa,Calangute,Logistics,A warehouse complex covering a large industrial area is proposed near Calangute.,1
Goa,Anjuna,Industrial,A large industrial expansion project has been announced near Anjuna.,1
Karnataka,Manipal,Hospitality,A new 250-room hotel project has been announced in Manipal. as part of a planned expansion.,1
Maharashtra,Navi Mumbai,Transport,A logistics company has expanded its delivery network in Navi Mumbai.,0
Karnataka,Manipal,Employment,A financial company has announced recruitment in Manipal. according to local reports.,0
Goa,Ponda,Small Business,A convenience store has opened a new location in Ponda. according to the company announcement.,0
Karnataka,Hubballi,Logistics,A logistics developer has announced a new large-scale warehouse campus near Hubballi. following regulatory approval.,1
Goa,Panaji,Commercial,A mixed-use property development with offices and retail facilities is planned in Panaji. after receiving preliminary clearance.,1
Karnataka,Manipal,Institutional,An institutional development with multiple buildings has been approved near Manipal. after receiving preliminary clearance.,1
Goa,Panaji,Employment,A business process outsourcing company is hiring in Panaji. as part of its regional growth strategy.,0
Maharashtra,Mumbai,Finance,A banking company has announced expansion of its branch network in Mumbai.,0
Maharashtra,Pune,Tourism,A new eco-tourism development is being evaluated near Pune. as part of a major private investment.,1
Goa,Vasco da Gama,Transport,A transport operator has announced new routes from Vasco da Gama.,0
Maharashtra,Lonavala,Logistics,A large warehousing and distribution centre is proposed near Lonavala. after receiving development permission.,1
Karnataka,Mysuru,Retail,A grocery chain has expanded operations in Mysuru. according to local reports.,0
Goa,Anjuna,Events,A technology conference will attract visitors to Anjuna. according to the company.,0
Goa,Margao,Commercial,A new business park with multiple commercial buildings is being developed in Margao.,1
Goa,Anjuna,Corporate,A legal services company has opened a new office in Anjuna. as part of its market expansion.,0
Goa,Candolim,Retail,A grocery chain has expanded operations in Candolim. as part of its regional growth strategy.,0
Karnataka,Belagavi,Corporate,A management consulting company has announced expansion in Belagavi.,0
Karnataka,Hassan,Corporate,A professional services firm has opened a new office in Hassan. as part of its market expansion.,0
Maharashtra,Thane,Small Business,A local electronics shop has expanded in Thane.,0
Maharashtra,Thane,Industrial,Several manufacturing units are expected to operate from a new industrial zone near Thane. after planning authority approval.,1
Karnataka,Hubballi,Tourism,A large visitor facility with accommodation and recreational infrastructure is proposed near Hubballi.,1
Maharashtra,Mumbai,Logistics,A warehouse complex covering a large industrial area is proposed near Mumbai. after receiving preliminary clearance.,1
Goa,Ponda,Entertainment,A cinema chain has announced a new screen in Ponda. as part of its market expansion.,0
Maharashtra,Thane,Education,Planning authorities have approved a new college campus in Thane. following a new project announcement.,1
Maharashtra,Pune,Logistics,A warehouse complex covering a large industrial area is proposed near Pune. after receiving development permission.,1
Karnataka,Belagavi,Finance,A financial company has moved into a larger office in Belagavi.,0
Maharashtra,Chhatrapati Sambhajinagar,Small Business,A small fitness studio has opened in Chhatrapati Sambhajinagar.,0
Karnataka,Mangaluru,Small Business,A small fitness studio has opened in Mangaluru.,0
Goa,Panaji,Entertainment,An entertainment brand has expanded its operations in Panaji.,0
Maharashtra,Chhatrapati Sambhajinagar,Residential,A RERA-registered residential development comprising 2500 apartments has been announced in Chhatrapati Sambhajinagar.,1
Maharashtra,Mumbai,Entertainment,An entertainment company has launched a new venue in Mumbai.,0
Maharashtra,Alibaug,Logistics,A multi-building logistics park is being developed on the outskirts of Alibaug. after receiving development permission.,1
Karnataka,Manipal,Technology,A technology startup has launched a new software product from Manipal. according to local reports.,0
Maharashtra,Pune,Retail,A fashion retailer has opened a new store in Pune. as part of its operational expansion.,0
Karnataka,Mangaluru,Small Business,A restaurant has launched a new location in Mangaluru.,0
Maharashtra,Pune,Technology,A technology firm has expanded its office operations in Pune. as part of its market expansion.,0
Maharashtra,Alibaug,Residential,A developer has acquired land for a large residential township in Alibaug. following a new project announcement.,1
Maharashtra,Pune,Retail,A consumer electronics company has opened a showroom in Pune.,0
Karnataka,Manipal,Education,A new university campus with student accommodation is planned near Manipal.,1
Karnataka,Manipal,Events,A public seminar is scheduled in Manipal. as part of its market expansion.,0
Goa,Anjuna,Logistics,A warehouse complex covering a large industrial area is proposed near Anjuna. following an investment proposal.,1
Karnataka,Coorg,Tourism,A large visitor facility with accommodation and recreational infrastructure is proposed near Coorg. following a new project announcement.,1
Karnataka,Tumakuru,Technology,A startup has raised funding to expand its technology operations in Tumakuru. following a corporate announcement.,0
Maharashtra,Pune,Residential,Planning authorities have approved a 750-unit housing project near Pune. following regulatory approval.,1
Goa,Panaji,Hospitality,Construction approval has been granted for a large tourism resort in Panaji. as part of regional infrastructure development.,1
Maharashtra,Nagpur,Finance,A financial services company has expanded its operations in Nagpur. following a corporate announcement.,0
Karnataka,Manipal,Logistics,A new supply-chain facility with employee amenities is planned near Manipal. as part of a major private investment.,1
Goa,Baga,Events,A technology conference will attract visitors to Baga.,0
Maharashtra,Pune,Industrial,A large industrial expansion project has been announced near Pune. as part of a planned expansion.,1
Karnataka,Belagavi,Retail,A grocery chain has expanded operations in Belagavi. as part of its business expansion.,0
Goa,Mapusa,Employment,A retail company plans to recruit staff in Mapusa. according to the company.,0
Karnataka,Bengaluru,Education,A new university development will accommodate several thousand students in Bengaluru. following regulatory approval.,1
Maharashtra,Nagpur,Retail,A grocery chain has expanded operations in Nagpur. according to the company.,0
Karnataka,Coorg,Events,A sports event is planned in Coorg. as part of its market expansion.,0
Goa,Mapusa,Residential,A developer has acquired land for a large residential township in Mapusa. as part of a planned expansion.,1
Goa,Baga,Finance,A banking company has announced expansion of its branch network in Baga.,0
Maharashtra,Mumbai,Hospitality,A new 150-room hotel project has been announced in Mumbai.,1
Goa,Ponda,Finance,A financial institution has increased its workforce in Ponda.,0
Karnataka,Coorg,Employment,A company has announced hiring for its Coorg operations. as part of its regional growth strategy.,0
Karnataka,Mangaluru,Senior Living,A senior residential campus with common facilities is being developed near Mangaluru. as part of a planned expansion.,1
Goa,Candolim,Institutional,A large institutional campus is planned near Candolim.,1
Goa,Baga,Healthcare,A specialty hospital and associated facilities are planned near Baga.,1
Goa,Panaji,Education,A residential educational campus with hostels and common facilities is planned near Panaji. after receiving preliminary clearance.,1
Goa,Ponda,Technology,A software company announced a new digital platform in Ponda. following a corporate announcement.,0
Maharashtra,Pune,Commercial,Construction is expected to begin on a large commercial development in Pune. as part of a planned expansion.,1
Maharashtra,Chhatrapati Sambhajinagar,Corporate,A management consulting company has announced expansion in Chhatrapati Sambhajinagar. following a recent launch.,0
Karnataka,Manipal,Education,A new university campus with student accommodation is planned near Manipal. following a new project announcement.,1
Goa,Candolim,Technology,An IT services company has opened a new corporate office in Candolim. following a corporate announcement.,0
Goa,Vasco da Gama,Institutional,A new administrative and residential campus is proposed near Vasco da Gama. following the acquisition of land.,1
Goa,Margao,Finance,A financial services company has expanded its operations in Margao. as part of its operational expansion.,0
Goa,Morjim,Commercial,A new business park with multiple commercial buildings is being developed in Morjim. as part of a major private investment.,1
Maharashtra,Navi Mumbai,Senior Living,A retirement housing development has received approval in Navi Mumbai. after receiving development permission.,1
Karnataka,Mangaluru,Finance,A financial services company has expanded its operations in Mangaluru.,0
Goa,Margao,Events,A sports event is planned in Margao. following the latest business update.,0
Karnataka,Manipal,Small Business,A neighbourhood pharmacy has opened a new branch in Manipal. according to the company announcement.,0
Goa,Calangute,Technology,An IT services company has opened a new corporate office in Calangute. as part of its operational expansion.,0
Karnataka,Tumakuru,Residential,A mixed-use residential development with 600 apartments is planned on the outskirts of Tumakuru. after receiving preliminary clearance.,1
Goa,Vasco da Gama,Senior Living,A retirement community with healthcare and accommodation facilities is proposed in Vasco da Gama. following a new project announcement.,1
Goa,Morjim,Finance,A lending platform has launched services in Morjim. as part of its regional growth strategy.,0
Maharashtra,Pune,Small Business,A neighbourhood pharmacy has opened a new branch in Pune. following a corporate announcement.,0
Maharashtra,Chhatrapati Sambhajinagar,Institutional,An institutional development with multiple buildings has been approved near Chhatrapati Sambhajinagar. following a new project announcement.,1
Karnataka,Coorg,Transport,A logistics company has expanded its delivery network in Coorg. according to local reports.,0
Karnataka,Belagavi,Education,A private university has announced a residential campus project in Belagavi.,1
Maharashtra,Nashik,Tourism,A destination resort and visitor centre is proposed near Nashik. as part of a planned expansion.,1
Goa,Anjuna,Senior Living,A senior residential campus with common facilities is being developed near Anjuna. following the acquisition of land.,1
Karnataka,Bengaluru,Commercial,A large business district expansion has been announced near Bengaluru. following a new project announcement.,1
Goa,Mapusa,Institutional,An institutional development with multiple buildings has been approved near Mapusa. following regulatory approval.,1
Goa,Ponda,Logistics,A multi-building logistics park is being developed on the outskirts of Ponda. following an investment proposal.,1
Goa,Anjuna,Employment,A business process outsourcing company is hiring in Anjuna.,0
Karnataka,Tumakuru,Senior Living,A developer has announced a large assisted-living project near Tumakuru. as part of a planned expansion.,1
Karnataka,Bengaluru,Small Business,A restaurant has launched a new location in Bengaluru.,0
Goa,Ponda,Industrial,A manufacturing complex is planned on the outskirts of Ponda.,1
Karnataka,Hassan,Residential,A large residential complex with common amenities is under development near Hassan. following a new project announcement.,1
Karnataka,Udupi,Technology,A software company has opened a new technology office in Udupi. following the latest business update.,0
Maharashtra,Lonavala,Events,A cultural festival is scheduled to take place in Lonavala. as part of its market expansion.,0
Karnataka,Manipal,Corporate,A professional services firm has opened a new office in Manipal.,0
Goa,Vasco da Gama,Residential,A developer has acquired land for a large residential township in Vasco da Gama.,1
Goa,Calangute,Technology,A startup has raised funding to expand its technology operations in Calangute. following a corporate announcement.,0
Maharashtra,Chhatrapati Sambhajinagar,Tourism,A tourism infrastructure expansion is planned in the Chhatrapati Sambhajinagar region. after planning authority approval.,1
Maharashtra,Kolhapur,Small Business,A convenience store has opened a new location in Kolhapur. following the latest business update.,0
Maharashtra,Nashik,Small Business,A convenience store has opened a new location in Nashik. following a recent launch.,0
Karnataka,Tumakuru,Residential,"A proposed residential township near Tumakuru will include apartments, community facilities and landscaped areas. after receiving preliminary clearance.",1
Maharashtra,Kolhapur,Retail,A national retail company has announced a new store in Kolhapur. according to the company.,0
Karnataka,Belagavi,Industrial,A manufacturing complex is planned on the outskirts of Belagavi. following regulatory approval.,1
Karnataka,Hassan,Education,A new higher-education campus is being developed on the outskirts of Hassan.,1
Goa,Margao,Retail,A national retail company has announced a new store in Margao.,0
Maharashtra,Lonavala,Finance,A lending platform has launched services in Lonavala. according to local reports.,0
Goa,Candolim,Commercial,A large shopping and commercial complex is proposed near Candolim. after planning authority approval.,1
Goa,Calangute,Small Business,A local café has expanded its operations in Calangute.,0
Maharashtra,Nashik,Industrial,A new industrial park is being developed near Nashik. as part of regional infrastructure development.,1
Goa,Mapusa,Employment,A company has announced hiring for its Mapusa operations. following a recent launch.,0
Karnataka,Mysuru,Corporate,A corporate advisory company has increased its presence in Mysuru. according to the company.,0
Karnataka,Hassan,Technology,A software company has opened a new technology office in Hassan. as part of its operational expansion.,0
Goa,Morjim,Entertainment,A cinema chain has announced a new screen in Morjim. as part of its operational expansion.,0
Goa,Morjim,Transport,A transportation company has increased its fleet operations in Morjim.,0
Maharashtra,Navi Mumbai,Entertainment,An entertainment company has launched a new venue in Navi Mumbai.,0
Goa,Calangute,Small Business,A local electronics shop has expanded in Calangute. as part of its market expansion.,0
Karnataka,Hassan,Senior Living,A senior residential campus with common facilities is being developed near Hassan. after receiving preliminary clearance.,1
Karnataka,Mangaluru,Healthcare,A large medical facility with residential accommodation for staff is proposed in Mangaluru. after receiving development permission.,1
Maharashtra,Nashik,Healthcare,A hospital developer has received approval for a new multi-building medical campus in Nashik. following the acquisition of land.,1
Karnataka,Tumakuru,Institutional,A research and development campus is being developed near Tumakuru. following the acquisition of land.,1
Karnataka,Udupi,Institutional,A large institutional complex with accommodation facilities is planned near Udupi.,1
Goa,Panaji,Commercial,A mixed-use property development with offices and retail facilities is planned in Panaji. as part of regional infrastructure development.,1
Goa,Calangute,Transport,A railway service has announced schedule changes affecting Calangute.,0
Goa,Margao,Industrial,An industrial estate with multiple manufacturing units has been approved near Margao.,1
Karnataka,Udupi,Institutional,A training and residential facility is proposed near Udupi. following a new project announcement.,1
Goa,Ponda,Finance,A lending platform has launched services in Ponda.,0
Maharashtra,Nashik,Hospitality,A hospitality developer is planning a new property with guest accommodation and recreational facilities near Nashik. after receiving development permission.,1
Karnataka,Bengaluru,Retail,A lifestyle brand has opened its latest outlet in Bengaluru. according to local reports.,0
Goa,Mapusa,Transport,A ride-sharing company has expanded services in Mapusa.,0
Maharashtra,Chhatrapati Sambhajinagar,Transport,A courier company has launched a new service in Chhatrapati Sambhajinagar. as part of its operational expansion.,0
Goa,Panaji,Education,An educational trust has acquired land for a large institutional campus near Panaji. after receiving development permission.,1
Maharashtra,Kolhapur,Events,A trade exhibition will be held in Kolhapur. according to local reports.,0
Goa,Baga,Technology,A technology company is recruiting engineers for its Baga office. according to the company announcement.,0
Maharashtra,Kolhapur,Healthcare,A hospital expansion project will add new patient accommodation and treatment facilities in Kolhapur. after planning authority approval.,1
Goa,Mapusa,Residential,Construction is expected to begin on a new gated community containing approximately 400 homes near Mapusa.,1
Goa,Morjim,Institutional,A research and development campus is being developed near Morjim.,1
Maharashtra,Chhatrapati Sambhajinagar,Small Business,A local café has expanded its operations in Chhatrapati Sambhajinagar. following a recent launch.,0
Maharashtra,Kolhapur,Healthcare,Planning authorities have approved a new medical campus in Kolhapur. following regulatory approval.,1
Maharashtra,Nagpur,Employment,A retail company plans to recruit staff in Nagpur. following the latest business update.,0
Karnataka,Coorg,Industrial,A major industrial company has announced a new production facility near Coorg.,1
Maharashtra,Nashik,Employment,A company has announced hiring for its Nashik operations.,0
Goa,Baga,Residential,A real estate developer has announced a large apartment project in Baga with multiple residential towers. after planning authority approval.,1
Karnataka,Udupi,Tourism,A large visitor facility with accommodation and recreational infrastructure is proposed near Udupi.,1
Maharashtra,Alibaug,Entertainment,An entertainment brand has expanded its operations in Alibaug. as part of its regional growth strategy.,0
Maharashtra,Nashik,Technology,A software company announced a new digital platform in Nashik.,0
Goa,Ponda,Residential,A new housing project targeting more than 5000 residents has received preliminary approval in Ponda. after receiving preliminary clearance.,1
Goa,Vasco da Gama,Entertainment,A theatre company has announced a performance in Vasco da Gama. as part of its business expansion.,0
Goa,Mapusa,Senior Living,A retirement community with healthcare and accommodation facilities is proposed in Mapusa. as part of a major private investment.,1
Goa,Baga,Retail,A supermarket chain has launched a retail outlet in Baga.,0
Karnataka,Mangaluru,Retail,A lifestyle brand has opened its latest outlet in Mangaluru.,0
Maharashtra,Kolhapur,Senior Living,A senior residential campus with common facilities is being developed near Kolhapur. following the acquisition of land.,1
Goa,Mapusa,Tourism,A tourism company is planning a new destination project near Mapusa. after receiving preliminary clearance.,1
Karnataka,Coorg,Entertainment,An entertainment company has launched a new venue in Coorg.,0
Goa,Mapusa,Education,Planning authorities have approved a new college campus in Mapusa. following the acquisition of land.,1
Karnataka,Belagavi,Commercial,"A mixed-use development containing offices, retail space and public facilities is proposed near Belagavi.",1
Goa,Ponda,Corporate,A management consulting company has announced expansion in Ponda.,0
Maharashtra,Nagpur,Finance,A fintech company has launched a new service in Nagpur.,0
Karnataka,Manipal,Transport,A railway service has announced schedule changes affecting Manipal. according to the company announcement.,0
Karnataka,Udupi,Corporate,A recruitment company has expanded its operations in Udupi. following the latest business update.,0
Karnataka,Belagavi,Retail,A consumer electronics company has opened a showroom in Belagavi.,0
Goa,Morjim,Corporate,A recruitment company has expanded its operations in Morjim.,0
Maharashtra,Chhatrapati Sambhajinagar,Technology,An IT company announced plans to increase its workforce in Chhatrapati Sambhajinagar. as part of its business expansion.,0
Maharashtra,Chhatrapati Sambhajinagar,Finance,A financial company has moved into a larger office in Chhatrapati Sambhajinagar.,0
Goa,Candolim,Entertainment,A music festival will take place in Candolim. following a corporate announcement.,0
Goa,Baga,Finance,A lending platform has launched services in Baga. following a recent launch.,0
Goa,Baga,Institutional,A research institution is developing a new campus in Baga. following a new project announcement.,1
Maharashtra,Thane,Education,A university expansion will include new student residences and academic buildings in Thane.,1
Maharashtra,Lonavala,Retail,A fashion retailer has opened a new store in Lonavala. following the latest business update.,0
Karnataka,Bengaluru,Tourism,A new destination tourism complex is being planned in Bengaluru. as part of a planned expansion.,1
Karnataka,Coorg,Entertainment,A theatre company has announced a performance in Coorg. following the latest business update.,0
Goa,Margao,Industrial,A major industrial company has announced a new production facility near Margao. after planning authority approval.,1
Goa,Candolim,Industrial,A large industrial expansion project has been announced near Candolim.,1
Goa,Mapusa,Hospitality,A large eco-resort project is being evaluated near Mapusa. following an investment proposal.,1
Karnataka,Mysuru,Commercial,A new corporate campus with multiple buildings is planned near Mysuru. as part of a planned expansion.,1
Karnataka,Tumakuru,Employment,A technology firm plans to recruit additional employees in Tumakuru. following a recent launch.,0
Goa,Mapusa,Entertainment,A recreational venue has opened in Mapusa.,0
Goa,Baga,Senior Living,A new senior living community with residential facilities is planned near Baga. as part of a planned expansion.,1
Maharashtra,Nashik,Healthcare,Planning authorities have approved a new medical campus in Nashik. as part of a planned expansion.,1
Goa,Calangute,Education,Planning authorities have approved a new college campus in Calangute.,1
Maharashtra,Pune,Corporate,A corporate services company has increased its workforce in Pune. as part of its market expansion.,0
Goa,Calangute,Senior Living,A senior residential campus with common facilities is being developed near Calangute. as part of regional infrastructure development.,1
Goa,Baga,Entertainment,A streaming company has announced an event in Baga.,0
Goa,Candolim,Logistics,A logistics developer has announced a new large-scale warehouse campus near Candolim.,1
Maharashtra,Pune,Finance,A lending platform has launched services in Pune. as part of its operational expansion.,0
Karnataka,Tumakuru,Small Business,A local bakery has opened a new outlet in Tumakuru.,0
Goa,Vasco da Gama,Tourism,A tourism company is planning a new destination project near Vasco da Gama. as part of a major private investment.,1
Karnataka,Tumakuru,Small Business,A neighbourhood pharmacy has opened a new branch in Tumakuru. as part of its operational expansion.,0
Karnataka,Mysuru,Transport,A logistics company has expanded its delivery network in Mysuru. as part of its operational expansion.,0
Karnataka,Hassan,Finance,A bank has opened a new branch in Hassan.,0
Karnataka,Udupi,Institutional,A government-supported campus project has received approval in Udupi.,1
Goa,Morjim,Events,A technology conference will attract visitors to Morjim. following a recent launch.,0
Maharashtra,Navi Mumbai,Tourism,A new eco-tourism development is being evaluated near Navi Mumbai.,1
Goa,Candolim,Events,A public seminar is scheduled in Candolim.,0
Goa,Margao,Industrial,A major industrial company has announced a new production facility near Margao. after receiving preliminary clearance.,1
Maharashtra,Chhatrapati Sambhajinagar,Tourism,Authorities have approved a tourism development project near Chhatrapati Sambhajinagar. as part of regional infrastructure development.,1
Karnataka,Coorg,Events,A business networking event will take place in Coorg. as part of its market expansion.,0
Maharashtra,Navi Mumbai,Events,A technology conference will attract visitors to Navi Mumbai. according to the company.,0
Karnataka,Hassan,Tourism,A new destination tourism complex is being planned in Hassan. following the acquisition of land.,1
Karnataka,Mysuru,Hospitality,A hotel expansion will add more than 750 rooms and new guest facilities in Mysuru. following a new project announcement.,1
Goa,Panaji,Corporate,A consulting company has expanded its office space in Panaji.,0
Maharashtra,Lonavala,Technology,A technology startup has launched a new software product from Lonavala.,0
Karnataka,Hassan,Healthcare,A hospital expansion project will add new patient accommodation and treatment facilities in Hassan.,1
Goa,Mapusa,Corporate,A professional services firm has opened a new office in Mapusa. following the latest business update.,0
Goa,Morjim,Technology,A startup has raised funding to expand its technology operations in Morjim.,0
Goa,Baga,Entertainment,A streaming company has announced an event in Baga. as part of its operational expansion.,0
Goa,Ponda,Healthcare,A private healthcare group is acquiring land for a new hospital near Ponda.,1
Karnataka,Belagavi,Corporate,A corporate advisory company has increased its presence in Belagavi. as part of its market expansion.,0
Goa,Morjim,Corporate,A business services firm has announced hiring in Morjim. according to the company announcement.,0
Goa,Candolim,Small Business,A convenience store has opened a new location in Candolim. following a recent launch.,0
Goa,Margao,Transport,A railway service has announced schedule changes affecting Margao. as part of its market expansion.,0
Karnataka,Tumakuru,Small Business,A restaurant has launched a new location in Tumakuru.,0
Karnataka,Coorg,Finance,An insurance company has opened a new office in Coorg. following the latest business update.,0
Goa,Calangute,Commercial,Construction is expected to begin on a large commercial development in Calangute. as part of regional infrastructure development.,1
Goa,Morjim,Senior Living,A developer has announced a large assisted-living project near Morjim.,1
Karnataka,Bengaluru,Hospitality,A tourism company has acquired land for a resort development near Bengaluru.,1
Goa,Morjim,Technology,A technology firm has expanded its office operations in Morjim. as part of its operational expansion.,0
Maharashtra,Pune,Retail,A lifestyle brand has opened its latest outlet in Pune.,0
Maharashtra,Alibaug,Entertainment,A recreational venue has opened in Alibaug. according to the company.,0
Maharashtra,Pune,Transport,A bus operator has introduced a new route connecting Pune. as part of its market expansion.,0
Maharashtra,Navi Mumbai,Employment,A business process outsourcing company is hiring in Navi Mumbai. following the latest business update.,0
Maharashtra,Thane,Entertainment,An entertainment brand has expanded its operations in Thane. as part of its market expansion.,0
Karnataka,Hassan,Small Business,A small clothing shop has opened in Hassan.,0
Maharashtra,Nashik,Retail,A fashion retailer has opened a new store in Nashik. according to local reports.,0
Goa,Margao,Small Business,A neighbourhood pharmacy has opened a new branch in Margao. according to the company announcement.,0
Maharashtra,Mumbai,Residential,A large residential complex with common amenities is under development near Mumbai. as part of regional infrastructure development.,1
Goa,Candolim,Industrial,A large manufacturing campus with employee facilities is proposed near Candolim. after planning authority approval.,1
Karnataka,Mysuru,Residential,A developer has acquired land for a large residential township in Mysuru. after receiving preliminary clearance.,1
Maharashtra,Pune,Hospitality,Construction approval has been granted for a large tourism resort in Pune. as part of a major private investment.,1
Goa,Candolim,Finance,A banking company has announced expansion of its branch network in Candolim. according to the company announcement.,0
Karnataka,Mangaluru,Finance,A banking company has announced expansion of its branch network in Mangaluru. as part of its market expansion.,0
Karnataka,Hassan,Hospitality,"A new hospitality complex with restaurants, accommodation and recreational facilities is planned near Hassan. after planning authority approval.",1
Karnataka,Mysuru,Small Business,A small fitness studio has opened in Mysuru. as part of its business expansion.,0
Karnataka,Bengaluru,Events,A technology conference will attract visitors to Bengaluru. as part of its regional growth strategy.,0
Karnataka,Mangaluru,Logistics,A major e-commerce logistics hub is being developed near Mangaluru.,1
Goa,Morjim,Commercial,A large commercial complex is planned in Morjim. following regulatory approval.,1
Goa,Mapusa,Transport,A transport operator has announced new routes from Mapusa. as part of its business expansion.,0
Karnataka,Tumakuru,Finance,A bank has opened a new branch in Tumakuru. according to local reports.,0
Karnataka,Manipal,Entertainment,A recreational venue has opened in Manipal.,0
Maharashtra,Navi Mumbai,Corporate,A consulting company has expanded its office space in Navi Mumbai. as part of its regional growth strategy.,0
Goa,Mapusa,Commercial,A new corporate campus with multiple buildings is planned near Mapusa. after receiving preliminary clearance.,1
Maharashtra,Kolhapur,Hospitality,"A new hospitality complex with restaurants, accommodation and recreational facilities is planned near Kolhapur. as part of a planned expansion.",1
Karnataka,Bengaluru,Small Business,A local electronics shop has expanded in Bengaluru. as part of its market expansion.,0
Karnataka,Manipal,Logistics,A distribution centre with multiple operational buildings is planned in Manipal. as part of regional infrastructure development.,1
Karnataka,Hubballi,Hospitality,A hotel expansion will add more than 150 rooms and new guest facilities in Hubballi. after planning authority approval.,1
Karnataka,Coorg,Healthcare,A healthcare company has announced a major hospital project near Coorg. as part of a major private investment.,1
Goa,Calangute,Industrial,A new production facility is expected to begin construction in the Calangute region. after receiving development permission.,1
Maharashtra,Navi Mumbai,Corporate,A management consulting company has announced expansion in Navi Mumbai.,0
Goa,Candolim,Entertainment,A theatre company has announced a performance in Candolim. following a recent launch.,0
Maharashtra,Nashik,Corporate,A corporate advisory company has increased its presence in Nashik. as part of its business expansion.,0
Goa,Baga,Residential,Planning authorities have approved a 600-unit housing project near Baga. as part of a major private investment.,1
Goa,Baga,Institutional,A research institution is developing a new campus in Baga. following regulatory approval.,1
Karnataka,Hassan,Transport,A logistics company has expanded its delivery network in Hassan.,0
Maharashtra,Chhatrapati Sambhajinagar,Logistics,A large warehousing and distribution centre is proposed near Chhatrapati Sambhajinagar. as part of a major private investment.,1
Goa,Mapusa,Senior Living,A new senior living community with residential facilities is planned near Mapusa. as part of a planned expansion.,1
Maharashtra,Navi Mumbai,Senior Living,A developer has announced a large assisted-living project near Navi Mumbai. after receiving development permission.,1
Goa,Baga,Transport,A courier company has launched a new service in Baga. as part of its regional growth strategy.,0
Karnataka,Coorg,Retail,A lifestyle brand has opened its latest outlet in Coorg.,0
Goa,Morjim,Small Business,A local café has expanded its operations in Morjim. as part of its operational expansion.,0
Goa,Calangute,Hospitality,A hospitality developer is planning a new property with guest accommodation and recreational facilities near Calangute. following regulatory approval.,1
Maharashtra,Kolhapur,Healthcare,A specialty hospital and associated facilities are planned near Kolhapur. after receiving preliminary clearance.,1
Maharashtra,Lonavala,Events,A public seminar is scheduled in Lonavala. as part of its business expansion.,0
Karnataka,Mysuru,Senior Living,A developer has announced a large assisted-living project near Mysuru. after receiving development permission.,1
Karnataka,Mysuru,Logistics,A warehouse complex covering a large industrial area is proposed near Mysuru. after receiving preliminary clearance.,1
Goa,Margao,Industrial,A new industrial park is being developed near Margao. after receiving preliminary clearance.,1
Maharashtra,Nagpur,Senior Living,A retirement housing development has received approval in Nagpur.,1
Karnataka,Manipal,Commercial,A large commercial complex is planned in Manipal. after receiving development permission.,1
Karnataka,Coorg,Small Business,A local bakery has opened a new outlet in Coorg.,0
Maharashtra,Kolhapur,Industrial,An industrial estate with multiple manufacturing units has been approved near Kolhapur.,1
Maharashtra,Lonavala,Finance,A financial services company has expanded its operations in Lonavala. following a recent launch.,0
Maharashtra,Navi Mumbai,Entertainment,A music festival will take place in Navi Mumbai. as part of its operational expansion.,0
Karnataka,Mangaluru,Education,A new university campus with student accommodation is planned near Mangaluru.,1
Karnataka,Bengaluru,Institutional,A public-sector organization has announced development of a new campus in Bengaluru. after receiving preliminary clearance.,1
Karnataka,Belagavi,Technology,A technology company is recruiting engineers for its Belagavi office. following a corporate announcement.,0
Maharashtra,Thane,Corporate,A legal services company has opened a new office in Thane. as part of its regional growth strategy.,0
Karnataka,Udupi,Finance,A lending platform has launched services in Udupi. following a recent launch.,0
Karnataka,Mangaluru,Commercial,A developer has announced a multi-building commercial project in Mangaluru. as part of a planned expansion.,1
Maharashtra,Lonavala,Senior Living,A retirement housing development has received approval in Lonavala. after receiving preliminary clearance.,1
Karnataka,Mangaluru,Hospitality,A large eco-resort project is being evaluated near Mangaluru.,1
Karnataka,Hubballi,Corporate,A corporate services company has increased its workforce in Hubballi.,0
Karnataka,Mangaluru,Entertainment,An entertainment company has launched a new venue in Mangaluru. as part of its business expansion.,0
Goa,Mapusa,Senior Living,A new senior living community with residential facilities is planned near Mapusa. as part of regional infrastructure development.,1
Maharashtra,Thane,Hospitality,A new 120-room hotel project has been announced in Thane. as part of a major private investment.,1
Maharashtra,Thane,Technology,A technology company is recruiting engineers for its Thane office. as part of its business expansion.,0
Karnataka,Hassan,Industrial,A large industrial expansion project has been announced near Hassan.,1
Karnataka,Mangaluru,Employment,A startup is hiring employees for its Mangaluru office. as part of its operational expansion.,0
Maharashtra,Navi Mumbai,Tourism,A major tourism infrastructure project is proposed near Navi Mumbai.,1
Goa,Margao,Commercial,A mixed-use property development with offices and retail facilities is planned in Margao. after receiving development permission.,1
Goa,Margao,Entertainment,A cinema chain has announced a new screen in Margao. as part of its business expansion.,0
Goa,Candolim,Senior Living,A retirement housing development has received approval in Candolim. following a new project announcement.,1
Karnataka,Belagavi,Commercial,A new corporate campus with multiple buildings is planned near Belagavi. following regulatory approval.,1
Maharashtra,Nagpur,Retail,A grocery chain has expanded operations in Nagpur.,0
Maharashtra,Alibaug,Institutional,An institutional development with multiple buildings has been approved near Alibaug.,1
Maharashtra,Nagpur,Corporate,A corporate services company has increased its workforce in Nagpur. according to the company announcement.,0
Karnataka,Hassan,Technology,A technology firm has expanded its office operations in Hassan. as part of its operational expansion.,0
Goa,Anjuna,Entertainment,A cinema chain has announced a new screen in Anjuna. as part of its business expansion.,0
Maharashtra,Nagpur,Healthcare,A new multi-specialty hospital campus is being developed in Nagpur. after planning authority approval.,1
Maharashtra,Kolhapur,Corporate,A corporate advisory company has increased its presence in Kolhapur. as part of its business expansion.,0
Goa,Vasco da Gama,Commercial,A new corporate campus with multiple buildings is planned near Vasco da Gama. following regulatory approval.,1
Goa,Morjim,Institutional,A training and residential facility is proposed near Morjim. as part of regional infrastructure development.,1
Maharashtra,Navi Mumbai,Finance,A financial services company has expanded its operations in Navi Mumbai. following the latest business update.,0
Maharashtra,Mumbai,Small Business,A neighbourhood pharmacy has opened a new branch in Mumbai. following a corporate announcement.,0
Karnataka,Mysuru,Technology,A technology company is recruiting engineers for its Mysuru office. following the latest business update.,0
Goa,Margao,Tourism,A tourism developer has announced a large visitor accommodation project near Margao.,1
Maharashtra,Mumbai,Employment,A business process outsourcing company is hiring in Mumbai. according to the company announcement.,0
Goa,Anjuna,Small Business,A small clothing shop has opened in Anjuna. following the latest business update.,0
Karnataka,Hassan,Transport,A transportation company has increased its fleet operations in Hassan. as part of its business expansion.,0
Goa,Margao,Logistics,A freight and warehousing facility has received development approval near Margao. after receiving preliminary clearance.,1
Goa,Calangute,Commercial,A major commercial township has received development approval in Calangute. following the acquisition of land.,1
Karnataka,Hassan,Entertainment,An entertainment company has launched a new venue in Hassan. following a corporate announcement.,0
Goa,Vasco da Gama,Senior Living,A retirement housing development has received approval in Vasco da Gama. after planning authority approval.,1
Maharashtra,Kolhapur,Residential,Planning authorities have approved a 2500-unit housing project near Kolhapur.,1
Goa,Baga,Institutional,A public-sector organization has announced development of a new campus in Baga.,1
Karnataka,Tumakuru,Entertainment,An entertainment company has launched a new venue in Tumakuru. following a corporate announcement.,0
Karnataka,Hassan,Events,A public seminar is scheduled in Hassan.,0
Karnataka,Hubballi,Residential,A mixed-use residential development with 900 apartments is planned on the outskirts of Hubballi.,1
Maharashtra,Thane,Events,A cultural festival is scheduled to take place in Thane.,0
Goa,Candolim,Transport,A courier company has launched a new service in Candolim. following a corporate announcement.,0
Goa,Mapusa,Technology,An IT company announced plans to increase its workforce in Mapusa. as part of its operational expansion.,0
Goa,Vasco da Gama,Events,A public seminar is scheduled in Vasco da Gama. as part of its business expansion.,0
Maharashtra,Lonavala,Institutional,A large training centre with residential accommodation is planned in Lonavala. after receiving development permission.,1
Goa,Calangute,Residential,A large residential complex with common amenities is under development near Calangute.,1
Karnataka,Hubballi,Hospitality,A tourism company has acquired land for a resort development near Hubballi. after receiving development permission.,1
Karnataka,Belagavi,Small Business,A neighbourhood pharmacy has opened a new branch in Belagavi. as part of its operational expansion.,0
Maharashtra,Pune,Employment,A corporate employer has announced new vacancies in Pune. following a corporate announcement.,0
Goa,Ponda,Education,A new university campus with student accommodation is planned near Ponda. after receiving development permission.,1
Maharashtra,Kolhapur,Finance,A financial institution has increased its workforce in Kolhapur. according to the company.,0
Maharashtra,Kolhapur,Entertainment,A gaming centre has opened in Kolhapur.,0
Maharashtra,Nashik,Small Business,A local café has expanded its operations in Nashik. according to local reports.,0
Maharashtra,Lonavala,Tourism,A new eco-tourism development is being evaluated near Lonavala.,1
Maharashtra,Chhatrapati Sambhajinagar,Small Business,A local café has expanded its operations in Chhatrapati Sambhajinagar. according to the company announcement.,0
Goa,Baga,Corporate,A consulting company has expanded its office space in Baga. as part of its operational expansion.,0
Maharashtra,Pune,Residential,A RERA-registered residential development comprising 300 apartments has been announced in Pune.,1
Karnataka,Manipal,Tourism,A tourism company is planning a new destination project near Manipal.,1
Goa,Anjuna,Technology,A software company announced a new digital platform in Anjuna. as part of its business expansion.,0
Goa,Anjuna,Small Business,A local café has expanded its operations in Anjuna. as part of its market expansion.,0
Karnataka,Hassan,Events,A business conference will be held in Hassan. following a recent launch.,0
Maharashtra,Pune,Corporate,A corporate services company has increased its workforce in Pune. as part of its operational expansion.,0
Karnataka,Mysuru,Corporate,A management consulting company has announced expansion in Mysuru. according to local reports.,0
Goa,Candolim,Commercial,A large commercial complex is planned in Candolim. as part of a major private investment.,1
Goa,Panaji,Retail,A lifestyle brand has opened its latest outlet in Panaji.,0
Maharashtra,Kolhapur,Transport,A bus operator has introduced a new route connecting Kolhapur.,0
Karnataka,Udupi,Hospitality,A large eco-resort project is being evaluated near Udupi. following the acquisition of land.,1
Karnataka,Belagavi,Healthcare,A specialty hospital and associated facilities are planned near Belagavi.,1
Maharashtra,Alibaug,Commercial,A new business park with multiple commercial buildings is being developed in Alibaug. after receiving preliminary clearance.,1
Maharashtra,Nashik,Transport,A transportation company has increased its fleet operations in Nashik.,0
Maharashtra,Lonavala,Finance,A financial company has moved into a larger office in Lonavala. according to the company.,0
Karnataka,Coorg,Finance,A financial institution has increased its workforce in Coorg. as part of its market expansion.,0
Karnataka,Hubballi,Institutional,A new administrative and residential campus is proposed near Hubballi. as part of a planned expansion.,1
Maharashtra,Mumbai,Transport,A railway service has announced schedule changes affecting Mumbai. according to the company.,0
Goa,Baga,Corporate,A management consulting company has announced expansion in Baga. as part of its operational expansion.,0
Maharashtra,Chhatrapati Sambhajinagar,Logistics,A freight and warehousing facility has received development approval near Chhatrapati Sambhajinagar. following an investment proposal.,1
Maharashtra,Thane,Technology,A startup has raised funding to expand its technology operations in Thane. as part of its regional growth strategy.,0
Maharashtra,Pune,Employment,A startup is hiring employees for its Pune office. as part of its business expansion.,0
Karnataka,Udupi,Tourism,A destination resort and visitor centre is proposed near Udupi. following regulatory approval.,1
Goa,Vasco da Gama,Hospitality,A beach resort project with 250 guest rooms is proposed in Vasco da Gama.,1
Maharashtra,Lonavala,Events,A music event has been announced in Lonavala. as part of its market expansion.,0
Goa,Candolim,Transport,A ride-sharing company has expanded services in Candolim. following the latest business update.,0
Maharashtra,Pune,Finance,A financial institution has increased its workforce in Pune. as part of its market expansion.,0
Goa,Margao,Hospitality,A beach resort project with 150 guest rooms is proposed in Margao. following regulatory approval.,1
Maharashtra,Nagpur,Entertainment,An entertainment brand has expanded its operations in Nagpur. following a recent launch.,0
Maharashtra,Nashik,Events,A public seminar is scheduled in Nashik. following the latest business update.,0
Maharashtra,Mumbai,Technology,A technology firm has expanded its office operations in Mumbai.,0
Karnataka,Hassan,Small Business,A local café has expanded its operations in Hassan. following a recent launch.,0
Karnataka,Belagavi,Tourism,A large visitor facility with accommodation and recreational infrastructure is proposed near Belagavi. as part of regional infrastructure development.,1
Goa,Vasco da Gama,Small Business,A local electronics shop has expanded in Vasco da Gama. as part of its operational expansion.,0
Karnataka,Mysuru,Corporate,A business services firm has announced hiring in Mysuru. as part of its business expansion.,0
Karnataka,Mangaluru,Corporate,A business services firm has announced hiring in Mangaluru. according to the company announcement.,0
Maharashtra,Chhatrapati Sambhajinagar,Corporate,A corporate advisory company has increased its presence in Chhatrapati Sambhajinagar.,0
Maharashtra,Nagpur,Events,A sports event is planned in Nagpur. following a recent launch.,0
Goa,Morjim,Institutional,A large institutional campus is planned near Morjim. as part of regional infrastructure development.,1
Goa,Calangute,Hospitality,A hotel expansion will add more than 500 rooms and new guest facilities in Calangute.,1
Maharashtra,Mumbai,Transport,A railway service has announced schedule changes affecting Mumbai. as part of its operational expansion.,0
Maharashtra,Mumbai,Healthcare,A large medical facility with residential accommodation for staff is proposed in Mumbai. as part of regional infrastructure development.,1
Maharashtra,Chhatrapati Sambhajinagar,Institutional,A training and residential facility is proposed near Chhatrapati Sambhajinagar. following an investment proposal.,1
Goa,Morjim,Education,A new university campus with student accommodation is planned near Morjim. after receiving preliminary clearance.,1
Karnataka,Hassan,Employment,A consulting company has announced recruitment in Hassan. as part of its market expansion.,0
Goa,Anjuna,Industrial,Construction approval has been granted for an industrial development in Anjuna. after receiving preliminary clearance.,1
Karnataka,Mangaluru,Hospitality,A tourism company has acquired land for a resort development near Mangaluru. following regulatory approval.,1
Goa,Candolim,Hospitality,A beach resort project with 150 guest rooms is proposed in Candolim. following an investment proposal.,1
Karnataka,Belagavi,Tourism,A destination resort and visitor centre is proposed near Belagavi.,1
Maharashtra,Kolhapur,Education,A private university has announced a residential campus project in Kolhapur. after planning authority approval.,1
Karnataka,Tumakuru,Logistics,A major e-commerce logistics hub is being developed near Tumakuru. as part of a planned expansion.,1
Goa,Calangute,Retail,A grocery chain has expanded operations in Calangute. as part of its business expansion.,0
Karnataka,Hassan,Small Business,A local café has expanded its operations in Hassan. according to the company.,0
Karnataka,Bengaluru,Finance,An insurance company has opened a new office in Bengaluru. according to the company announcement.,0
Maharashtra,Nashik,Senior Living,A senior residential campus with common facilities is being developed near Nashik. after planning authority approval.,1
Goa,Morjim,Industrial,A new production facility is expected to begin construction in the Morjim region.,1
Maharashtra,Lonavala,Industrial,A large industrial expansion project has been announced near Lonavala. as part of a planned expansion.,1
Goa,Panaji,Technology,An IT services company has opened a new corporate office in Panaji. as part of its market expansion.,0
Maharashtra,Thane,Retail,A supermarket chain has launched a retail outlet in Thane.,0
Karnataka,Tumakuru,Healthcare,A private healthcare group is acquiring land for a new hospital near Tumakuru. as part of a planned expansion.,1
Karnataka,Mysuru,Technology,A software company has opened a new technology office in Mysuru.,0
Goa,Morjim,Industrial,Several manufacturing units are expected to operate from a new industrial zone near Morjim.,1
Maharashtra,Kolhapur,Institutional,A research institution is developing a new campus in Kolhapur. following a new project announcement.,1
Goa,Candolim,Residential,A developer has acquired land for a large residential township in Candolim.,1
Maharashtra,Pune,Industrial,A new industrial park is being developed near Pune. as part of a major private investment.,1
Goa,Calangute,Retail,A clothing company has announced a new retail location in Calangute. as part of its market expansion.,0
Karnataka,Mysuru,Tourism,A major tourism investment has been announced near Mysuru. following an investment proposal.,1
Karnataka,Mangaluru,Entertainment,An entertainment company has launched a new venue in Mangaluru. as part of its operational expansion.,0
Maharashtra,Mumbai,Industrial,Construction approval has been granted for an industrial development in Mumbai. following a new project announcement.,1
Karnataka,Mysuru,Events,A technology conference will attract visitors to Mysuru. according to local reports.,0
Maharashtra,Navi Mumbai,Finance,A financial services company has expanded its operations in Navi Mumbai. according to the company announcement.,0
Goa,Margao,Residential,"A proposed residential township near Margao will include apartments, community facilities and landscaped areas. following an investment proposal.",1
Maharashtra,Thane,Transport,A transportation company has increased its fleet operations in Thane. following a corporate announcement.,0
Goa,Panaji,Industrial,A major industrial company has announced a new production facility near Panaji. as part of a planned expansion.,1
Maharashtra,Mumbai,Finance,A lending platform has launched services in Mumbai.,0
Karnataka,Coorg,Commercial,A new corporate campus with multiple buildings is planned near Coorg. following a new project announcement.,1
Maharashtra,Nagpur,Events,A sports event is planned in Nagpur. as part of its operational expansion.,0
Goa,Margao,Finance,A financial services company has expanded its operations in Margao. according to the company announcement.,0
Goa,Candolim,Transport,A railway service has announced schedule changes affecting Candolim.,0
Karnataka,Belagavi,Transport,A transportation company has increased its fleet operations in Belagavi. as part of its regional growth strategy.,0
Maharashtra,Navi Mumbai,Technology,An IT company announced plans to increase its workforce in Navi Mumbai. following the latest business update.,0
Maharashtra,Pune,Retail,A consumer electronics company has opened a showroom in Pune. following a corporate announcement.,0
Maharashtra,Thane,Logistics,A logistics company has acquired land for a new distribution hub near Thane. as part of a major private investment.,1
Goa,Ponda,Residential,A developer has acquired land for a large residential township in Ponda.,1
Goa,Mapusa,Institutional,A new administrative and residential campus is proposed near Mapusa. after receiving development permission.,1
Goa,Baga,Employment,A startup is hiring employees for its Baga office. according to the company.,0
Maharashtra,Mumbai,Commercial,A large shopping and commercial complex is proposed near Mumbai.,1
Goa,Candolim,Corporate,A management consulting company has announced expansion in Candolim.,0
Maharashtra,Nagpur,Events,A cultural festival is scheduled to take place in Nagpur.,0
Maharashtra,Chhatrapati Sambhajinagar,Hospitality,A hospitality developer is planning a new property with guest accommodation and recreational facilities near Chhatrapati Sambhajinagar.,1
Karnataka,Mysuru,Employment,A consulting company has announced recruitment in Mysuru. as part of its business expansion.,0
Maharashtra,Nashik,Commercial,A major commercial township has received development approval in Nashik. following a new project announcement.,1
Maharashtra,Lonavala,Tourism,A destination resort and visitor centre is proposed near Lonavala. as part of regional infrastructure development.,1
Goa,Vasco da Gama,Industrial,A large manufacturing campus with employee facilities is proposed near Vasco da Gama. as part of a major private investment.,1
Maharashtra,Mumbai,Commercial,A large business district expansion has been announced near Mumbai. following regulatory approval.,1
Karnataka,Coorg,Institutional,A new administrative and residential campus is proposed near Coorg.,1
Goa,Margao,Technology,A software company has opened a new technology office in Margao.,0
Maharashtra,Nashik,Senior Living,A developer has announced a large assisted-living project near Nashik.,1
Karnataka,Tumakuru,Corporate,A legal services company has opened a new office in Tumakuru. following a corporate announcement.,0
Karnataka,Udupi,Tourism,A major tourism infrastructure project is proposed near Udupi.,1
Karnataka,Mysuru,Corporate,A professional services firm has opened a new office in Mysuru.,0
Karnataka,Tumakuru,Finance,A financial institution has increased its workforce in Tumakuru. according to local reports.,0
Maharashtra,Navi Mumbai,Employment,A company has announced hiring for its Navi Mumbai operations. following a recent launch.,0
Karnataka,Belagavi,Small Business,A neighbourhood pharmacy has opened a new branch in Belagavi. as part of its regional growth strategy.,0
Karnataka,Tumakuru,Entertainment,A recreational venue has opened in Tumakuru.,0
Goa,Mapusa,Small Business,A small fitness studio has opened in Mapusa. according to the company.,0
Maharashtra,Mumbai,Small Business,A small fitness studio has opened in Mumbai. according to local reports.,0
Goa,Mapusa,Entertainment,A gaming centre has opened in Mapusa. following a recent launch.,0
Goa,Calangute,Entertainment,A streaming company has announced an event in Calangute. as part of its operational expansion.,0
Karnataka,Tumakuru,Events,A technology conference will attract visitors to Tumakuru. according to the company announcement.,0
Karnataka,Mangaluru,Senior Living,A developer has announced a large assisted-living project near Mangaluru. following the acquisition of land.,1
Goa,Vasco da Gama,Education,An educational trust has acquired land for a large institutional campus near Vasco da Gama. as part of regional infrastructure development.,1
Maharashtra,Nashik,Healthcare,A medical institution has announced construction of a new healthcare complex in Nashik. as part of a major private investment.,1
Goa,Mapusa,Technology,A technology startup has launched a new software product from Mapusa. as part of its operational expansion.,0
Maharashtra,Chhatrapati Sambhajinagar,Logistics,A multi-building logistics park is being developed on the outskirts of Chhatrapati Sambhajinagar. after planning authority approval.,1
Goa,Candolim,Commercial,Construction is expected to begin on a large commercial development in Candolim. after planning authority approval.,1
Goa,Anjuna,Small Business,A small fitness studio has opened in Anjuna.,0
Goa,Margao,Small Business,A small clothing shop has opened in Margao.,0
Maharashtra,Lonavala,Residential,A new housing project targeting more than 1200 residents has received preliminary approval in Lonavala. as part of a planned expansion.,1
Maharashtra,Nashik,Healthcare,A healthcare company has announced a major hospital project near Nashik. following regulatory approval.,1
Karnataka,Udupi,Logistics,A freight and warehousing facility has received development approval near Udupi.,1
Karnataka,Manipal,Hospitality,A large eco-resort project is being evaluated near Manipal. following a new project announcement.,1
Maharashtra,Lonavala,Healthcare,A private healthcare group is acquiring land for a new hospital near Lonavala.,1
Goa,Baga,Retail,A national retail company has announced a new store in Baga.,0
Goa,Candolim,Hospitality,A new 400-room hotel project has been announced in Candolim. after receiving preliminary clearance.,1
Maharashtra,Pune,Retail,A clothing company has announced a new retail location in Pune.,0
Karnataka,Mysuru,Employment,A financial company has announced recruitment in Mysuru.,0
Maharashtra,Nagpur,Senior Living,A retirement housing development has received approval in Nagpur. after receiving development permission.,1
Maharashtra,Alibaug,Residential,A RERA-registered residential development comprising 2000 apartments has been announced in Alibaug.,1
Maharashtra,Nashik,Events,A business networking event will take place in Nashik. as part of its regional growth strategy.,0
Karnataka,Belagavi,Corporate,A business services firm has announced hiring in Belagavi. according to the company.,0
Goa,Baga,Retail,A footwear brand has expanded its retail presence in Baga.,0
Maharashtra,Lonavala,Corporate,A consulting company has expanded its office space in Lonavala.,0
Maharashtra,Pune,Institutional,A training and residential facility is proposed near Pune.,1
Maharashtra,Lonavala,Education,A new higher-education campus is being developed on the outskirts of Lonavala. following an investment proposal.,1
Goa,Mapusa,Transport,A courier company has launched a new service in Mapusa. as part of its regional growth strategy.,0
Goa,Ponda,Institutional,A large training centre with residential accommodation is planned in Ponda. following the acquisition of land.,1
Maharashtra,Nagpur,Senior Living,A senior residential campus with common facilities is being developed near Nagpur.,1
Karnataka,Mangaluru,Finance,A bank has opened a new branch in Mangaluru. as part of its market expansion.,0
Goa,Baga,Logistics,A warehouse complex covering a large industrial area is proposed near Baga. following a new project announcement.,1
Karnataka,Tumakuru,Education,A boarding school campus with residential facilities is proposed near Tumakuru. after receiving development permission.,1
Maharashtra,Chhatrapati Sambhajinagar,Institutional,A new administrative and residential campus is proposed near Chhatrapati Sambhajinagar.,1
Karnataka,Bengaluru,Technology,A software company has opened a new technology office in Bengaluru.,0
Maharashtra,Thane,Events,A business conference will be held in Thane. as part of its operational expansion.,0
Goa,Baga,Residential,A new housing project targeting more than 500 residents has received preliminary approval in Baga.,1
Karnataka,Udupi,Commercial,A developer has announced a multi-building commercial project in Udupi. after receiving development permission.,1
Maharashtra,Lonavala,Hospitality,"A new hospitality complex with restaurants, accommodation and recreational facilities is planned near Lonavala. following the acquisition of land.",1
Goa,Morjim,Residential,Planning authorities have approved a 1500-unit housing project near Morjim. following an investment proposal.,1
Maharashtra,Lonavala,Industrial,An industrial estate with multiple manufacturing units has been approved near Lonavala.,1
Maharashtra,Nashik,Commercial,"A mixed-use development containing offices, retail space and public facilities is proposed near Nashik. after receiving preliminary clearance.",1
Goa,Candolim,Institutional,A research institution is developing a new campus in Candolim.,1
Karnataka,Hassan,Hospitality,A tourism company has acquired land for a resort development near Hassan. after receiving preliminary clearance.,1
Karnataka,Bengaluru,Tourism,A tourism company is planning a new destination project near Bengaluru. following regulatory approval.,1
Maharashtra,Nashik,Events,A technology conference will attract visitors to Nashik. according to the company announcement.,0
Goa,Mapusa,Transport,A courier company has launched a new service in Mapusa.,0
Maharashtra,Lonavala,Hospitality,A beach resort project with 200 guest rooms is proposed in Lonavala. as part of regional infrastructure development.,1
Maharashtra,Nagpur,Industrial,A new production facility is expected to begin construction in the Nagpur region. following regulatory approval.,1
Goa,Baga,Healthcare,A hospital expansion project will add new patient accommodation and treatment facilities in Baga. as part of regional infrastructure development.,1
Karnataka,Hubballi,Institutional,A new administrative and residential campus is proposed near Hubballi. following an investment proposal.,1
Goa,Morjim,Entertainment,A recreational venue has opened in Morjim.,0
Maharashtra,Mumbai,Tourism,A large visitor facility with accommodation and recreational infrastructure is proposed near Mumbai.,1
Karnataka,Manipal,Events,A business conference will be held in Manipal. following the latest business update.,0
Goa,Calangute,Hospitality,"A new hospitality complex with restaurants, accommodation and recreational facilities is planned near Calangute. following the acquisition of land.",1
Karnataka,Belagavi,Healthcare,A healthcare company has announced a major hospital project near Belagavi. after planning authority approval.,1
Maharashtra,Alibaug,Industrial,A new industrial park is being developed near Alibaug.,1
Karnataka,Udupi,Transport,A logistics company has expanded its delivery network in Udupi. as part of its business expansion.,0
Goa,Panaji,Institutional,A large training centre with residential accommodation is planned in Panaji.,1
Goa,Baga,Hospitality,A luxury resort with approximately 500 rooms is proposed near Baga. as part of a planned expansion.,1
Karnataka,Mangaluru,Small Business,A neighbourhood pharmacy has opened a new branch in Mangaluru. as part of its business expansion.,0
Maharashtra,Thane,Education,A large educational institution is developing a campus with hostels and dining facilities near Thane.,1
Maharashtra,Navi Mumbai,Tourism,Authorities have approved a tourism development project near Navi Mumbai.,1
Goa,Anjuna,Transport,A transportation company has increased its fleet operations in Anjuna. as part of its business expansion.,0
Goa,Baga,Entertainment,An entertainment brand has expanded its operations in Baga. as part of its operational expansion.,0
Maharashtra,Chhatrapati Sambhajinagar,Residential,A large residential complex with common amenities is under development near Chhatrapati Sambhajinagar.,1
Maharashtra,Mumbai,Corporate,A consulting company has expanded its office space in Mumbai.,0
Maharashtra,Navi Mumbai,Technology,A technology firm has expanded its office operations in Navi Mumbai. as part of its market expansion.,0
Karnataka,Udupi,Retail,A clothing company has announced a new retail location in Udupi. following a corporate announcement.,0
Karnataka,Mangaluru,Small Business,A small clothing shop has opened in Mangaluru.,0
Karnataka,Udupi,Commercial,A new business park with multiple commercial buildings is being developed in Udupi.,1
Karnataka,Coorg,Technology,An IT services company has opened a new corporate office in Coorg. following a corporate announcement.,0
Maharashtra,Kolhapur,Residential,A RERA-registered residential development comprising 1200 apartments has been announced in Kolhapur.,1
Karnataka,Udupi,Tourism,A tourism company is planning a new destination project near Udupi. following a new project announcement.,1
Karnataka,Bengaluru,Entertainment,A gaming centre has opened in Bengaluru. following a recent launch.,0
Maharashtra,Navi Mumbai,Industrial,A new production facility is expected to begin construction in the Navi Mumbai region.,1
Goa,Calangute,Technology,A technology startup has launched a new software product from Calangute. as part of its business expansion.,0
Karnataka,Manipal,Retail,A lifestyle brand has opened its latest outlet in Manipal. as part of its market expansion.,0
Maharashtra,Nashik,Transport,A logistics company has expanded its delivery network in Nashik. as part of its market expansion.,0
Maharashtra,Lonavala,Tourism,A major tourism infrastructure project is proposed near Lonavala.,1
Maharashtra,Nagpur,Commercial,A developer has announced a multi-building commercial project in Nagpur. after receiving preliminary clearance.,1
Karnataka,Coorg,Corporate,A management consulting company has announced expansion in Coorg. following the latest business update.,0
Karnataka,Mangaluru,Technology,A technology firm has expanded its office operations in Mangaluru. according to the company announcement.,0
Goa,Anjuna,Tourism,Authorities have approved a tourism development project near Anjuna. following a new project announcement.,1
Maharashtra,Nashik,Entertainment,A cinema chain has announced a new screen in Nashik. according to the company announcement.,0
Karnataka,Hassan,Finance,A financial services company has expanded its operations in Hassan. according to the company announcement.,0
Goa,Panaji,Events,A cultural festival is scheduled to take place in Panaji. following the latest business update.,0
Maharashtra,Nagpur,Retail,A fashion retailer has opened a new store in Nagpur. according to the company announcement.,0
Maharashtra,Kolhapur,Small Business,A restaurant has launched a new location in Kolhapur. as part of its regional growth strategy.,0
Maharashtra,Mumbai,Corporate,A corporate services company has increased its workforce in Mumbai. according to local reports.,0
Karnataka,Bengaluru,Finance,A financial services company has expanded its operations in Bengaluru. following a recent launch.,0
Maharashtra,Navi Mumbai,Senior Living,A retirement community with healthcare and accommodation facilities is proposed in Navi Mumbai. as part of regional infrastructure development.,1
Karnataka,Mangaluru,Events,A public seminar is scheduled in Mangaluru. according to the company announcement.,0
Goa,Calangute,Entertainment,A music festival will take place in Calangute. following a recent launch.,0
Goa,Margao,Logistics,A logistics developer has announced a new large-scale warehouse campus near Margao.,1
Goa,Margao,Commercial,A developer has announced a multi-building commercial project in Margao.,1
Maharashtra,Pune,Commercial,Construction is expected to begin on a large commercial development in Pune. following regulatory approval.,1
Goa,Calangute,Healthcare,A medical institution has announced construction of a new healthcare complex in Calangute.,1
Karnataka,Hubballi,Finance,A banking company has announced expansion of its branch network in Hubballi. following a recent launch.,0
Goa,Panaji,Events,A cultural festival is scheduled to take place in Panaji. as part of its operational expansion.,0
Karnataka,Tumakuru,Corporate,A business services firm has announced hiring in Tumakuru.,0
Goa,Morjim,Entertainment,An entertainment brand has expanded its operations in Morjim.,0
Karnataka,Manipal,Small Business,A local café has expanded its operations in Manipal. following a recent launch.,0
Karnataka,Hassan,Retail,A national retail company has announced a new store in Hassan. as part of its business expansion.,0
Karnataka,Mangaluru,Finance,A fintech company has launched a new service in Mangaluru.,0
Goa,Baga,Tourism,A tourism infrastructure expansion is planned in the Baga region.,1
Goa,Anjuna,Tourism,Authorities have approved a tourism development project near Anjuna. as part of a major private investment.,1
Karnataka,Bengaluru,Senior Living,A developer has announced a large assisted-living project near Bengaluru. as part of a planned expansion.,1
Maharashtra,Alibaug,Education,A private university has announced a residential campus project in Alibaug.,1
Goa,Baga,Logistics,A multi-building logistics park is being developed on the outskirts of Baga.,1
Goa,Ponda,Transport,A courier company has launched a new service in Ponda. according to local reports.,0
Maharashtra,Thane,Technology,An IT company announced plans to increase its workforce in Thane. according to the company.,0
Karnataka,Mysuru,Retail,A fashion retailer has opened a new store in Mysuru. as part of its market expansion.,0
Karnataka,Hassan,Industrial,A new production facility is expected to begin construction in the Hassan region.,1
Karnataka,Mangaluru,Industrial,An industrial estate with multiple manufacturing units has been approved near Mangaluru. as part of a planned expansion.,1
Karnataka,Mysuru,Transport,A transportation company has increased its fleet operations in Mysuru.,0
Goa,Vasco da Gama,Technology,A software company announced a new digital platform in Vasco da Gama. according to the company.,0
Maharashtra,Mumbai,Hospitality,A new 100-room hotel project has been announced in Mumbai. following the acquisition of land.,1
Karnataka,Udupi,Healthcare,A hospital developer has received approval for a new multi-building medical campus in Udupi. after receiving development permission.,1
Karnataka,Manipal,Commercial,A mixed-use property development with offices and retail facilities is planned in Manipal. following a new project announcement.,1
Karnataka,Hassan,Events,A technology conference will attract visitors to Hassan. as part of its operational expansion.,0
Maharashtra,Nagpur,Tourism,A large visitor facility with accommodation and recreational infrastructure is proposed near Nagpur.,1
Maharashtra,Kolhapur,Industrial,A major industrial company has announced a new production facility near Kolhapur. as part of a planned expansion.,1
Karnataka,Hubballi,Healthcare,A medical institution has announced construction of a new healthcare complex in Hubballi.,1
Goa,Anjuna,Institutional,A new administrative and residential campus is proposed near Anjuna. after receiving development permission.,1
Maharashtra,Pune,Tourism,A new destination tourism complex is being planned in Pune. as part of regional infrastructure development.,1
Maharashtra,Pune,Institutional,An institutional development with multiple buildings has been approved near Pune. following an investment proposal.,1
Maharashtra,Alibaug,Tourism,A major tourism investment has been announced near Alibaug.,1
Maharashtra,Nagpur,Employment,A technology firm plans to recruit additional employees in Nagpur. as part of its market expansion.,0
Maharashtra,Lonavala,Finance,A bank has opened a new branch in Lonavala. following the latest business update.,0
Goa,Vasco da Gama,Finance,A bank has opened a new branch in Vasco da Gama. following a recent launch.,0
Maharashtra,Kolhapur,Tourism,A major tourism investment has been announced near Kolhapur. as part of regional infrastructure development.,1
Karnataka,Bengaluru,Institutional,A new administrative and residential campus is proposed near Bengaluru. after receiving preliminary clearance.,1
Maharashtra,Nashik,Finance,A banking company has announced expansion of its branch network in Nashik. as part of its business expansion.,0
Karnataka,Hubballi,Industrial,A major industrial company has announced a new production facility near Hubballi. following a new project announcement.,1
Maharashtra,Navi Mumbai,Tourism,A tourism infrastructure expansion is planned in the Navi Mumbai region. following a new project announcement.,1
Maharashtra,Kolhapur,Technology,A software company announced a new digital platform in Kolhapur. following the latest business update.,0
Karnataka,Hassan,Technology,A software company has opened a new technology office in Hassan. according to local reports.,0
Maharashtra,Alibaug,Entertainment,A theatre company has announced a performance in Alibaug. according to the company.,0
Karnataka,Mangaluru,Entertainment,A streaming company has announced an event in Mangaluru.,0
Karnataka,Bengaluru,Education,An educational trust has acquired land for a large institutional campus near Bengaluru. after planning authority approval.,1
Maharashtra,Lonavala,Events,A technology conference will attract visitors to Lonavala.,0
Goa,Anjuna,Small Business,A convenience store has opened a new location in Anjuna.,0
Karnataka,Mangaluru,Commercial,Construction is expected to begin on a large commercial development in Mangaluru. as part of a major private investment.,1
Goa,Anjuna,Small Business,A restaurant has launched a new location in Anjuna. according to the company announcement.,0
Maharashtra,Pune,Events,A cultural festival is scheduled to take place in Pune. following the latest business update.,0
Goa,Panaji,Employment,A company has announced hiring for its Panaji operations. as part of its regional growth strategy.,0
Maharashtra,Alibaug,Small Business,A local café has expanded its operations in Alibaug. according to the company.,0
Maharashtra,Thane,Senior Living,A senior residential campus with common facilities is being developed near Thane. after receiving preliminary clearance.,1
Maharashtra,Thane,Retail,A fashion retailer has opened a new store in Thane. according to local reports.,0
Karnataka,Bengaluru,Commercial,A major commercial township has received development approval in Bengaluru. after receiving development permission.,1
Maharashtra,Mumbai,Tourism,A tourism company is planning a new destination project near Mumbai. after receiving development permission.,1
Karnataka,Udupi,Corporate,A consulting company has expanded its office space in Udupi.,0
Karnataka,Tumakuru,Education,A university expansion will include new student residences and academic buildings in Tumakuru. after planning authority approval.,1
Goa,Baga,Events,A public seminar is scheduled in Baga. as part of its operational expansion.,0
Karnataka,Mysuru,Entertainment,An entertainment brand has expanded its operations in Mysuru. following a recent launch.,0
Karnataka,Belagavi,Retail,A lifestyle brand has opened its latest outlet in Belagavi.,0
Karnataka,Coorg,Hospitality,Construction approval has been granted for a large tourism resort in Coorg. as part of a planned expansion.,1
Goa,Baga,Corporate,A management consulting company has announced expansion in Baga.,0
Goa,Morjim,Transport,A railway service has announced schedule changes affecting Morjim. as part of its regional growth strategy.,0
Maharashtra,Chhatrapati Sambhajinagar,Logistics,A large warehousing and distribution centre is proposed near Chhatrapati Sambhajinagar. following regulatory approval.,1
Karnataka,Manipal,Commercial,A large shopping and commercial complex is proposed near Manipal.,1
Karnataka,Mysuru,Technology,A technology company is recruiting engineers for its Mysuru office. as part of its business expansion.,0
Goa,Panaji,Healthcare,A large medical facility with residential accommodation for staff is proposed in Panaji.,1
Goa,Anjuna,Tourism,A tourism company is planning a new destination project near Anjuna.,1
Maharashtra,Pune,Corporate,A business services firm has announced hiring in Pune. following a recent launch.,0
Karnataka,Coorg,Senior Living,A retirement community with healthcare and accommodation facilities is proposed in Coorg. following an investment proposal.,1
Goa,Candolim,Commercial,A major commercial township has received development approval in Candolim. after planning authority approval.,1
Maharashtra,Nagpur,Employment,A corporate employer has announced new vacancies in Nagpur.,0
Karnataka,Udupi,Education,A large educational institution is developing a campus with hostels and dining facilities near Udupi. after planning authority approval.,1
Karnataka,Tumakuru,Small Business,A neighbourhood pharmacy has opened a new branch in Tumakuru. as part of its market expansion.,0
Karnataka,Mysuru,Logistics,A freight and warehousing facility has received development approval near Mysuru. following an investment proposal.,1
Goa,Panaji,Education,An educational trust has acquired land for a large institutional campus near Panaji. following an investment proposal.,1
Goa,Margao,Corporate,A professional services firm has opened a new office in Margao. following a corporate announcement.,0
Goa,Anjuna,Employment,A corporate employer has announced new vacancies in Anjuna.,0
Karnataka,Coorg,Retail,A grocery chain has expanded operations in Coorg.,0
Goa,Margao,Industrial,An industrial estate with multiple manufacturing units has been approved near Margao. following a new project announcement.,1
Maharashtra,Pune,Events,A technology conference will attract visitors to Pune.,0
Goa,Baga,Employment,A startup is hiring employees for its Baga office.,0
Karnataka,Bengaluru,Education,Planning authorities have approved a new college campus in Bengaluru.,1
Karnataka,Tumakuru,Residential,A real estate developer has announced a large apartment project in Tumakuru with multiple residential towers. following regulatory approval.,1
Goa,Margao,Technology,A technology startup has launched a new software product from Margao. according to local reports.,0
Karnataka,Mysuru,Corporate,A recruitment company has expanded its operations in Mysuru.,0
Goa,Baga,Commercial,"A mixed-use development containing offices, retail space and public facilities is proposed near Baga. as part of a major private investment.",1
Maharashtra,Alibaug,Residential,Planning authorities have approved a 1500-unit housing project near Alibaug. following an investment proposal.,1
Karnataka,Udupi,Transport,A bus operator has introduced a new route connecting Udupi. as part of its business expansion.,0
Maharashtra,Mumbai,Retail,A supermarket chain has launched a retail outlet in Mumbai. as part of its market expansion.,0
Karnataka,Mangaluru,Corporate,A management consulting company has announced expansion in Mangaluru.,0
Maharashtra,Pune,Healthcare,A healthcare company has announced a major hospital project near Pune. following an investment proposal.,1
Maharashtra,Mumbai,Institutional,A large institutional complex with accommodation facilities is planned near Mumbai.,1
Karnataka,Manipal,Transport,A transport operator has announced new routes from Manipal. according to the company announcement.,0
Goa,Panaji,Senior Living,A developer has announced a large assisted-living project near Panaji. following regulatory approval.,1
Maharashtra,Nashik,Commercial,"A mixed-use development containing offices, retail space and public facilities is proposed near Nashik. as part of a planned expansion.",1
Maharashtra,Chhatrapati Sambhajinagar,Institutional,A research institution is developing a new campus in Chhatrapati Sambhajinagar. following regulatory approval.,1
Goa,Anjuna,Finance,A financial institution has increased its workforce in Anjuna.,0
Maharashtra,Nagpur,Corporate,A recruitment company has expanded its operations in Nagpur. according to the company.,0
Maharashtra,Alibaug,Technology,An IT services company has opened a new corporate office in Alibaug. following the latest business update.,0
Goa,Calangute,Industrial,A manufacturing complex is planned on the outskirts of Calangute.,1
Maharashtra,Kolhapur,Small Business,A restaurant has launched a new location in Kolhapur. as part of its business expansion.,0
Goa,Anjuna,Retail,A consumer electronics company has opened a showroom in Anjuna. according to the company.,0
Maharashtra,Lonavala,Logistics,A distribution centre with multiple operational buildings is planned in Lonavala.,1
Karnataka,Tumakuru,Education,A large educational institution is developing a campus with hostels and dining facilities near Tumakuru. following a new project announcement.,1
Maharashtra,Lonavala,Events,A business networking event will take place in Lonavala. as part of its market expansion.,0
Maharashtra,Chhatrapati Sambhajinagar,Small Business,A local electronics shop has expanded in Chhatrapati Sambhajinagar.,0
Karnataka,Udupi,Events,A sports event is planned in Udupi. according to the company announcement.,0
Karnataka,Hubballi,Tourism,A destination resort and visitor centre is proposed near Hubballi. after receiving preliminary clearance.,1
Maharashtra,Kolhapur,Institutional,A training and residential facility is proposed near Kolhapur. following a new project announcement.,1
Goa,Anjuna,Hospitality,"A new hospitality complex with restaurants, accommodation and recreational facilities is planned near Anjuna. as part of regional infrastructure development.",1
Goa,Calangute,Healthcare,A hospital developer has received approval for a new multi-building medical campus in Calangute.,1
Maharashtra,Lonavala,Senior Living,A new senior living community with residential facilities is planned near Lonavala. after planning authority approval.,1
Karnataka,Coorg,Residential,A mixed-use residential development with 1200 apartments is planned on the outskirts of Coorg. as part of regional infrastructure development.,1
Maharashtra,Chhatrapati Sambhajinagar,Institutional,A research and development campus is being developed near Chhatrapati Sambhajinagar. after receiving development permission.,1
Karnataka,Belagavi,Logistics,A logistics company has acquired land for a new distribution hub near Belagavi. as part of regional infrastructure development.,1
Karnataka,Mangaluru,Institutional,A government-supported campus project has received approval in Mangaluru. following an investment proposal.,1
Maharashtra,Lonavala,Transport,A ride-sharing company has expanded services in Lonavala. according to the company announcement.,0
Maharashtra,Alibaug,Transport,A ride-sharing company has expanded services in Alibaug.,0
Goa,Baga,Finance,A lending platform has launched services in Baga. according to local reports.,0
Karnataka,Hubballi,Hospitality,A hospitality developer is planning a new property with guest accommodation and recreational facilities near Hubballi. as part of a planned expansion.,1
Maharashtra,Lonavala,Commercial,A major commercial township has received development approval in Lonavala. as part of a planned expansion.,1
Maharashtra,Nashik,Education,A new university campus with student accommodation is planned near Nashik. after receiving preliminary clearance.,1
Maharashtra,Alibaug,Events,A cultural festival is scheduled to take place in Alibaug. following the latest business update.,0
Karnataka,Udupi,Hospitality,A hospitality developer is planning a new property with guest accommodation and recreational facilities near Udupi.,1
Maharashtra,Chhatrapati Sambhajinagar,Logistics,A logistics company has acquired land for a new distribution hub near Chhatrapati Sambhajinagar. after receiving development permission.,1
Goa,Baga,Institutional,A government-supported campus project has received approval in Baga.,1
Maharashtra,Thane,Senior Living,A developer has announced a large assisted-living project near Thane.,1
Goa,Morjim,Commercial,A large shopping and commercial complex is proposed near Morjim.,1
Karnataka,Hassan,Transport,A courier company has launched a new service in Hassan. according to the company announcement.,0
Maharashtra,Pune,Small Business,A small clothing shop has opened in Pune. as part of its operational expansion.,0
Karnataka,Mysuru,Technology,An IT services company has opened a new corporate office in Mysuru.,0
Maharashtra,Lonavala,Education,A boarding school campus with residential facilities is proposed near Lonavala.,1
Karnataka,Bengaluru,Finance,A lending platform has launched services in Bengaluru. according to the company.,0
Maharashtra,Nagpur,Finance,A financial services company has expanded its operations in Nagpur. following the latest business update.,0
Maharashtra,Lonavala,Tourism,A major tourism infrastructure project is proposed near Lonavala. as part of a planned expansion.,1
Goa,Calangute,Tourism,A destination resort and visitor centre is proposed near Calangute.,1
Goa,Candolim,Education,A private university has announced a residential campus project in Candolim. as part of a major private investment.,1
Karnataka,Bengaluru,Healthcare,A hospital developer has received approval for a new multi-building medical campus in Bengaluru. following a new project announcement.,1
Goa,Morjim,Events,A business networking event will take place in Morjim.,0
Goa,Vasco da Gama,Events,A business conference will be held in Vasco da Gama.,0
Karnataka,Coorg,Senior Living,A retirement housing development has received approval in Coorg. following an investment proposal.,1
Maharashtra,Thane,Institutional,An institutional development with multiple buildings has been approved near Thane.,1
Maharashtra,Chhatrapati Sambhajinagar,Education,A new university campus with student accommodation is planned near Chhatrapati Sambhajinagar. following the acquisition of land.,1
Maharashtra,Alibaug,Logistics,A large warehousing and distribution centre is proposed near Alibaug. as part of regional infrastructure development.,1
Maharashtra,Mumbai,Senior Living,A developer has announced a large assisted-living project near Mumbai.,1
Karnataka,Tumakuru,Education,A large educational institution is developing a campus with hostels and dining facilities near Tumakuru. following an investment proposal.,1
Goa,Baga,Technology,A startup has raised funding to expand its technology operations in Baga. according to local reports.,0
Maharashtra,Pune,Entertainment,A gaming centre has opened in Pune.,0
Karnataka,Mysuru,Retail,A consumer electronics company has opened a showroom in Mysuru.,0
Karnataka,Mysuru,Healthcare,A specialty hospital and associated facilities are planned near Mysuru. as part of regional infrastructure development.,1
Karnataka,Tumakuru,Finance,A financial institution has increased its workforce in Tumakuru.,0
Karnataka,Manipal,Logistics,A freight and warehousing facility has received development approval near Manipal. after receiving preliminary clearance.,1
Goa,Calangute,Logistics,A logistics park with multiple warehouses is planned near Calangute. after receiving development permission.,1
Goa,Vasco da Gama,Residential,A major housing project in Vasco da Gama has entered the construction approval stage. following a new project announcement.,1
Goa,Margao,Education,Planning authorities have approved a new college campus in Margao. after receiving preliminary clearance.,1
Goa,Mapusa,Residential,A large residential complex with common amenities is under development near Mapusa. following regulatory approval.,1
Goa,Panaji,Commercial,A developer has announced a multi-building commercial project in Panaji. following a new project announcement.,1
Karnataka,Belagavi,Tourism,A new destination tourism complex is being planned in Belagavi. as part of a planned expansion.,1
Maharashtra,Mumbai,Finance,A financial institution has increased its workforce in Mumbai. following the latest business update.,0
Karnataka,Bengaluru,Retail,A supermarket chain has launched a retail outlet in Bengaluru. as part of its market expansion.,0
Maharashtra,Nagpur,Senior Living,A developer has announced a large assisted-living project near Nagpur. following an investment proposal.,1
Maharashtra,Thane,Healthcare,A large medical facility with residential accommodation for staff is proposed in Thane.,1
Goa,Baga,Entertainment,A music festival will take place in Baga.,0
Goa,Mapusa,Commercial,"A mixed-use development containing offices, retail space and public facilities is proposed near Mapusa. as part of regional infrastructure development.",1
Karnataka,Hassan,Commercial,A developer has announced a multi-building commercial project in Hassan.,1
Goa,Baga,Industrial,A large industrial expansion project has been announced near Baga. as part of a planned expansion.,1
Maharashtra,Chhatrapati Sambhajinagar,Commercial,A mixed-use property development with offices and retail facilities is planned in Chhatrapati Sambhajinagar.,1
Karnataka,Hassan,Finance,A bank has opened a new branch in Hassan. as part of its business expansion.,0
Maharashtra,Navi Mumbai,Retail,A grocery chain has expanded operations in Navi Mumbai.,0
Goa,Margao,Hospitality,A large eco-resort project is being evaluated near Margao.,1
Karnataka,Udupi,Healthcare,A specialty hospital and associated facilities are planned near Udupi. as part of a planned expansion.,1
Maharashtra,Alibaug,Industrial,An industrial estate with multiple manufacturing units has been approved near Alibaug. following a new project announcement.,1
Maharashtra,Alibaug,Hospitality,"A new hospitality complex with restaurants, accommodation and recreational facilities is planned near Alibaug.",1
Maharashtra,Mumbai,Residential,A mixed-use residential development with 900 apartments is planned on the outskirts of Mumbai. following the acquisition of land.,1
Karnataka,Manipal,Small Business,A local café has expanded its operations in Manipal. according to local reports.,0
Maharashtra,Mumbai,Entertainment,A theatre company has announced a performance in Mumbai. following a corporate announcement.,0
Goa,Ponda,Retail,A grocery chain has expanded operations in Ponda.,0
Goa,Mapusa,Industrial,A large industrial expansion project has been announced near Mapusa. following an investment proposal.,1
Karnataka,Mangaluru,Logistics,A distribution centre with multiple operational buildings is planned in Mangaluru.,1
Maharashtra,Thane,Logistics,A multi-building logistics park is being developed on the outskirts of Thane.,1
Karnataka,Coorg,Retail,A clothing company has announced a new retail location in Coorg. following a corporate announcement.,0
Karnataka,Bengaluru,Technology,An IT services company has opened a new corporate office in Bengaluru. following the latest business update.,0
Maharashtra,Alibaug,Tourism,A tourism company is planning a new destination project near Alibaug. following a new project announcement.,1
Goa,Morjim,Tourism,A tourism developer has announced a large visitor accommodation project near Morjim. after planning authority approval.,1
Goa,Anjuna,Industrial,A large manufacturing campus with employee facilities is proposed near Anjuna.,1
Karnataka,Udupi,Commercial,A new corporate campus with multiple buildings is planned near Udupi. following a new project announcement.,1
Karnataka,Tumakuru,Education,A new university development will accommodate several thousand students in Tumakuru. after receiving preliminary clearance.,1
Karnataka,Hassan,Small Business,A convenience store has opened a new location in Hassan. according to the company.,0
Maharashtra,Kolhapur,Events,A trade exhibition will be held in Kolhapur. following a recent launch.,0
Maharashtra,Lonavala,Residential,Construction is expected to begin on a new gated community containing approximately 1500 homes near Lonavala. as part of a planned expansion.,1
Goa,Baga,Employment,A business process outsourcing company is hiring in Baga. according to the company.,0
Maharashtra,Lonavala,Retail,A footwear brand has expanded its retail presence in Lonavala.,0
Maharashtra,Mumbai,Logistics,A warehouse complex covering a large industrial area is proposed near Mumbai. as part of a planned expansion.,1
Karnataka,Belagavi,Institutional,A large training centre with residential accommodation is planned in Belagavi.,1
Goa,Ponda,Finance,A banking company has announced expansion of its branch network in Ponda. following a recent launch.,0
Goa,Anjuna,Residential,Planning authorities have approved a 1500-unit housing project near Anjuna. following a new project announcement.,1
Maharashtra,Chhatrapati Sambhajinagar,Institutional,A training and residential facility is proposed near Chhatrapati Sambhajinagar. as part of regional infrastructure development.,1
Maharashtra,Mumbai,Finance,A lending platform has launched services in Mumbai. following a recent launch.,0
Karnataka,Tumakuru,Institutional,A government-supported campus project has received approval in Tumakuru. after receiving development permission.,1
Goa,Calangute,Logistics,A logistics company has acquired land for a new distribution hub near Calangute. after receiving development permission.,1
Maharashtra,Alibaug,Senior Living,A new senior living community with residential facilities is planned near Alibaug. following an investment proposal.,1
Goa,Anjuna,Senior Living,A new senior living community with residential facilities is planned near Anjuna.,1
Karnataka,Belagavi,Small Business,A convenience store has opened a new location in Belagavi. following a corporate announcement.,0
Maharashtra,Chhatrapati Sambhajinagar,Hospitality,A hospitality developer is planning a new property with guest accommodation and recreational facilities near Chhatrapati Sambhajinagar. as part of a planned expansion.,1
Goa,Mapusa,Employment,A financial company has announced recruitment in Mapusa. according to the company.,0
Karnataka,Tumakuru,Small Business,A convenience store has opened a new location in Tumakuru.,0
Maharashtra,Navi Mumbai,Residential,A RERA-registered residential development comprising 250 apartments has been announced in Navi Mumbai. as part of a planned expansion.,1
Karnataka,Tumakuru,Corporate,A recruitment company has expanded its operations in Tumakuru. as part of its operational expansion.,0
Maharashtra,Nagpur,Healthcare,A specialty hospital and associated facilities are planned near Nagpur. after receiving preliminary clearance.,1
Goa,Calangute,Technology,An IT company announced plans to increase its workforce in Calangute. following the latest business update.,0
Goa,Ponda,Retail,A consumer electronics company has opened a showroom in Ponda. as part of its operational expansion.,0
Karnataka,Udupi,Entertainment,An entertainment company has launched a new venue in Udupi. according to the company announcement.,0
Goa,Candolim,Events,A sports event is planned in Candolim. following a recent launch.,0
Maharashtra,Kolhapur,Transport,A transport operator has announced new routes from Kolhapur. as part of its business expansion.,0
Goa,Baga,Events,A trade exhibition will be held in Baga. as part of its regional growth strategy.,0
Goa,Morjim,Healthcare,A large medical facility with residential accommodation for staff is proposed in Morjim. following the acquisition of land.,1
Goa,Calangute,Institutional,A training and residential facility is proposed near Calangute. as part of a major private investment.,1
Maharashtra,Lonavala,Industrial,A large manufacturing campus with employee facilities is proposed near Lonavala. following a new project announcement.,1
Maharashtra,Kolhapur,Residential,A real estate developer has announced a large apartment project in Kolhapur with multiple residential towers. after receiving preliminary clearance.,1
Karnataka,Coorg,Corporate,A legal services company has opened a new office in Coorg. according to the company announcement.,0
Maharashtra,Thane,Entertainment,An entertainment brand has expanded its operations in Thane. as part of its business expansion.,0
Goa,Anjuna,Transport,A transport operator has announced new routes from Anjuna. according to the company announcement.,0
Karnataka,Hassan,Technology,A technology startup has launched a new software product from Hassan. as part of its regional growth strategy.,0
Karnataka,Coorg,Small Business,A convenience store has opened a new location in Coorg. according to the company announcement.,0
Maharashtra,Alibaug,Senior Living,A senior residential campus with common facilities is being developed near Alibaug. following a new project announcement.,1
Karnataka,Tumakuru,Employment,A corporate employer has announced new vacancies in Tumakuru. as part of its regional growth strategy.,0
Goa,Calangute,Small Business,A small fitness studio has opened in Calangute. as part of its regional growth strategy.,0
Karnataka,Coorg,Retail,A footwear brand has expanded its retail presence in Coorg. as part of its business expansion.,0
Goa,Morjim,Finance,A bank has opened a new branch in Morjim.,0
Karnataka,Coorg,Tourism,A new eco-tourism development is being evaluated near Coorg.,1
Goa,Panaji,Hospitality,A hospitality developer is planning a new property with guest accommodation and recreational facilities near Panaji. following a new project announcement.,1
Karnataka,Coorg,Transport,An airline has announced additional flights from Coorg. according to local reports.,0
Maharashtra,Pune,Events,A public seminar is scheduled in Pune. according to the company.,0
Maharashtra,Nagpur,Logistics,A logistics company has acquired land for a new distribution hub near Nagpur. after receiving preliminary clearance.,1
Goa,Baga,Education,A private university has announced a residential campus project in Baga.,1
Goa,Vasco da Gama,Entertainment,A streaming company has announced an event in Vasco da Gama. according to the company announcement.,0
Goa,Baga,Commercial,A major commercial township has received development approval in Baga. as part of a planned expansion.,1
Goa,Anjuna,Healthcare,A hospital expansion project will add new patient accommodation and treatment facilities in Anjuna. following regulatory approval.,1
Maharashtra,Chhatrapati Sambhajinagar,Logistics,A large warehousing and distribution centre is proposed near Chhatrapati Sambhajinagar. as part of regional infrastructure development.,1
Maharashtra,Lonavala,Healthcare,A hospital expansion project will add new patient accommodation and treatment facilities in Lonavala. after receiving development permission.,1
Maharashtra,Chhatrapati Sambhajinagar,Events,A music event has been announced in Chhatrapati Sambhajinagar. according to the company announcement.,0
Goa,Calangute,Retail,A footwear brand has expanded its retail presence in Calangute. according to local reports.,0
Karnataka,Mangaluru,Institutional,A research institution is developing a new campus in Mangaluru. following regulatory approval.,1
Maharashtra,Thane,Entertainment,A recreational venue has opened in Thane. as part of its operational expansion.,0
Maharashtra,Nagpur,Hospitality,A large eco-resort project is being evaluated near Nagpur. after receiving development permission.,1
Goa,Anjuna,Healthcare,A new healthcare campus is expected to serve thousands of patients in the Anjuna region. as part of regional infrastructure development.,1
Karnataka,Tumakuru,Retail,A consumer electronics company has opened a showroom in Tumakuru. following a corporate announcement.,0
Maharashtra,Nashik,Retail,A supermarket chain has launched a retail outlet in Nashik.,0
Maharashtra,Nashik,Education,A boarding school campus with residential facilities is proposed near Nashik.,1
Maharashtra,Nashik,Finance,A banking company has announced expansion of its branch network in Nashik.,0
Goa,Candolim,Institutional,A government-supported campus project has received approval in Candolim. after receiving preliminary clearance.,1
Karnataka,Hubballi,Healthcare,A medical institution has announced construction of a new healthcare complex in Hubballi. as part of a major private investment.,1
Goa,Mapusa,Senior Living,A retirement housing development has received approval in Mapusa. following a new project announcement.,1
Goa,Baga,Healthcare,A healthcare company has announced a major hospital project near Baga. after planning authority approval.,1
Karnataka,Mangaluru,Residential,Construction is expected to begin on a new gated community containing approximately 2500 homes near Mangaluru. after receiving preliminary clearance.,1
Maharashtra,Lonavala,Education,A new university development will accommodate several thousand students in Lonavala. following regulatory approval.,1
Maharashtra,Lonavala,Retail,A fashion retailer has opened a new store in Lonavala.,0
Karnataka,Hassan,Logistics,A warehouse complex covering a large industrial area is proposed near Hassan.,1
Goa,Panaji,Technology,An IT company announced plans to increase its workforce in Panaji.,0
Maharashtra,Chhatrapati Sambhajinagar,Industrial,A large manufacturing campus with employee facilities is proposed near Chhatrapati Sambhajinagar. following the acquisition of land.,1
Goa,Candolim,Institutional,A large institutional campus is planned near Candolim. following the acquisition of land.,1
Karnataka,Mangaluru,Hospitality,A hospitality developer is planning a new property with guest accommodation and recreational facilities near Mangaluru. as part of a major private investment.,1
Karnataka,Hassan,Technology,A technology firm has expanded its office operations in Hassan.,0
Maharashtra,Mumbai,Technology,A technology company is recruiting engineers for its Mumbai office. as part of its operational expansion.,0
Goa,Margao,Transport,An airline has announced additional flights from Margao.,0
Goa,Calangute,Residential,A new housing project targeting more than 7000 residents has received preliminary approval in Calangute.,1
Goa,Mapusa,Retail,A grocery chain has expanded operations in Mapusa. according to local reports.,0
Karnataka,Hubballi,Transport,A transportation company has increased its fleet operations in Hubballi. following a corporate announcement.,0
Karnataka,Manipal,Education,A large educational institution is developing a campus with hostels and dining facilities near Manipal.,1
Goa,Candolim,Finance,A financial institution has increased its workforce in Candolim. according to the company announcement.,0
Maharashtra,Thane,Events,A music event has been announced in Thane. according to local reports.,0
Karnataka,Hassan,Commercial,A major commercial township has received development approval in Hassan.,1
Maharashtra,Thane,Commercial,A major commercial township has received development approval in Thane. as part of regional infrastructure development.,1
Goa,Panaji,Hospitality,A hospitality developer is planning a new property with guest accommodation and recreational facilities near Panaji.,1
Goa,Vasco da Gama,Events,A public seminar is scheduled in Vasco da Gama.,0
Karnataka,Belagavi,Hospitality,A large eco-resort project is being evaluated near Belagavi.,1
Goa,Vasco da Gama,Education,An educational trust has acquired land for a large institutional campus near Vasco da Gama. after receiving preliminary clearance.,1
Goa,Candolim,Tourism,A tourism developer has announced a large visitor accommodation project near Candolim. following regulatory approval.,1
Maharashtra,Chhatrapati Sambhajinagar,Employment,A retail company plans to recruit staff in Chhatrapati Sambhajinagar.,0
Goa,Candolim,Education,A new university campus with student accommodation is planned near Candolim. after planning authority approval.,1
Maharashtra,Pune,Hospitality,A hotel expansion will add more than 200 rooms and new guest facilities in Pune. as part of a major private investment.,1
Karnataka,Tumakuru,Logistics,A logistics park with multiple warehouses is planned near Tumakuru. after receiving development permission.,1
Karnataka,Belagavi,Technology,A startup has raised funding to expand its technology operations in Belagavi. according to local reports.,0
Karnataka,Belagavi,Tourism,A tourism infrastructure expansion is planned in the Belagavi region.,1
Maharashtra,Mumbai,Senior Living,A senior residential campus with common facilities is being developed near Mumbai. following a new project announcement.,1
Goa,Vasco da Gama,Finance,A bank has opened a new branch in Vasco da Gama. according to local reports.,0
Karnataka,Manipal,Commercial,Construction is expected to begin on a large commercial development in Manipal. after receiving development permission.,1
Karnataka,Coorg,Entertainment,A streaming company has announced an event in Coorg.,0
Karnataka,Coorg,Logistics,A new supply-chain facility with employee amenities is planned near Coorg. after receiving preliminary clearance.,1
Maharashtra,Navi Mumbai,Logistics,A freight and warehousing facility has received development approval near Navi Mumbai.,1
Karnataka,Coorg,Healthcare,A new multi-specialty hospital campus is being developed in Coorg. as part of a major private investment.,1
Karnataka,Tumakuru,Hospitality,Construction approval has been granted for a large tourism resort in Tumakuru. as part of a planned expansion.,1
Maharashtra,Lonavala,Corporate,A recruitment company has expanded its operations in Lonavala. following a recent launch.,0
Karnataka,Tumakuru,Technology,An IT company announced plans to increase its workforce in Tumakuru. following a corporate announcement.,0
Maharashtra,Nagpur,Entertainment,A recreational venue has opened in Nagpur.,0
Maharashtra,Nagpur,Residential,Planning authorities have approved a 2000-unit housing project near Nagpur. as part of a planned expansion.,1
Goa,Baga,Residential,A RERA-registered residential development comprising 500 apartments has been announced in Baga.,1
Karnataka,Manipal,Education,A new higher-education campus is being developed on the outskirts of Manipal. following the acquisition of land.,1
Goa,Anjuna,Education,A university expansion will include new student residences and academic buildings in Anjuna. following a new project announcement.,1
Karnataka,Manipal,Hospitality,A luxury resort with approximately 80 rooms is proposed near Manipal.,1
Karnataka,Udupi,Transport,A transport operator has announced new routes from Udupi. as part of its regional growth strategy.,0
Karnataka,Hassan,Finance,A bank has opened a new branch in Hassan. according to the company.,0
Karnataka,Tumakuru,Technology,An IT company announced plans to increase its workforce in Tumakuru. as part of its market expansion.,0
Karnataka,Hassan,Senior Living,A senior residential campus with common facilities is being developed near Hassan.,1
Goa,Vasco da Gama,Healthcare,A private healthcare group is acquiring land for a new hospital near Vasco da Gama. as part of a planned expansion.,1
Karnataka,Mysuru,Institutional,A research and development campus is being developed near Mysuru.,1
Karnataka,Hubballi,Senior Living,A developer has announced a large assisted-living project near Hubballi.,1
Karnataka,Belagavi,Residential,A large residential complex with common amenities is under development near Belagavi. following an investment proposal.,1
Goa,Morjim,Industrial,A large manufacturing campus with employee facilities is proposed near Morjim. after receiving preliminary clearance.,1
Maharashtra,Kolhapur,Entertainment,A recreational venue has opened in Kolhapur. as part of its market expansion.,0
Goa,Vasco da Gama,Retail,A supermarket chain has launched a retail outlet in Vasco da Gama. according to the company announcement.,0
Goa,Calangute,Retail,A lifestyle brand has opened its latest outlet in Calangute. following the latest business update.,0
Maharashtra,Kolhapur,Retail,A lifestyle brand has opened its latest outlet in Kolhapur.,0
Goa,Vasco da Gama,Events,A public seminar is scheduled in Vasco da Gama. as part of its market expansion.,0
Maharashtra,Thane,Transport,An airline has announced additional flights from Thane.,0
Goa,Vasco da Gama,Technology,A startup has raised funding to expand its technology operations in Vasco da Gama. according to the company.,0
Karnataka,Manipal,Events,A business conference will be held in Manipal. as part of its operational expansion.,0
Goa,Margao,Commercial,A major commercial township has received development approval in Margao. as part of a major private investment.,1
Goa,Margao,Institutional,A training and residential facility is proposed near Margao. as part of regional infrastructure development.,1
Karnataka,Bengaluru,Transport,A railway service has announced schedule changes affecting Bengaluru.,0
Maharashtra,Pune,Transport,A ride-sharing company has expanded services in Pune.,0
Maharashtra,Chhatrapati Sambhajinagar,Hospitality,A new business hotel is planned near the commercial district of Chhatrapati Sambhajinagar. after receiving development permission.,1
Goa,Baga,Industrial,A new industrial park is being developed near Baga.,1
Maharashtra,Chhatrapati Sambhajinagar,Entertainment,A music festival will take place in Chhatrapati Sambhajinagar. according to local reports.,0
Maharashtra,Mumbai,Institutional,A large training centre with residential accommodation is planned in Mumbai.,1
Karnataka,Belagavi,Entertainment,A streaming company has announced an event in Belagavi. as part of its market expansion.,0
Karnataka,Mysuru,Small Business,A local bakery has opened a new outlet in Mysuru. following the latest business update.,0
Goa,Baga,Commercial,A developer has announced a multi-building commercial project in Baga. following an investment proposal.,1
Karnataka,Hubballi,Technology,A software company announced a new digital platform in Hubballi.,0
Karnataka,Belagavi,Residential,"A proposed residential township near Belagavi will include apartments, community facilities and landscaped areas. following a new project announcement.",1
Maharashtra,Alibaug,Institutional,A government-supported campus project has received approval in Alibaug. following regulatory approval.,1
Goa,Panaji,Hospitality,A new 120-room hotel project has been announced in Panaji. following regulatory approval.,1
Maharashtra,Mumbai,Logistics,A major e-commerce logistics hub is being developed near Mumbai. following regulatory approval.,1
Maharashtra,Lonavala,Hospitality,A large eco-resort project is being evaluated near Lonavala.,1
Goa,Ponda,Tourism,A tourism developer has announced a large visitor accommodation project near Ponda. as part of regional infrastructure development.,1
Maharashtra,Chhatrapati Sambhajinagar,Institutional,A government-supported campus project has received approval in Chhatrapati Sambhajinagar. following an investment proposal.,1
Goa,Panaji,Healthcare,Planning authorities have approved a new medical campus in Panaji.,1
Karnataka,Tumakuru,Employment,A startup is hiring employees for its Tumakuru office. as part of its business expansion.,0
Karnataka,Tumakuru,Commercial,A large business district expansion has been announced near Tumakuru.,1
Goa,Anjuna,Finance,A lending platform has launched services in Anjuna. according to local reports.,0
Maharashtra,Nagpur,Technology,An IT services company has opened a new corporate office in Nagpur.,0
Goa,Morjim,Finance,An insurance company has opened a new office in Morjim. as part of its operational expansion.,0
Goa,Baga,Institutional,A large institutional complex with accommodation facilities is planned near Baga.,1
Karnataka,Mangaluru,Corporate,A legal services company has opened a new office in Mangaluru.,0
Maharashtra,Chhatrapati Sambhajinagar,Institutional,A public-sector organization has announced development of a new campus in Chhatrapati Sambhajinagar.,1
Karnataka,Hassan,Commercial,A new business park with multiple commercial buildings is being developed in Hassan. following a new project announcement.,1
Goa,Baga,Small Business,A restaurant has launched a new location in Baga. following a corporate announcement.,0
Goa,Vasco da Gama,Institutional,A new administrative and residential campus is proposed near Vasco da Gama. after receiving preliminary clearance.,1
Maharashtra,Lonavala,Hospitality,A large eco-resort project is being evaluated near Lonavala. after receiving preliminary clearance.,1
Karnataka,Mangaluru,Technology,A software company announced a new digital platform in Mangaluru.,0
Karnataka,Hassan,Events,A sports event is planned in Hassan. as part of its market expansion.,0
Goa,Ponda,Transport,A courier company has launched a new service in Ponda. as part of its business expansion.,0
Goa,Panaji,Hospitality,A large eco-resort project is being evaluated near Panaji. after receiving preliminary clearance.,1
Karnataka,Manipal,Employment,A business process outsourcing company is hiring in Manipal. following the latest business update.,0
Maharashtra,Nagpur,Transport,A courier company has launched a new service in Nagpur. as part of its business expansion.,0
Maharashtra,Nashik,Entertainment,An entertainment company has launched a new venue in Nashik. following a corporate announcement.,0
Goa,Panaji,Healthcare,Planning authorities have approved a new medical campus in Panaji. following a new project announcement.,1
Karnataka,Tumakuru,Transport,A logistics company has expanded its delivery network in Tumakuru. according to local reports.,0
Maharashtra,Alibaug,Hospitality,Construction approval has been granted for a large tourism resort in Alibaug.,1
Karnataka,Mangaluru,Entertainment,A recreational venue has opened in Mangaluru. as part of its business expansion.,0
Karnataka,Bengaluru,Commercial,A developer has announced a multi-building commercial project in Bengaluru.,1
Karnataka,Hassan,Retail,A footwear brand has expanded its retail presence in Hassan.,0
Maharashtra,Kolhapur,Commercial,A large shopping and commercial complex is proposed near Kolhapur.,1
Goa,Ponda,Corporate,A recruitment company has expanded its operations in Ponda. according to the company announcement.,0
Maharashtra,Nashik,Education,A new university campus with student accommodation is planned near Nashik. following regulatory approval.,1
Goa,Mapusa,Events,A trade exhibition will be held in Mapusa. as part of its operational expansion.,0
Karnataka,Manipal,Senior Living,A retirement community with healthcare and accommodation facilities is proposed in Manipal.,1
Karnataka,Mysuru,Education,A large educational institution is developing a campus with hostels and dining facilities near Mysuru. following a new project announcement.,1
Karnataka,Tumakuru,Retail,A clothing company has announced a new retail location in Tumakuru. according to the company announcement.,0
Maharashtra,Nagpur,Residential,A new housing project targeting more than 800 residents has received preliminary approval in Nagpur.,1
Maharashtra,Pune,Industrial,An industrial developer has acquired land for a multi-unit industrial park near Pune. after receiving development permission.,1
Goa,Panaji,Finance,An insurance company has opened a new office in Panaji. as part of its market expansion.,0
Karnataka,Coorg,Education,An educational trust has acquired land for a large institutional campus near Coorg. following an investment proposal.,1
Maharashtra,Thane,Tourism,A large visitor facility with accommodation and recreational infrastructure is proposed near Thane. after receiving development permission.,1
Karnataka,Tumakuru,Technology,A technology company is recruiting engineers for its Tumakuru office. as part of its market expansion.,0
Maharashtra,Lonavala,Employment,A business process outsourcing company is hiring in Lonavala. according to the company.,0
Goa,Candolim,Residential,A new housing project targeting more than 1800 residents has received preliminary approval in Candolim. after receiving development permission.,1
Goa,Vasco da Gama,Hospitality,"A new hospitality complex with restaurants, accommodation and recreational facilities is planned near Vasco da Gama.",1
Maharashtra,Pune,Entertainment,A theatre company has announced a performance in Pune. according to the company.,0
Maharashtra,Mumbai,Healthcare,A healthcare company has announced a major hospital project near Mumbai. after receiving preliminary clearance.,1
Karnataka,Bengaluru,Technology,A technology firm has expanded its office operations in Bengaluru. according to the company.,0
Goa,Baga,Healthcare,A hospital developer has received approval for a new multi-building medical campus in Baga. following the acquisition of land.,1
Karnataka,Coorg,Entertainment,A music festival will take place in Coorg. as part of its regional growth strategy.,0
Maharashtra,Kolhapur,Residential,Construction is expected to begin on a new gated community containing approximately 250 homes near Kolhapur. after planning authority approval.,1
Goa,Panaji,Entertainment,A gaming centre has opened in Panaji. following a corporate announcement.,0
Karnataka,Udupi,Healthcare,A hospital expansion project will add new patient accommodation and treatment facilities in Udupi. after receiving preliminary clearance.,1
Karnataka,Mangaluru,Education,A private university has announced a residential campus project in Mangaluru.,1
Goa,Panaji,Hospitality,A luxury resort with approximately 400 rooms is proposed near Panaji. following the acquisition of land.,1
Karnataka,Bengaluru,Technology,A technology firm has expanded its office operations in Bengaluru. following the latest business update.,0
Goa,Candolim,Commercial,A large shopping and commercial complex is proposed near Candolim. following an investment proposal.,1
Maharashtra,Navi Mumbai,Corporate,A business services firm has announced hiring in Navi Mumbai. according to the company.,0
Goa,Ponda,Healthcare,A private healthcare group is acquiring land for a new hospital near Ponda. following a new project announcement.,1
Goa,Anjuna,Healthcare,Planning authorities have approved a new medical campus in Anjuna.,1
Goa,Anjuna,Hospitality,A new business hotel is planned near the commercial district of Anjuna.,1
Goa,Anjuna,Transport,A transportation company has increased its fleet operations in Anjuna. as part of its operational expansion.,0
Goa,Calangute,Retail,A lifestyle brand has opened its latest outlet in Calangute. as part of its operational expansion.,0
Karnataka,Mangaluru,Transport,A ride-sharing company has expanded services in Mangaluru.,0
Goa,Panaji,Finance,A lending platform has launched services in Panaji.,0
Goa,Candolim,Small Business,A convenience store has opened a new location in Candolim. as part of its market expansion.,0
Goa,Morjim,Institutional,A research and development campus is being developed near Morjim. as part of a major private investment.,1
Maharashtra,Kolhapur,Institutional,A large training centre with residential accommodation is planned in Kolhapur. following the acquisition of land.,1
Goa,Anjuna,Technology,An IT company announced plans to increase its workforce in Anjuna. following the latest business update.,0
Goa,Anjuna,Retail,A supermarket chain has launched a retail outlet in Anjuna. following the latest business update.,0
Maharashtra,Lonavala,Industrial,A large industrial expansion project has been announced near Lonavala.,1
Goa,Baga,Finance,A bank has opened a new branch in Baga. according to the company announcement.,0
Goa,Mapusa,Hospitality,Construction approval has been granted for a large tourism resort in Mapusa. as part of a major private investment.,1
Karnataka,Coorg,Corporate,A management consulting company has announced expansion in Coorg.,0
Maharashtra,Nagpur,Commercial,A new corporate campus with multiple buildings is planned near Nagpur. after receiving preliminary clearance.,1
Maharashtra,Alibaug,Small Business,A convenience store has opened a new location in Alibaug. following a corporate announcement.,0
Goa,Anjuna,Commercial,A large shopping and commercial complex is proposed near Anjuna.,1
Goa,Calangute,Residential,A large residential complex with common amenities is under development near Calangute. as part of a major private investment.,1
Maharashtra,Nashik,Retail,A consumer electronics company has opened a showroom in Nashik.,0
Goa,Margao,Small Business,A small fitness studio has opened in Margao. as part of its business expansion.,0
Karnataka,Hubballi,Logistics,A logistics developer has announced a new large-scale warehouse campus near Hubballi. following an investment proposal.,1
Karnataka,Hubballi,Small Business,A small clothing shop has opened in Hubballi. following a recent launch.,0
Karnataka,Bengaluru,Technology,A technology startup has launched a new software product from Bengaluru. as part of its regional growth strategy.,0
Karnataka,Udupi,Transport,A railway service has announced schedule changes affecting Udupi.,0
Maharashtra,Thane,Retail,A supermarket chain has launched a retail outlet in Thane. following a recent launch.,0
Karnataka,Bengaluru,Small Business,A small fitness studio has opened in Bengaluru. following a corporate announcement.,0
Karnataka,Hassan,Transport,A bus operator has introduced a new route connecting Hassan.,0
Maharashtra,Pune,Industrial,An industrial estate with multiple manufacturing units has been approved near Pune.,1
Karnataka,Hassan,Transport,A bus operator has introduced a new route connecting Hassan. as part of its regional growth strategy.,0
Goa,Ponda,Transport,An airline has announced additional flights from Ponda. as part of its market expansion.,0
Maharashtra,Nagpur,Commercial,A developer has announced a multi-building commercial project in Nagpur. after receiving development permission.,1
Karnataka,Mangaluru,Institutional,A new administrative and residential campus is proposed near Mangaluru. as part of a major private investment.,1
Goa,Margao,Industrial,A manufacturing complex is planned on the outskirts of Margao. following a new project announcement.,1
Karnataka,Coorg,Small Business,A local bakery has opened a new outlet in Coorg. according to local reports.,0
Karnataka,Mangaluru,Tourism,Authorities have approved a tourism development project near Mangaluru. following regulatory approval.,1
Maharashtra,Pune,Commercial,"A mixed-use development containing offices, retail space and public facilities is proposed near Pune.",1
Maharashtra,Chhatrapati Sambhajinagar,Technology,A software company announced a new digital platform in Chhatrapati Sambhajinagar. according to the company.,0
Maharashtra,Pune,Institutional,A large institutional campus is planned near Pune.,1
Karnataka,Coorg,Corporate,A professional services firm has opened a new office in Coorg. according to local reports.,0
Goa,Anjuna,Transport,A transportation company has increased its fleet operations in Anjuna.,0
Karnataka,Mysuru,Healthcare,A medical institution has announced construction of a new healthcare complex in Mysuru. following the acquisition of land.,1
Karnataka,Hubballi,Healthcare,A new multi-specialty hospital campus is being developed in Hubballi. as part of a planned expansion.,1
Maharashtra,Lonavala,Residential,"A proposed residential township near Lonavala will include apartments, community facilities and landscaped areas.",1
Karnataka,Mysuru,Healthcare,A healthcare company has announced a major hospital project near Mysuru. following the acquisition of land.,1
Maharashtra,Nagpur,Healthcare,A hospital developer has received approval for a new multi-building medical campus in Nagpur. as part of a planned expansion.,1
Maharashtra,Alibaug,Hospitality,A new business hotel is planned near the commercial district of Alibaug. after receiving development permission.,1
Karnataka,Udupi,Retail,A supermarket chain has launched a retail outlet in Udupi. as part of its regional growth strategy.,0
Goa,Baga,Technology,A technology firm has expanded its office operations in Baga.,0
Goa,Panaji,Retail,A supermarket chain has launched a retail outlet in Panaji. as part of its market expansion.,0
Karnataka,Tumakuru,Small Business,A neighbourhood pharmacy has opened a new branch in Tumakuru. following the latest business update.,0
Karnataka,Coorg,Commercial,A major commercial township has received development approval in Coorg. following an investment proposal.,1
Maharashtra,Nagpur,Small Business,A convenience store has opened a new location in Nagpur.,0
Karnataka,Mysuru,Institutional,A new administrative and residential campus is proposed near Mysuru.,1
Maharashtra,Chhatrapati Sambhajinagar,Institutional,A large institutional campus is planned near Chhatrapati Sambhajinagar. following the acquisition of land.,1
Goa,Candolim,Senior Living,A retirement housing development has received approval in Candolim.,1
Karnataka,Hubballi,Retail,A national retail company has announced a new store in Hubballi. following a recent launch.,0
Karnataka,Manipal,Healthcare,A new multi-specialty hospital campus is being developed in Manipal. after planning authority approval.,1
Karnataka,Mangaluru,Logistics,A logistics developer has announced a new large-scale warehouse campus near Mangaluru. following a new project announcement.,1
Goa,Baga,Hospitality,A new business hotel is planned near the commercial district of Baga. as part of regional infrastructure development.,1
Karnataka,Manipal,Employment,A consulting company has announced recruitment in Manipal. as part of its operational expansion.,0
Goa,Vasco da Gama,Employment,A business process outsourcing company is hiring in Vasco da Gama. as part of its operational expansion.,0
Karnataka,Hubballi,Tourism,A tourism developer has announced a large visitor accommodation project near Hubballi.,1
Karnataka,Mysuru,Commercial,A developer has announced a multi-building commercial project in Mysuru.,1
Maharashtra,Thane,Retail,A clothing company has announced a new retail location in Thane. as part of its operational expansion.,0
Goa,Candolim,Senior Living,A developer has announced a large assisted-living project near Candolim. following an investment proposal.,1
Maharashtra,Alibaug,Technology,A technology startup has launched a new software product from Alibaug. according to the company.,0
Karnataka,Belagavi,Industrial,An industrial estate with multiple manufacturing units has been approved near Belagavi. following an investment proposal.,1
Maharashtra,Chhatrapati Sambhajinagar,Education,A new university campus with student accommodation is planned near Chhatrapati Sambhajinagar. after planning authority approval.,1
Maharashtra,Lonavala,Technology,A startup has raised funding to expand its technology operations in Lonavala. following the latest business update.,0
Karnataka,Manipal,Education,A private university has announced a residential campus project in Manipal. following an investment proposal.,1
Karnataka,Mysuru,Commercial,A large shopping and commercial complex is proposed near Mysuru. as part of a planned expansion.,1
Maharashtra,Pune,Tourism,A destination resort and visitor centre is proposed near Pune. after receiving preliminary clearance.,1
Maharashtra,Nagpur,Residential,Planning authorities have approved a 600-unit housing project near Nagpur. as part of regional infrastructure development.,1
Maharashtra,Pune,Retail,A fashion retailer has opened a new store in Pune. as part of its regional growth strategy.,0
Maharashtra,Alibaug,Commercial,A new business park with multiple commercial buildings is being developed in Alibaug. following the acquisition of land.,1
Karnataka,Mangaluru,Tourism,A tourism infrastructure expansion is planned in the Mangaluru region. after receiving preliminary clearance.,1
Maharashtra,Navi Mumbai,Transport,A courier company has launched a new service in Navi Mumbai.,0
Karnataka,Manipal,Hospitality,A luxury resort with approximately 400 rooms is proposed near Manipal.,1
Maharashtra,Lonavala,Employment,A business process outsourcing company is hiring in Lonavala. according to the company announcement.,0
Karnataka,Mangaluru,Events,A business networking event will take place in Mangaluru. following a corporate announcement.,0
Goa,Mapusa,Logistics,A large warehousing and distribution centre is proposed near Mapusa. following an investment proposal.,1
Karnataka,Udupi,Logistics,A new supply-chain facility with employee amenities is planned near Udupi. after planning authority approval.,1
Karnataka,Udupi,Transport,A transportation company has increased its fleet operations in Udupi. as part of its market expansion.,0
Goa,Candolim,Commercial,A large shopping and commercial complex is proposed near Candolim. as part of a major private investment.,1
Maharashtra,Navi Mumbai,Technology,A software company announced a new digital platform in Navi Mumbai. according to local reports.,0
Goa,Panaji,Commercial,Construction is expected to begin on a large commercial development in Panaji. following regulatory approval.,1
Goa,Calangute,Entertainment,A music festival will take place in Calangute.,0
Karnataka,Bengaluru,Corporate,A professional services firm has opened a new office in Bengaluru. following a recent launch.,0
Maharashtra,Nashik,Entertainment,A cinema chain has announced a new screen in Nashik.,0
Karnataka,Hassan,Hospitality,A beach resort project with 200 guest rooms is proposed in Hassan. following the acquisition of land.,1
Maharashtra,Chhatrapati Sambhajinagar,Senior Living,A senior residential campus with common facilities is being developed near Chhatrapati Sambhajinagar. following regulatory approval.,1
Karnataka,Manipal,Logistics,A freight and warehousing facility has received development approval near Manipal.,1
Goa,Margao,Education,A boarding school campus with residential facilities is proposed near Margao. as part of a major private investment.,1
Karnataka,Tumakuru,Small Business,A local café has expanded its operations in Tumakuru. as part of its business expansion.,0
Karnataka,Belagavi,Retail,A footwear brand has expanded its retail presence in Belagavi.,0
Goa,Calangute,Industrial,An industrial estate with multiple manufacturing units has been approved near Calangute. following an investment proposal.,1
Maharashtra,Lonavala,Finance,A bank has opened a new branch in Lonavala.,0
Maharashtra,Navi Mumbai,Finance,A financial company has moved into a larger office in Navi Mumbai. according to local reports.,0
Karnataka,Coorg,Commercial,A developer has announced a multi-building commercial project in Coorg. after planning authority approval.,1
Karnataka,Manipal,Commercial,Construction is expected to begin on a large commercial development in Manipal. following an investment proposal.,1
Maharashtra,Navi Mumbai,Finance,A bank has opened a new branch in Navi Mumbai. as part of its regional growth strategy.,0
Goa,Morjim,Retail,A national retail company has announced a new store in Morjim. as part of its regional growth strategy.,0
Goa,Calangute,Residential,A RERA-registered residential development comprising 600 apartments has been announced in Calangute. as part of a planned expansion.,1
Karnataka,Coorg,Industrial,Construction approval has been granted for an industrial development in Coorg.,1
Maharashtra,Thane,Senior Living,A retirement housing development has received approval in Thane. following regulatory approval.,1
Karnataka,Manipal,Education,A boarding school campus with residential facilities is proposed near Manipal. after planning authority approval.,1
Maharashtra,Mumbai,Finance,A fintech company has launched a new service in Mumbai.,0
Goa,Panaji,Events,A trade exhibition will be held in Panaji. according to local reports.,0
Goa,Mapusa,Finance,A bank has opened a new branch in Mapusa. as part of its market expansion.,0
Karnataka,Mysuru,Senior Living,A retirement housing development has received approval in Mysuru. as part of a planned expansion.,1
Karnataka,Coorg,Entertainment,An entertainment company has launched a new venue in Coorg. following the latest business update.,0
Karnataka,Manipal,Senior Living,A retirement housing development has received approval in Manipal.,1
Goa,Margao,Small Business,A local electronics shop has expanded in Margao. as part of its market expansion.,0
Karnataka,Udupi,Senior Living,A retirement community with healthcare and accommodation facilities is proposed in Udupi. after receiving development permission.,1
Maharashtra,Kolhapur,Residential,A large residential complex with common amenities is under development near Kolhapur. following regulatory approval.,1
Goa,Candolim,Institutional,A public-sector organization has announced development of a new campus in Candolim. following a new project announcement.,1
Goa,Mapusa,Finance,A bank has opened a new branch in Mapusa. following a corporate announcement.,0
Maharashtra,Kolhapur,Small Business,A convenience store has opened a new location in Kolhapur. according to the company.,0
Maharashtra,Kolhapur,Events,A trade exhibition will be held in Kolhapur. as part of its operational expansion.,0
Karnataka,Coorg,Retail,A national retail company has announced a new store in Coorg. according to the company.,0
Karnataka,Tumakuru,Entertainment,A streaming company has announced an event in Tumakuru.,0
Goa,Vasco da Gama,Small Business,A local bakery has opened a new outlet in Vasco da Gama. following a recent launch.,0
Karnataka,Belagavi,Healthcare,A private healthcare group is acquiring land for a new hospital near Belagavi. following a new project announcement.,1
Maharashtra,Mumbai,Employment,A financial company has announced recruitment in Mumbai. following a recent launch.,0
Goa,Ponda,Events,A public seminar is scheduled in Ponda. according to local reports.,0
Karnataka,Manipal,Institutional,A large training centre with residential accommodation is planned in Manipal. following the acquisition of land.,1
Maharashtra,Pune,Employment,A business process outsourcing company is hiring in Pune.,0
Maharashtra,Thane,Institutional,A large institutional campus is planned near Thane. as part of a planned expansion.,1
Maharashtra,Lonavala,Transport,A transport operator has announced new routes from Lonavala. following a recent launch.,0
Karnataka,Belagavi,Industrial,A major industrial company has announced a new production facility near Belagavi.,1
Karnataka,Udupi,Healthcare,A medical institution has announced construction of a new healthcare complex in Udupi. following a new project announcement.,1
Maharashtra,Kolhapur,Entertainment,A recreational venue has opened in Kolhapur.,0
Maharashtra,Nagpur,Commercial,A large business district expansion has been announced near Nagpur.,1
Goa,Mapusa,Retail,A grocery chain has expanded operations in Mapusa. following a corporate announcement.,0
Goa,Margao,Healthcare,A medical institution has announced construction of a new healthcare complex in Margao.,1
Maharashtra,Navi Mumbai,Education,A private university has announced a residential campus project in Navi Mumbai. following a new project announcement.,1
Karnataka,Mangaluru,Institutional,A public-sector organization has announced development of a new campus in Mangaluru. after receiving preliminary clearance.,1
Goa,Baga,Commercial,A major commercial township has received development approval in Baga.,1
Maharashtra,Nagpur,Finance,A financial company has moved into a larger office in Nagpur. according to the company.,0
Maharashtra,Mumbai,Retail,A fashion retailer has opened a new store in Mumbai.,0
Maharashtra,Thane,Events,A sports event is planned in Thane.,0
Goa,Vasco da Gama,Hospitality,A new 120-room hotel project has been announced in Vasco da Gama. after receiving development permission.,1
Goa,Baga,Industrial,A large industrial expansion project has been announced near Baga.,1
Goa,Margao,Technology,A technology company is recruiting engineers for its Margao office.,0
Goa,Baga,Hospitality,A luxury resort with approximately 750 rooms is proposed near Baga. following a new project announcement.,1
Goa,Ponda,Education,A residential educational campus with hostels and common facilities is planned near Ponda.,1
Goa,Ponda,Senior Living,A retirement community with healthcare and accommodation facilities is proposed in Ponda. following regulatory approval.,1
Maharashtra,Lonavala,Residential,A real estate developer has announced a large apartment project in Lonavala with multiple residential towers.,1
Maharashtra,Nashik,Institutional,A public-sector organization has announced development of a new campus in Nashik. following a new project announcement.,1
Goa,Vasco da Gama,Technology,A technology startup has launched a new software product from Vasco da Gama. according to local reports.,0
Maharashtra,Pune,Finance,A banking company has announced expansion of its branch network in Pune. following a corporate announcement.,0
Maharashtra,Alibaug,Institutional,A government-supported campus project has received approval in Alibaug. as part of regional infrastructure development.,1
Goa,Morjim,Education,A new university campus with student accommodation is planned near Morjim. as part of a major private investment.,1
Goa,Baga,Transport,An airline has announced additional flights from Baga.,0
Karnataka,Coorg,Commercial,"A mixed-use development containing offices, retail space and public facilities is proposed near Coorg. following the acquisition of land.",1
Karnataka,Hubballi,Tourism,A major tourism investment has been announced near Hubballi. as part of a major private investment.,1
Maharashtra,Thane,Logistics,A major e-commerce logistics hub is being developed near Thane.,1
Maharashtra,Pune,Healthcare,A specialty hospital and associated facilities are planned near Pune. following the acquisition of land.,1
Maharashtra,Alibaug,Industrial,A new industrial park is being developed near Alibaug. following the acquisition of land.,1
Goa,Morjim,Education,A new university development will accommodate several thousand students in Morjim. as part of a major private investment.,1
Maharashtra,Nashik,Senior Living,A retirement community with healthcare and accommodation facilities is proposed in Nashik. following regulatory approval.,1
Maharashtra,Alibaug,Industrial,A new industrial park is being developed near Alibaug. following a new project announcement.,1
Maharashtra,Mumbai,Logistics,A warehouse complex covering a large industrial area is proposed near Mumbai. following the acquisition of land.,1
Karnataka,Mangaluru,Hospitality,A luxury resort with approximately 100 rooms is proposed near Mangaluru.,1
Goa,Calangute,Hospitality,A large eco-resort project is being evaluated near Calangute. as part of a major private investment.,1
Maharashtra,Chhatrapati Sambhajinagar,Entertainment,A cinema chain has announced a new screen in Chhatrapati Sambhajinagar. following the latest business update.,0
Karnataka,Belagavi,Hospitality,A luxury resort with approximately 250 rooms is proposed near Belagavi.,1
Maharashtra,Nagpur,Institutional,A research institution is developing a new campus in Nagpur. after planning authority approval.,1
Goa,Calangute,Small Business,A small fitness studio has opened in Calangute. according to the company.,0
Maharashtra,Nagpur,Small Business,A restaurant has launched a new location in Nagpur.,0
Karnataka,Coorg,Healthcare,A healthcare company has announced a major hospital project near Coorg. as part of a planned expansion.,1
Karnataka,Belagavi,Retail,A grocery chain has expanded operations in Belagavi. following a recent launch.,0
Karnataka,Udupi,Education,A residential educational campus with hostels and common facilities is planned near Udupi.,1
Karnataka,Bengaluru,Finance,A financial institution has increased its workforce in Bengaluru. according to the company.,0
Karnataka,Manipal,Corporate,A corporate advisory company has increased its presence in Manipal. as part of its business expansion.,0
Maharashtra,Lonavala,Employment,A business process outsourcing company is hiring in Lonavala. as part of its market expansion.,0
Karnataka,Mangaluru,Commercial,A developer has announced a multi-building commercial project in Mangaluru.,1
Karnataka,Hassan,Healthcare,A new healthcare campus is expected to serve thousands of patients in the Hassan region. following a new project announcement.,1
Goa,Mapusa,Transport,An airline has announced additional flights from Mapusa.,0
Maharashtra,Navi Mumbai,Entertainment,A gaming centre has opened in Navi Mumbai. as part of its operational expansion.,0
Karnataka,Coorg,Finance,A fintech company has launched a new service in Coorg.,0
Karnataka,Hubballi,Employment,A company has announced hiring for its Hubballi operations. following a corporate announcement.,0
Goa,Ponda,Corporate,A corporate advisory company has increased its presence in Ponda. as part of its regional growth strategy.,0
Karnataka,Belagavi,Commercial,Construction is expected to begin on a large commercial development in Belagavi. following a new project announcement.,1
Maharashtra,Nagpur,Retail,A lifestyle brand has opened its latest outlet in Nagpur.,0
Maharashtra,Nagpur,Retail,A lifestyle brand has opened its latest outlet in Nagpur. according to local reports.,0
Karnataka,Hassan,Logistics,A logistics company has acquired land for a new distribution hub near Hassan. after planning authority approval.,1
Goa,Margao,Institutional,A government-supported campus project has received approval in Margao. following a new project announcement.,1
Goa,Margao,Tourism,Authorities have approved a tourism development project near Margao. following a new project announcement.,1
Maharashtra,Thane,Small Business,A neighbourhood pharmacy has opened a new branch in Thane. following a recent launch.,0
Goa,Candolim,Residential,A developer has acquired land for a large residential township in Candolim. following the acquisition of land.,1
Goa,Ponda,Finance,An insurance company has opened a new office in Ponda. following the latest business update.,0
Maharashtra,Lonavala,Industrial,An industrial estate with multiple manufacturing units has been approved near Lonavala. as part of a planned expansion.,1
Maharashtra,Thane,Residential,Planning authorities have approved a 750-unit housing project near Thane.,1
Maharashtra,Chhatrapati Sambhajinagar,Small Business,A small fitness studio has opened in Chhatrapati Sambhajinagar. according to local reports.,0
Karnataka,Manipal,Technology,A software company has opened a new technology office in Manipal. following a recent launch.,0
Goa,Panaji,Hospitality,Construction approval has been granted for a large tourism resort in Panaji. as part of a major private investment.,1
Maharashtra,Thane,Commercial,A major commercial township has received development approval in Thane.,1
Maharashtra,Kolhapur,Events,A business networking event will take place in Kolhapur. following a recent launch.,0
Goa,Ponda,Corporate,A corporate advisory company has increased its presence in Ponda. as part of its market expansion.,0
Goa,Ponda,Retail,A supermarket chain has launched a retail outlet in Ponda. as part of its regional growth strategy.,0
Karnataka,Coorg,Institutional,A research institution is developing a new campus in Coorg. as part of a planned expansion.,1
Goa,Margao,Tourism,A new eco-tourism development is being evaluated near Margao. following the acquisition of land.,1
Karnataka,Mysuru,Transport,A transport operator has announced new routes from Mysuru.,0
Karnataka,Hubballi,Finance,A bank has opened a new branch in Hubballi. as part of its business expansion.,0
Goa,Anjuna,Technology,A technology company is recruiting engineers for its Anjuna office.,0
Karnataka,Belagavi,Senior Living,A developer has announced a large assisted-living project near Belagavi. following an investment proposal.,1
Maharashtra,Nagpur,Employment,A technology firm plans to recruit additional employees in Nagpur. according to the company.,0
Goa,Morjim,Small Business,A convenience store has opened a new location in Morjim. according to the company.,0
Goa,Anjuna,Transport,A ride-sharing company has expanded services in Anjuna.,0
Goa,Baga,Commercial,A developer has announced a multi-building commercial project in Baga. as part of regional infrastructure development.,1
Maharashtra,Kolhapur,Commercial,"A mixed-use development containing offices, retail space and public facilities is proposed near Kolhapur. as part of regional infrastructure development.",1
Karnataka,Bengaluru,Transport,A transportation company has increased its fleet operations in Bengaluru.,0
Karnataka,Manipal,Hospitality,"A new hospitality complex with restaurants, accommodation and recreational facilities is planned near Manipal. following regulatory approval.",1
Goa,Mapusa,Tourism,A new eco-tourism development is being evaluated near Mapusa. following the acquisition of land.,1
Goa,Mapusa,Tourism,A major tourism investment has been announced near Mapusa. as part of a planned expansion.,1
Maharashtra,Pune,Healthcare,A hospital developer has received approval for a new multi-building medical campus in Pune. after planning authority approval.,1
Goa,Panaji,Education,A new university campus with student accommodation is planned near Panaji. following regulatory approval.,1
Maharashtra,Pune,Industrial,A manufacturing complex is planned on the outskirts of Pune. following a new project announcement.,1
Maharashtra,Mumbai,Senior Living,A retirement housing development has received approval in Mumbai. following the acquisition of land.,1
Karnataka,Bengaluru,Senior Living,A senior residential campus with common facilities is being developed near Bengaluru.,1
Goa,Baga,Institutional,A new administrative and residential campus is proposed near Baga. following a new project announcement.,1
Karnataka,Udupi,Healthcare,A private healthcare group is acquiring land for a new hospital near Udupi. as part of a planned expansion.,1
Goa,Panaji,Events,A public seminar is scheduled in Panaji. following a corporate announcement.,0
Karnataka,Hubballi,Technology,A technology startup has launched a new software product from Hubballi.,0
Goa,Vasco da Gama,Commercial,A large commercial complex is planned in Vasco da Gama. following an investment proposal.,1
Goa,Vasco da Gama,Commercial,A large commercial complex is planned in Vasco da Gama. as part of a planned expansion.,1
Karnataka,Udupi,Hospitality,A beach resort project with 120 guest rooms is proposed in Udupi. following regulatory approval.,1
Karnataka,Hubballi,Senior Living,A developer has announced a large assisted-living project near Hubballi. as part of a planned expansion.,1
Karnataka,Tumakuru,Healthcare,A hospital expansion project will add new patient accommodation and treatment facilities in Tumakuru. after planning authority approval.,1
Maharashtra,Kolhapur,Corporate,A corporate services company has increased its workforce in Kolhapur. following a recent launch.,0
Goa,Ponda,Events,A technology conference will attract visitors to Ponda.,0
Karnataka,Tumakuru,Transport,A courier company has launched a new service in Tumakuru.,0
Karnataka,Udupi,Education,A new university campus with student accommodation is planned near Udupi. following the acquisition of land.,1
Maharashtra,Pune,Institutional,A government-supported campus project has received approval in Pune. following regulatory approval.,1
Karnataka,Belagavi,Events,A trade exhibition will be held in Belagavi. as part of its operational expansion.,0
Goa,Mapusa,Employment,A corporate employer has announced new vacancies in Mapusa. as part of its regional growth strategy.,0
Goa,Panaji,Logistics,A distribution centre with multiple operational buildings is planned in Panaji.,1
Goa,Panaji,Small Business,A local electronics shop has expanded in Panaji. according to the company announcement.,0
Karnataka,Belagavi,Small Business,A small fitness studio has opened in Belagavi.,0
Goa,Ponda,Senior Living,A senior residential campus with common facilities is being developed near Ponda. after receiving development permission.,1
Maharashtra,Thane,Technology,A software company has opened a new technology office in Thane.,0
Maharashtra,Nashik,Hospitality,A beach resort project with 300 guest rooms is proposed in Nashik.,1
Goa,Vasco da Gama,Hospitality,A hotel expansion will add more than 300 rooms and new guest facilities in Vasco da Gama. after receiving preliminary clearance.,1
Maharashtra,Lonavala,Technology,A software company has opened a new technology office in Lonavala.,0
Karnataka,Mangaluru,Finance,A bank has opened a new branch in Mangaluru. according to the company announcement.,0
Maharashtra,Navi Mumbai,Events,A business conference will be held in Navi Mumbai. as part of its regional growth strategy.,0
Karnataka,Hubballi,Industrial,A large manufacturing campus with employee facilities is proposed near Hubballi.,1
Goa,Vasco da Gama,Institutional,A new administrative and residential campus is proposed near Vasco da Gama. following a new project announcement.,1
Maharashtra,Lonavala,Healthcare,Planning authorities have approved a new medical campus in Lonavala. following the acquisition of land.,1
Goa,Margao,Corporate,A professional services firm has opened a new office in Margao. according to the company.,0
Maharashtra,Kolhapur,Healthcare,A new multi-specialty hospital campus is being developed in Kolhapur. following the acquisition of land.,1
Goa,Morjim,Senior Living,A developer has announced a large assisted-living project near Morjim. after planning authority approval.,1
Goa,Anjuna,Institutional,A large institutional complex with accommodation facilities is planned near Anjuna. as part of a major private investment.,1
Karnataka,Udupi,Corporate,A management consulting company has announced expansion in Udupi. following a corporate announcement.,0
Goa,Ponda,Education,A boarding school campus with residential facilities is proposed near Ponda. after receiving preliminary clearance.,1
Goa,Mapusa,Industrial,Several manufacturing units are expected to operate from a new industrial zone near Mapusa. after planning authority approval.,1
Karnataka,Hassan,Entertainment,A cinema chain has announced a new screen in Hassan. according to the company.,0
Karnataka,Mangaluru,Education,A residential educational campus with hostels and common facilities is planned near Mangaluru. as part of a planned expansion.,1
Karnataka,Belagavi,Finance,A financial services company has expanded its operations in Belagavi. as part of its regional growth strategy.,0
Maharashtra,Lonavala,Commercial,A large business district expansion has been announced near Lonavala. following an investment proposal.,1
Goa,Mapusa,Commercial,A large business district expansion has been announced near Mapusa.,1
Karnataka,Bengaluru,Senior Living,A senior residential campus with common facilities is being developed near Bengaluru. as part of a planned expansion.,1
Karnataka,Mysuru,Healthcare,A large medical facility with residential accommodation for staff is proposed in Mysuru.,1
Karnataka,Hassan,Transport,A transportation company has increased its fleet operations in Hassan.,0
Goa,Ponda,Tourism,A tourism infrastructure expansion is planned in the Ponda region.,1
Goa,Baga,Tourism,A major tourism investment has been announced near Baga. after receiving preliminary clearance.,1
Goa,Margao,Events,A trade exhibition will be held in Margao. according to the company announcement.,0
Goa,Morjim,Entertainment,A music festival will take place in Morjim. as part of its market expansion.,0
Goa,Calangute,Institutional,A large institutional complex with accommodation facilities is planned near Calangute.,1
Maharashtra,Nagpur,Small Business,A small clothing shop has opened in Nagpur. following a corporate announcement.,0
Karnataka,Manipal,Institutional,A research and development campus is being developed near Manipal. after planning authority approval.,1
Goa,Morjim,Healthcare,A specialty hospital and associated facilities are planned near Morjim. after planning authority approval.,1
Karnataka,Udupi,Healthcare,A new healthcare campus is expected to serve thousands of patients in the Udupi region. as part of a planned expansion.,1
Maharashtra,Nagpur,Entertainment,A cinema chain has announced a new screen in Nagpur. according to local reports.,0
Maharashtra,Chhatrapati Sambhajinagar,Events,A business networking event will take place in Chhatrapati Sambhajinagar. as part of its business expansion.,0
Goa,Calangute,Finance,A bank has opened a new branch in Calangute. as part of its regional growth strategy.,0
Karnataka,Belagavi,Tourism,A tourism infrastructure expansion is planned in the Belagavi region. as part of regional infrastructure development.,1
Goa,Margao,Education,Planning authorities have approved a new college campus in Margao. after receiving development permission.,1
Karnataka,Mangaluru,Institutional,A research and development campus is being developed near Mangaluru.,1
Goa,Anjuna,Tourism,A major tourism investment has been announced near Anjuna.,1
Karnataka,Coorg,Small Business,A small clothing shop has opened in Coorg.,0
Maharashtra,Kolhapur,Entertainment,A music festival will take place in Kolhapur.,0
Karnataka,Udupi,Retail,A fashion retailer has opened a new store in Udupi. according to the company announcement.,0
Karnataka,Coorg,Residential,A major housing project in Coorg has entered the construction approval stage. as part of a planned expansion.,1
Goa,Ponda,Tourism,A tourism company is planning a new destination project near Ponda.,1
Maharashtra,Thane,Transport,A railway service has announced schedule changes affecting Thane.,0
Goa,Morjim,Tourism,A tourism infrastructure expansion is planned in the Morjim region. after receiving preliminary clearance.,1
Karnataka,Bengaluru,Retail,A footwear brand has expanded its retail presence in Bengaluru. as part of its business expansion.,0
Maharashtra,Navi Mumbai,Tourism,A major tourism infrastructure project is proposed near Navi Mumbai. following a new project announcement.,1
Maharashtra,Pune,Entertainment,A music festival will take place in Pune. as part of its regional growth strategy.,0
Maharashtra,Lonavala,Corporate,A corporate services company has increased its workforce in Lonavala. as part of its regional growth strategy.,0
Goa,Candolim,Logistics,A multi-building logistics park is being developed on the outskirts of Candolim.,1
Maharashtra,Alibaug,Education,Planning authorities have approved a new college campus in Alibaug. after planning authority approval.,1
Goa,Margao,Commercial,A mixed-use property development with offices and retail facilities is planned in Margao. following regulatory approval.,1
Maharashtra,Lonavala,Tourism,A tourism company is planning a new destination project near Lonavala. following an investment proposal.,1
Maharashtra,Alibaug,Healthcare,Planning authorities have approved a new medical campus in Alibaug.,1
Maharashtra,Kolhapur,Entertainment,An entertainment company has launched a new venue in Kolhapur.,0
Karnataka,Coorg,Institutional,A large institutional campus is planned near Coorg. as part of regional infrastructure development.,1
Maharashtra,Alibaug,Transport,A transportation company has increased its fleet operations in Alibaug. following a recent launch.,0
Goa,Panaji,Corporate,A recruitment company has expanded its operations in Panaji. following a corporate announcement.,0
Goa,Mapusa,Events,A sports event is planned in Mapusa.,0
Goa,Baga,Hospitality,Construction approval has been granted for a large tourism resort in Baga.,1
Maharashtra,Nagpur,Tourism,A tourism company is planning a new destination project near Nagpur. as part of a planned expansion.,1
Goa,Ponda,Retail,A fashion retailer has opened a new store in Ponda. according to the company announcement.,0
Goa,Baga,Small Business,A local bakery has opened a new outlet in Baga. according to local reports.,0
Karnataka,Belagavi,Logistics,A logistics company has acquired land for a new distribution hub near Belagavi. following a new project announcement.,1
Goa,Morjim,Logistics,A freight and warehousing facility has received development approval near Morjim.,1
Goa,Ponda,Senior Living,A new senior living community with residential facilities is planned near Ponda. following a new project announcement.,1
Karnataka,Hubballi,Commercial,A mixed-use property development with offices and retail facilities is planned in Hubballi.,1
Maharashtra,Pune,Finance,A financial services company has expanded its operations in Pune. as part of its business expansion.,0
Karnataka,Belagavi,Healthcare,A healthcare company has announced a major hospital project near Belagavi.,1
Goa,Candolim,Education,A large educational institution is developing a campus with hostels and dining facilities near Candolim.,1
Goa,Baga,Industrial,A large manufacturing campus with employee facilities is proposed near Baga. after planning authority approval.,1
Maharashtra,Pune,Residential,Construction is expected to begin on a new gated community containing approximately 900 homes near Pune. as part of regional infrastructure development.,1
Goa,Mapusa,Retail,A clothing company has announced a new retail location in Mapusa.,0
Karnataka,Mysuru,Healthcare,A specialty hospital and associated facilities are planned near Mysuru. as part of a planned expansion.,1
Maharashtra,Nashik,Transport,A bus operator has introduced a new route connecting Nashik.,0
Goa,Anjuna,Technology,A software company has opened a new technology office in Anjuna. according to local reports.,0
Goa,Vasco da Gama,Commercial,A major commercial township has received development approval in Vasco da Gama.,1
Karnataka,Hassan,Small Business,A local café has expanded its operations in Hassan. following a corporate announcement.,0
Goa,Panaji,Institutional,A new administrative and residential campus is proposed near Panaji. after receiving preliminary clearance.,1
Goa,Panaji,Hospitality,Construction approval has been granted for a large tourism resort in Panaji.,1
Maharashtra,Pune,Tourism,A tourism company is planning a new destination project near Pune. as part of regional infrastructure development.,1
Karnataka,Manipal,Entertainment,A gaming centre has opened in Manipal.,0
Goa,Panaji,Institutional,A large institutional complex with accommodation facilities is planned near Panaji.,1
Maharashtra,Thane,Employment,A retail company plans to recruit staff in Thane. as part of its operational expansion.,0
Goa,Candolim,Events,A sports event is planned in Candolim. as part of its market expansion.,0
Goa,Anjuna,Employment,A business process outsourcing company is hiring in Anjuna. as part of its regional growth strategy.,0
Goa,Margao,Senior Living,A retirement housing development has received approval in Margao.,1
Maharashtra,Navi Mumbai,Healthcare,A hospital developer has received approval for a new multi-building medical campus in Navi Mumbai.,1
Karnataka,Tumakuru,Residential,A RERA-registered residential development comprising 150 apartments has been announced in Tumakuru. after receiving preliminary clearance.,1
Maharashtra,Pune,Senior Living,A retirement community with healthcare and accommodation facilities is proposed in Pune. after receiving development permission.,1
Maharashtra,Pune,Entertainment,An entertainment brand has expanded its operations in Pune. according to the company.,0
Maharashtra,Nashik,Events,A business networking event will take place in Nashik. as part of its business expansion.,0
Goa,Mapusa,Residential,Construction is expected to begin on a new gated community containing approximately 2000 homes near Mapusa.,1
Maharashtra,Chhatrapati Sambhajinagar,Tourism,A large visitor facility with accommodation and recreational infrastructure is proposed near Chhatrapati Sambhajinagar. following a new project announcement.,1
Goa,Baga,Institutional,A training and residential facility is proposed near Baga. after receiving development permission.,1
Goa,Mapusa,Finance,An insurance company has opened a new office in Mapusa. according to the company.,0
Maharashtra,Pune,Technology,A software company has opened a new technology office in Pune. as part of its business expansion.,0
Karnataka,Hubballi,Residential,A RERA-registered residential development comprising 2500 apartments has been announced in Hubballi. following a new project announcement.,1
Maharashtra,Pune,Education,An educational trust has acquired land for a large institutional campus near Pune.,1
Goa,Anjuna,Small Business,A convenience store has opened a new location in Anjuna. as part of its regional growth strategy.,0
Karnataka,Tumakuru,Tourism,A tourism infrastructure expansion is planned in the Tumakuru region. following a new project announcement.,1
Goa,Baga,Retail,A grocery chain has expanded operations in Baga. as part of its market expansion.,0
Karnataka,Belagavi,Transport,A logistics company has expanded its delivery network in Belagavi. as part of its business expansion.,0
Goa,Anjuna,Healthcare,Planning authorities have approved a new medical campus in Anjuna. after receiving development permission.,1
Goa,Candolim,Tourism,A major tourism investment has been announced near Candolim. following regulatory approval.,1
Goa,Calangute,Institutional,An institutional development with multiple buildings has been approved near Calangute.,1
Karnataka,Belagavi,Commercial,A new business park with multiple commercial buildings is being developed in Belagavi.,1
Maharashtra,Navi Mumbai,Commercial,A large shopping and commercial complex is proposed near Navi Mumbai. following the acquisition of land.,1
Karnataka,Mysuru,Commercial,Construction is expected to begin on a large commercial development in Mysuru.,1
Maharashtra,Navi Mumbai,Corporate,A corporate services company has increased its workforce in Navi Mumbai.,0
Goa,Margao,Retail,A grocery chain has expanded operations in Margao. as part of its market expansion.,0
Goa,Candolim,Residential,Planning authorities have approved a 2000-unit housing project near Candolim.,1
Maharashtra,Kolhapur,Senior Living,A new senior living community with residential facilities is planned near Kolhapur.,1
Karnataka,Hassan,Employment,A corporate employer has announced new vacancies in Hassan.,0
Maharashtra,Chhatrapati Sambhajinagar,Senior Living,A retirement housing development has received approval in Chhatrapati Sambhajinagar. following regulatory approval.,1
Karnataka,Udupi,Commercial,"A mixed-use development containing offices, retail space and public facilities is proposed near Udupi. as part of a major private investment.",1
Karnataka,Tumakuru,Industrial,Construction approval has been granted for an industrial development in Tumakuru. following an investment proposal.,1
Maharashtra,Thane,Finance,A bank has opened a new branch in Thane. as part of its business expansion.,0
Goa,Mapusa,Small Business,A local electronics shop has expanded in Mapusa. following the latest business update.,0
Maharashtra,Nashik,Logistics,A warehouse complex covering a large industrial area is proposed near Nashik. after receiving development permission.,1
Karnataka,Hubballi,Residential,Planning authorities have approved a 400-unit housing project near Hubballi. as part of regional infrastructure development.,1
Karnataka,Udupi,Corporate,A legal services company has opened a new office in Udupi. according to the company.,0
Karnataka,Belagavi,Corporate,A legal services company has opened a new office in Belagavi. according to the company announcement.,0
Maharashtra,Kolhapur,Retail,A footwear brand has expanded its retail presence in Kolhapur.,0
Goa,Ponda,Retail,A footwear brand has expanded its retail presence in Ponda. as part of its regional growth strategy.,0
Goa,Ponda,Employment,A financial company has announced recruitment in Ponda. following a corporate announcement.,0
Karnataka,Udupi,Employment,A company has announced hiring for its Udupi operations.,0
Maharashtra,Nashik,Technology,An IT services company has opened a new corporate office in Nashik. as part of its operational expansion.,0
Karnataka,Mysuru,Technology,A technology firm has expanded its office operations in Mysuru.,0
Goa,Vasco da Gama,Technology,A technology company is recruiting engineers for its Vasco da Gama office. as part of its operational expansion.,0
Goa,Vasco da Gama,Education,A large educational institution is developing a campus with hostels and dining facilities near Vasco da Gama. as part of a planned expansion.,1
Karnataka,Mangaluru,Transport,A courier company has launched a new service in Mangaluru.,0
Karnataka,Bengaluru,Hospitality,A tourism company has acquired land for a resort development near Bengaluru. following the acquisition of land.,1
Goa,Mapusa,Industrial,Construction approval has been granted for an industrial development in Mapusa. following a new project announcement.,1
Goa,Vasco da Gama,Technology,A technology company is recruiting engineers for its Vasco da Gama office.,0
Goa,Panaji,Healthcare,A hospital expansion project will add new patient accommodation and treatment facilities in Panaji.,1
Maharashtra,Thane,Corporate,A professional services firm has opened a new office in Thane.,0
Goa,Ponda,Entertainment,A cinema chain has announced a new screen in Ponda. as part of its business expansion.,0
Goa,Calangute,Technology,A technology startup has launched a new software product from Calangute.,0
Karnataka,Udupi,Tourism,A new destination tourism complex is being planned in Udupi. following an investment proposal.,1
Maharashtra,Pune,Logistics,A distribution centre with multiple operational buildings is planned in Pune.,1
Goa,Panaji,Technology,An IT services company has opened a new corporate office in Panaji. as part of its business expansion.,0
Goa,Mapusa,Employment,A retail company plans to recruit staff in Mapusa.,0
Maharashtra,Mumbai,Education,A new university development will accommodate several thousand students in Mumbai. as part of a major private investment.,1
Maharashtra,Chhatrapati Sambhajinagar,Hospitality,A large eco-resort project is being evaluated near Chhatrapati Sambhajinagar. following the acquisition of land.,1
Maharashtra,Nashik,Employment,A retail company plans to recruit staff in Nashik. following the latest business update.,0
Goa,Candolim,Healthcare,A large medical facility with residential accommodation for staff is proposed in Candolim.,1
Maharashtra,Mumbai,Transport,A transport operator has announced new routes from Mumbai.,0
Maharashtra,Thane,Employment,A technology firm plans to recruit additional employees in Thane. according to the company announcement.,0
Maharashtra,Kolhapur,Employment,A consulting company has announced recruitment in Kolhapur. following a corporate announcement.,0
Maharashtra,Alibaug,Hospitality,A beach resort project with 80 guest rooms is proposed in Alibaug. following the acquisition of land.,1
Maharashtra,Mumbai,Commercial,A developer has announced a multi-building commercial project in Mumbai. following an investment proposal.,1
Goa,Mapusa,Technology,A software company has opened a new technology office in Mapusa. as part of its business expansion.,0
Karnataka,Belagavi,Corporate,A recruitment company has expanded its operations in Belagavi. as part of its business expansion.,0
Goa,Calangute,Transport,A logistics company has expanded its delivery network in Calangute. according to the company.,0
Goa,Panaji,Commercial,A large shopping and commercial complex is proposed near Panaji. as part of regional infrastructure development.,1
Goa,Margao,Residential,A RERA-registered residential development comprising 500 apartments has been announced in Margao. as part of regional infrastructure development.,1
Goa,Candolim,Senior Living,A retirement housing development has received approval in Candolim. following an investment proposal.,1
Karnataka,Mangaluru,Retail,A supermarket chain has launched a retail outlet in Mangaluru. as part of its business expansion.,0
Maharashtra,Nagpur,Residential,"A proposed residential township near Nagpur will include apartments, community facilities and landscaped areas. after planning authority approval.",1
Goa,Morjim,Logistics,A distribution centre with multiple operational buildings is planned in Morjim. following an investment proposal.,1
Karnataka,Mangaluru,Logistics,A new supply-chain facility with employee amenities is planned near Mangaluru.,1
Goa,Margao,Employment,A company has announced hiring for its Margao operations. following the latest business update.,0
Karnataka,Tumakuru,Hospitality,A tourism company has acquired land for a resort development near Tumakuru.,1
Maharashtra,Kolhapur,Entertainment,A cinema chain has announced a new screen in Kolhapur. following a corporate announcement.,0
Karnataka,Belagavi,Events,A public seminar is scheduled in Belagavi.,0
Maharashtra,Navi Mumbai,Retail,A national retail company has announced a new store in Navi Mumbai. following a recent launch.,0
Maharashtra,Kolhapur,Corporate,A legal services company has opened a new office in Kolhapur. following the latest business update.,0
Goa,Anjuna,Industrial,A major industrial company has announced a new production facility near Anjuna. as part of a major private investment.,1
Maharashtra,Navi Mumbai,Institutional,A large institutional complex with accommodation facilities is planned near Navi Mumbai.,1
Maharashtra,Kolhapur,Employment,A corporate employer has announced new vacancies in Kolhapur. according to local reports.,0
Maharashtra,Alibaug,Hospitality,A hospitality developer is planning a new property with guest accommodation and recreational facilities near Alibaug.,1
Maharashtra,Pune,Technology,An IT company announced plans to increase its workforce in Pune. following a recent launch.,0
Maharashtra,Pune,Small Business,A local bakery has opened a new outlet in Pune.,0
Karnataka,Mysuru,Residential,A new housing project targeting more than 7000 residents has received preliminary approval in Mysuru. following a new project announcement.,1
Karnataka,Hubballi,Events,A business conference will be held in Hubballi.,0
Karnataka,Manipal,Residential,A large residential complex with common amenities is under development near Manipal. following the acquisition of land.,1
Karnataka,Mangaluru,Institutional,A large institutional complex with accommodation facilities is planned near Mangaluru. as part of regional infrastructure development.,1
Maharashtra,Lonavala,Corporate,A corporate advisory company has increased its presence in Lonavala. according to the company announcement.,0
Goa,Anjuna,Finance,A financial company has moved into a larger office in Anjuna. as part of its operational expansion.,0
Maharashtra,Alibaug,Retail,A grocery chain has expanded operations in Alibaug. according to the company.,0
Karnataka,Mangaluru,Corporate,A consulting company has expanded its office space in Mangaluru. following a corporate announcement.,0
Karnataka,Mysuru,Events,A cultural festival is scheduled to take place in Mysuru. following a corporate announcement.,0
Karnataka,Hubballi,Education,A residential educational campus with hostels and common facilities is planned near Hubballi. following an investment proposal.,1
Maharashtra,Nagpur,Institutional,A public-sector organization has announced development of a new campus in Nagpur. after receiving development permission.,1
Goa,Panaji,Commercial,A large business district expansion has been announced near Panaji. as part of a major private investment.,1
Goa,Vasco da Gama,Tourism,A new eco-tourism development is being evaluated near Vasco da Gama. as part of a planned expansion.,1
Maharashtra,Chhatrapati Sambhajinagar,Commercial,A large commercial complex is planned in Chhatrapati Sambhajinagar. as part of regional infrastructure development.,1
Goa,Panaji,Employment,A retail company plans to recruit staff in Panaji. as part of its regional growth strategy.,0
Maharashtra,Navi Mumbai,Small Business,A small clothing shop has opened in Navi Mumbai. following the latest business update.,0
Goa,Mapusa,Retail,A clothing company has announced a new retail location in Mapusa. according to the company.,0
Karnataka,Udupi,Corporate,A consulting company has expanded its office space in Udupi. according to local reports.,0
Karnataka,Hubballi,Senior Living,A senior residential campus with common facilities is being developed near Hubballi. as part of regional infrastructure development.,1
Goa,Ponda,Transport,A logistics company has expanded its delivery network in Ponda. following a corporate announcement.,0
Goa,Baga,Entertainment,An entertainment company has launched a new venue in Baga.,0
Karnataka,Hassan,Education,A residential educational campus with hostels and common facilities is planned near Hassan. following a new project announcement.,1
Maharashtra,Mumbai,Technology,A technology company is recruiting engineers for its Mumbai office.,0
Karnataka,Manipal,Healthcare,A healthcare company has announced a major hospital project near Manipal. after receiving preliminary clearance.,1
Maharashtra,Kolhapur,Retail,A supermarket chain has launched a retail outlet in Kolhapur. following a corporate announcement.,0
Karnataka,Hassan,Corporate,A business services firm has announced hiring in Hassan.,0
Karnataka,Udupi,Transport,An airline has announced additional flights from Udupi. according to local reports.,0
Karnataka,Bengaluru,Tourism,A major tourism infrastructure project is proposed near Bengaluru. following a new project announcement.,1
Goa,Morjim,Industrial,A major industrial company has announced a new production facility near Morjim.,1
Karnataka,Manipal,Events,A public seminar is scheduled in Manipal. as part of its regional growth strategy.,0
Maharashtra,Alibaug,Institutional,A large institutional complex with accommodation facilities is planned near Alibaug. following an investment proposal.,1
Karnataka,Mysuru,Entertainment,A gaming centre has opened in Mysuru. following the latest business update.,0
Goa,Panaji,Education,A private university has announced a residential campus project in Panaji. following an investment proposal.,1
Karnataka,Tumakuru,Tourism,A large visitor facility with accommodation and recreational infrastructure is proposed near Tumakuru. as part of a major private investment.,1
Goa,Ponda,Tourism,Authorities have approved a tourism development project near Ponda. after planning authority approval.,1
Maharashtra,Kolhapur,Institutional,A training and residential facility is proposed near Kolhapur. after receiving preliminary clearance.,1
Goa,Anjuna,Small Business,A local café has expanded its operations in Anjuna. as part of its regional growth strategy.,0
Maharashtra,Nashik,Technology,An IT company announced plans to increase its workforce in Nashik. as part of its operational expansion.,0
Goa,Vasco da Gama,Technology,A technology startup has launched a new software product from Vasco da Gama. according to the company announcement.,0
Karnataka,Hassan,Finance,A financial services company has expanded its operations in Hassan. according to local reports.,0
Goa,Calangute,Entertainment,A recreational venue has opened in Calangute. according to the company.,0
Goa,Mapusa,Institutional,A research institution is developing a new campus in Mapusa. following the acquisition of land.,1
Karnataka,Mysuru,Tourism,A new destination tourism complex is being planned in Mysuru. as part of regional infrastructure development.,1
Karnataka,Mysuru,Hospitality,A new 250-room hotel project has been announced in Mysuru.,1
Karnataka,Coorg,Employment,A consulting company has announced recruitment in Coorg. as part of its operational expansion.,0
Karnataka,Belagavi,Employment,A financial company has announced recruitment in Belagavi.,0
Goa,Anjuna,Education,A boarding school campus with residential facilities is proposed near Anjuna.,1
Karnataka,Udupi,Education,An educational trust has acquired land for a large institutional campus near Udupi. after receiving development permission.,1
Goa,Ponda,Corporate,A legal services company has opened a new office in Ponda. as part of its regional growth strategy.,0
Goa,Calangute,Employment,A corporate employer has announced new vacancies in Calangute. according to local reports.,0
Maharashtra,Nagpur,Employment,A business process outsourcing company is hiring in Nagpur.,0
Goa,Mapusa,Senior Living,A retirement community with healthcare and accommodation facilities is proposed in Mapusa.,1
Maharashtra,Pune,Events,A music event has been announced in Pune. as part of its operational expansion.,0
Karnataka,Mysuru,Logistics,A multi-building logistics park is being developed on the outskirts of Mysuru. after planning authority approval.,1
Karnataka,Hassan,Hospitality,Construction approval has been granted for a large tourism resort in Hassan. as part of a planned expansion.,1
Karnataka,Hubballi,Tourism,A major tourism infrastructure project is proposed near Hubballi. as part of a planned expansion.,1
Maharashtra,Chhatrapati Sambhajinagar,Hospitality,A large eco-resort project is being evaluated near Chhatrapati Sambhajinagar. as part of regional infrastructure development.,1
Karnataka,Mysuru,Residential,A real estate developer has announced a large apartment project in Mysuru with multiple residential towers. following a new project announcement.,1
Karnataka,Udupi,Employment,A company has announced hiring for its Udupi operations. as part of its market expansion.,0
Maharashtra,Kolhapur,Hospitality,Construction approval has been granted for a large tourism resort in Kolhapur. as part of a planned expansion.,1
Maharashtra,Lonavala,Senior Living,A retirement housing development has received approval in Lonavala.,1
Karnataka,Hassan,Employment,A startup is hiring employees for its Hassan office.,0
Maharashtra,Kolhapur,Retail,A clothing company has announced a new retail location in Kolhapur. as part of its regional growth strategy.,0
Maharashtra,Mumbai,Education,An educational trust has acquired land for a large institutional campus near Mumbai. following regulatory approval.,1
Maharashtra,Alibaug,Senior Living,A new senior living community with residential facilities is planned near Alibaug. as part of a planned expansion.,1
Karnataka,Belagavi,Technology,An IT company announced plans to increase its workforce in Belagavi. as part of its operational expansion.,0
Maharashtra,Thane,Corporate,A business services firm has announced hiring in Thane. according to local reports.,0
Goa,Margao,Entertainment,An entertainment company has launched a new venue in Margao. following a recent launch.,0
Goa,Anjuna,Industrial,An industrial developer has acquired land for a multi-unit industrial park near Anjuna.,1
Karnataka,Belagavi,Education,A private university has announced a residential campus project in Belagavi. as part of a major private investment.,1
Goa,Anjuna,Corporate,A consulting company has expanded its office space in Anjuna. according to the company announcement.,0
Karnataka,Mysuru,Institutional,A public-sector organization has announced development of a new campus in Mysuru.,1
Maharashtra,Nashik,Education,A new university development will accommodate several thousand students in Nashik. as part of a planned expansion.,1
Karnataka,Mangaluru,Tourism,A tourism developer has announced a large visitor accommodation project near Mangaluru. as part of a major private investment.,1
Karnataka,Hubballi,Finance,A financial institution has increased its workforce in Hubballi. following a recent launch.,0
Karnataka,Mangaluru,Employment,A financial company has announced recruitment in Mangaluru. as part of its operational expansion.,0
Goa,Calangute,Healthcare,Planning authorities have approved a new medical campus in Calangute.,1
Karnataka,Mysuru,Education,An educational trust has acquired land for a large institutional campus near Mysuru. as part of a planned expansion.,1
Goa,Vasco da Gama,Residential,A RERA-registered residential development comprising 2500 apartments has been announced in Vasco da Gama. after receiving development permission.,1
Maharashtra,Thane,Employment,A consulting company has announced recruitment in Thane.,0
Karnataka,Mangaluru,Retail,A fashion retailer has opened a new store in Mangaluru.,0
Goa,Baga,Entertainment,A recreational venue has opened in Baga. as part of its business expansion.,0
Goa,Margao,Events,A cultural festival is scheduled to take place in Margao. according to local reports.,0
Karnataka,Udupi,Small Business,A convenience store has opened a new location in Udupi.,0
Karnataka,Mysuru,Institutional,A large institutional campus is planned near Mysuru. as part of a planned expansion.,1
Goa,Calangute,Technology,A software company has opened a new technology office in Calangute. according to the company.,0
Goa,Calangute,Senior Living,A new senior living community with residential facilities is planned near Calangute. as part of regional infrastructure development.,1
Maharashtra,Nagpur,Entertainment,A cinema chain has announced a new screen in Nagpur. according to the company announcement.,0
Karnataka,Manipal,Healthcare,A hospital expansion project will add new patient accommodation and treatment facilities in Manipal. as part of a major private investment.,1
Karnataka,Mangaluru,Small Business,A local bakery has opened a new outlet in Mangaluru.,0
Goa,Vasco da Gama,Entertainment,A recreational venue has opened in Vasco da Gama.,0
Maharashtra,Thane,Employment,A startup is hiring employees for its Thane office. as part of its operational expansion.,0
Maharashtra,Alibaug,Healthcare,A hospital developer has received approval for a new multi-building medical campus in Alibaug. after planning authority approval.,1
Karnataka,Udupi,Entertainment,An entertainment brand has expanded its operations in Udupi. according to the company.,0
Maharashtra,Pune,Tourism,A tourism developer has announced a large visitor accommodation project near Pune. after planning authority approval.,1
Goa,Margao,Industrial,Construction approval has been granted for an industrial development in Margao.,1
Maharashtra,Chhatrapati Sambhajinagar,Institutional,A large institutional campus is planned near Chhatrapati Sambhajinagar. following regulatory approval.,1
Karnataka,Bengaluru,Hospitality,"A new hospitality complex with restaurants, accommodation and recreational facilities is planned near Bengaluru. as part of a major private investment.",1
Karnataka,Bengaluru,Finance,A bank has opened a new branch in Bengaluru.,0
Goa,Panaji,Senior Living,A developer has announced a large assisted-living project near Panaji.,1
Karnataka,Hassan,Healthcare,A new multi-specialty hospital campus is being developed in Hassan. following an investment proposal.,1
Maharashtra,Lonavala,Retail,A supermarket chain has launched a retail outlet in Lonavala. according to the company announcement.,0
Karnataka,Hassan,Commercial,Construction is expected to begin on a large commercial development in Hassan. after receiving preliminary clearance.,1
Karnataka,Hubballi,Finance,A financial institution has increased its workforce in Hubballi.,0
Goa,Calangute,Technology,A technology firm has expanded its office operations in Calangute. following a recent launch.,0
Karnataka,Hassan,Healthcare,Planning authorities have approved a new medical campus in Hassan.,1
Goa,Candolim,Residential,Planning authorities have approved a 750-unit housing project near Candolim. after receiving preliminary clearance.,1
Goa,Ponda,Employment,A technology firm plans to recruit additional employees in Ponda. following a recent launch.,0
Goa,Ponda,Employment,A business process outsourcing company is hiring in Ponda. following a corporate announcement.,0
Maharashtra,Pune,Transport,An airline has announced additional flights from Pune.,0
Goa,Baga,Institutional,A government-supported campus project has received approval in Baga. following the acquisition of land.,1
Karnataka,Coorg,Education,A new university campus with student accommodation is planned near Coorg. following an investment proposal.,1
Goa,Anjuna,Corporate,A corporate services company has increased its workforce in Anjuna. following a recent launch.,0
Goa,Ponda,Events,A sports event is planned in Ponda. according to local reports.,0
Karnataka,Belagavi,Entertainment,An entertainment company has launched a new venue in Belagavi. as part of its operational expansion.,0
Goa,Anjuna,Retail,A lifestyle brand has opened its latest outlet in Anjuna. following a recent launch.,0
Karnataka,Coorg,Hospitality,A new business hotel is planned near the commercial district of Coorg. as part of regional infrastructure development.,1
Goa,Candolim,Technology,A startup has raised funding to expand its technology operations in Candolim. as part of its operational expansion.,0
Goa,Candolim,Technology,A startup has raised funding to expand its technology operations in Candolim. as part of its market expansion.,0
Goa,Candolim,Corporate,A professional services firm has opened a new office in Candolim. as part of its business expansion.,0
Goa,Margao,Tourism,A large visitor facility with accommodation and recreational infrastructure is proposed near Margao. as part of regional infrastructure development.,1
Karnataka,Bengaluru,Small Business,A neighbourhood pharmacy has opened a new branch in Bengaluru.,0
Karnataka,Coorg,Industrial,Construction approval has been granted for an industrial development in Coorg. after receiving development permission.,1
Maharashtra,Thane,Events,A cultural festival is scheduled to take place in Thane. according to local reports.,0
Goa,Mapusa,Tourism,A tourism developer has announced a large visitor accommodation project near Mapusa.,1
Karnataka,Mysuru,Small Business,A local café has expanded its operations in Mysuru.,0
Karnataka,Hubballi,Commercial,A large commercial complex is planned in Hubballi. following the acquisition of land.,1
Maharashtra,Mumbai,Retail,A supermarket chain has launched a retail outlet in Mumbai. following a recent launch.,0
Goa,Anjuna,Institutional,A large institutional campus is planned near Anjuna.,1
Goa,Baga,Commercial,A large shopping and commercial complex is proposed near Baga. as part of a major private investment.,1
Goa,Vasco da Gama,Employment,A consulting company has announced recruitment in Vasco da Gama. following a corporate announcement.,0
Goa,Panaji,Residential,"A proposed residential township near Panaji will include apartments, community facilities and landscaped areas. following the acquisition of land.",1
Goa,Candolim,Senior Living,A new senior living community with residential facilities is planned near Candolim. following an investment proposal.,1
Maharashtra,Alibaug,Institutional,A government-supported campus project has received approval in Alibaug. following the acquisition of land.,1
Goa,Anjuna,Employment,A financial company has announced recruitment in Anjuna. following a corporate announcement.,0
Goa,Ponda,Employment,A consulting company has announced recruitment in Ponda.,0
Karnataka,Mangaluru,Education,A new university campus with student accommodation is planned near Mangaluru. after planning authority approval.,1
Maharashtra,Navi Mumbai,Tourism,A major tourism investment has been announced near Navi Mumbai.,1
Goa,Mapusa,Residential,A RERA-registered residential development comprising 1500 apartments has been announced in Mapusa.,1
Maharashtra,Mumbai,Transport,A bus operator has introduced a new route connecting Mumbai. as part of its market expansion.,0
Maharashtra,Chhatrapati Sambhajinagar,Finance,An insurance company has opened a new office in Chhatrapati Sambhajinagar. according to the company announcement.,0
Maharashtra,Kolhapur,Entertainment,A music festival will take place in Kolhapur. as part of its operational expansion.,0
Maharashtra,Alibaug,Entertainment,A streaming company has announced an event in Alibaug.,0
Maharashtra,Thane,Small Business,A local bakery has opened a new outlet in Thane. according to the company announcement.,0
Maharashtra,Pune,Institutional,A government-supported campus project has received approval in Pune.,1
Goa,Mapusa,Events,A technology conference will attract visitors to Mapusa. according to local reports.,0
Goa,Calangute,Small Business,A small fitness studio has opened in Calangute. according to the company announcement.,0
Karnataka,Hubballi,Events,A business networking event will take place in Hubballi.,0
Maharashtra,Alibaug,Commercial,A new corporate campus with multiple buildings is planned near Alibaug.,1
Maharashtra,Kolhapur,Tourism,A major tourism infrastructure project is proposed near Kolhapur. following the acquisition of land.,1
Goa,Calangute,Senior Living,A developer has announced a large assisted-living project near Calangute. following a new project announcement.,1
Goa,Ponda,Entertainment,A gaming centre has opened in Ponda. according to local reports.,0
Goa,Candolim,Finance,A lending platform has launched services in Candolim. as part of its regional growth strategy.,0
Goa,Ponda,Entertainment,An entertainment brand has expanded its operations in Ponda. according to the company announcement.,0
Maharashtra,Kolhapur,Tourism,A new eco-tourism development is being evaluated near Kolhapur. after planning authority approval.,1
Goa,Panaji,Logistics,A logistics park with multiple warehouses is planned near Panaji. as part of a planned expansion.,1
Goa,Candolim,Commercial,A large business district expansion has been announced near Candolim. as part of regional infrastructure development.,1
Maharashtra,Alibaug,Institutional,A large training centre with residential accommodation is planned in Alibaug. after receiving development permission.,1
Maharashtra,Kolhapur,Residential,Planning authorities have approved a 600-unit housing project near Kolhapur. after planning authority approval.,1
Goa,Margao,Small Business,A local electronics shop has expanded in Margao. according to the company.,0
Maharashtra,Navi Mumbai,Hospitality,A luxury resort with approximately 250 rooms is proposed near Navi Mumbai.,1
Karnataka,Hassan,Entertainment,A cinema chain has announced a new screen in Hassan.,0
Karnataka,Hubballi,Education,A university expansion will include new student residences and academic buildings in Hubballi.,1
Goa,Mapusa,Retail,A consumer electronics company has opened a showroom in Mapusa. according to the company announcement.,0
Karnataka,Bengaluru,Employment,A retail company plans to recruit staff in Bengaluru. following a corporate announcement.,0
Goa,Morjim,Residential,A new housing project targeting more than 500 residents has received preliminary approval in Morjim. following a new project announcement.,1
Goa,Anjuna,Residential,"A proposed residential township near Anjuna will include apartments, community facilities and landscaped areas. after receiving development permission.",1
Maharashtra,Lonavala,Entertainment,A cinema chain has announced a new screen in Lonavala. according to the company announcement.,0
Karnataka,Udupi,Employment,A retail company plans to recruit staff in Udupi. following a corporate announcement.,0
Maharashtra,Nagpur,Education,A new university development will accommodate several thousand students in Nagpur. as part of regional infrastructure development.,1
Karnataka,Udupi,Transport,An airline has announced additional flights from Udupi. according to the company announcement.,0
Karnataka,Manipal,Small Business,A neighbourhood pharmacy has opened a new branch in Manipal. according to local reports.,0
Goa,Mapusa,Hospitality,A new business hotel is planned near the commercial district of Mapusa. as part of regional infrastructure development.,1
Maharashtra,Nagpur,Industrial,A new industrial park is being developed near Nagpur. following an investment proposal.,1
Maharashtra,Chhatrapati Sambhajinagar,Transport,A logistics company has expanded its delivery network in Chhatrapati Sambhajinagar. as part of its business expansion.,0
Karnataka,Hubballi,Industrial,A manufacturing complex is planned on the outskirts of Hubballi. following the acquisition of land.,1
Goa,Baga,Hospitality,A new 750-room hotel project has been announced in Baga. as part of regional infrastructure development.,1
Goa,Ponda,Events,A trade exhibition will be held in Ponda. following the latest business update.,0
Maharashtra,Navi Mumbai,Events,A cultural festival is scheduled to take place in Navi Mumbai. as part of its operational expansion.,0
Maharashtra,Mumbai,Tourism,Authorities have approved a tourism development project near Mumbai. as part of regional infrastructure development.,1
Karnataka,Manipal,Tourism,A new destination tourism complex is being planned in Manipal. after planning authority approval.,1
Goa,Candolim,Hospitality,A new 400-room hotel project has been announced in Candolim. following the acquisition of land.,1
Karnataka,Tumakuru,Small Business,A local café has expanded its operations in Tumakuru.,0
Karnataka,Mysuru,Logistics,A freight and warehousing facility has received development approval near Mysuru. after planning authority approval.,1
Goa,Panaji,Senior Living,A retirement community with healthcare and accommodation facilities is proposed in Panaji. following regulatory approval.,1
Goa,Morjim,Education,A new higher-education campus is being developed on the outskirts of Morjim. following an investment proposal.,1
Goa,Baga,Senior Living,A developer has announced a large assisted-living project near Baga. following regulatory approval.,1
Maharashtra,Chhatrapati Sambhajinagar,Industrial,A major industrial company has announced a new production facility near Chhatrapati Sambhajinagar.,1
Karnataka,Mysuru,Tourism,A large visitor facility with accommodation and recreational infrastructure is proposed near Mysuru. as part of a planned expansion.,1
Goa,Morjim,Employment,A consulting company has announced recruitment in Morjim. as part of its regional growth strategy.,0
Maharashtra,Thane,Technology,A software company announced a new digital platform in Thane. as part of its market expansion.,0
Maharashtra,Pune,Tourism,A major tourism investment has been announced near Pune.,1
Goa,Ponda,Small Business,A restaurant has launched a new location in Ponda. according to the company announcement.,0
Karnataka,Tumakuru,Finance,A fintech company has launched a new service in Tumakuru. following a corporate announcement.,0
Maharashtra,Navi Mumbai,Senior Living,A retirement community with healthcare and accommodation facilities is proposed in Navi Mumbai.,1
Goa,Panaji,Tourism,A tourism developer has announced a large visitor accommodation project near Panaji. as part of a major private investment.,1
Maharashtra,Nashik,Events,A business networking event will take place in Nashik.,0
Karnataka,Belagavi,Logistics,A large warehousing and distribution centre is proposed near Belagavi.,1
Karnataka,Mysuru,Retail,A lifestyle brand has opened its latest outlet in Mysuru. as part of its business expansion.,0
Maharashtra,Chhatrapati Sambhajinagar,Small Business,A small fitness studio has opened in Chhatrapati Sambhajinagar. as part of its market expansion.,0
Karnataka,Hassan,Commercial,A large commercial complex is planned in Hassan. after receiving preliminary clearance.,1
Goa,Margao,Employment,A startup is hiring employees for its Margao office. according to the company.,0
Goa,Calangute,Logistics,A distribution centre with multiple operational buildings is planned in Calangute.,1
Karnataka,Hassan,Small Business,A local electronics shop has expanded in Hassan. according to the company.,0
Karnataka,Coorg,Healthcare,A hospital developer has received approval for a new multi-building medical campus in Coorg. after receiving preliminary clearance.,1
Maharashtra,Navi Mumbai,Employment,A technology firm plans to recruit additional employees in Navi Mumbai. as part of its operational expansion.,0
Maharashtra,Lonavala,Logistics,A distribution centre with multiple operational buildings is planned in Lonavala. after receiving development permission.,1
Maharashtra,Navi Mumbai,Finance,An insurance company has opened a new office in Navi Mumbai. as part of its operational expansion.,0
Karnataka,Hubballi,Healthcare,A specialty hospital and associated facilities are planned near Hubballi. following an investment proposal.,1
Maharashtra,Alibaug,Senior Living,A senior residential campus with common facilities is being developed near Alibaug. as part of a major private investment.,1
Karnataka,Mysuru,Events,A cultural festival is scheduled to take place in Mysuru. as part of its market expansion.,0
Karnataka,Mangaluru,Finance,A financial services company has expanded its operations in Mangaluru. as part of its operational expansion.,0
Goa,Mapusa,Technology,A technology company is recruiting engineers for its Mapusa office. as part of its regional growth strategy.,0
Karnataka,Tumakuru,Industrial,An industrial developer has acquired land for a multi-unit industrial park near Tumakuru. following a new project announcement.,1
Maharashtra,Kolhapur,Hospitality,A hospitality developer is planning a new property with guest accommodation and recreational facilities near Kolhapur.,1
Maharashtra,Pune,Corporate,A recruitment company has expanded its operations in Pune. as part of its regional growth strategy.,0
Goa,Vasco da Gama,Finance,An insurance company has opened a new office in Vasco da Gama. following a corporate announcement.,0
Maharashtra,Mumbai,Healthcare,A healthcare company has announced a major hospital project near Mumbai.,1
Goa,Calangute,Transport,A transportation company has increased its fleet operations in Calangute.,0
Maharashtra,Alibaug,Healthcare,A hospital developer has received approval for a new multi-building medical campus in Alibaug.,1
Goa,Panaji,Healthcare,A private healthcare group is acquiring land for a new hospital near Panaji.,1
Maharashtra,Pune,Senior Living,A new senior living community with residential facilities is planned near Pune. as part of regional infrastructure development.,1
Karnataka,Bengaluru,Entertainment,An entertainment brand has expanded its operations in Bengaluru. following the latest business update.,0
Goa,Panaji,Finance,A lending platform has launched services in Panaji. according to the company.,0
Maharashtra,Thane,Entertainment,A recreational venue has opened in Thane.,0
Karnataka,Hassan,Industrial,An industrial developer has acquired land for a multi-unit industrial park near Hassan. following the acquisition of land.,1
Goa,Mapusa,Small Business,A local café has expanded its operations in Mapusa.,0
Maharashtra,Thane,Events,A trade exhibition will be held in Thane.,0
Karnataka,Tumakuru,Industrial,A manufacturing complex is planned on the outskirts of Tumakuru. after receiving development permission.,1
Karnataka,Hubballi,Logistics,A freight and warehousing facility has received development approval near Hubballi. after receiving development permission.,1
Maharashtra,Navi Mumbai,Retail,A fashion retailer has opened a new store in Navi Mumbai.,0
Maharashtra,Mumbai,Hospitality,A hotel expansion will add more than 100 rooms and new guest facilities in Mumbai. as part of a planned expansion.,1
Karnataka,Coorg,Finance,A fintech company has launched a new service in Coorg. according to local reports.,0
Goa,Baga,Entertainment,An entertainment brand has expanded its operations in Baga.,0
Goa,Morjim,Institutional,A large training centre with residential accommodation is planned in Morjim. after receiving development permission.,1
Maharashtra,Mumbai,Senior Living,A developer has announced a large assisted-living project near Mumbai. after receiving development permission.,1
Karnataka,Tumakuru,Events,A public seminar is scheduled in Tumakuru.,0
Goa,Margao,Events,A business conference will be held in Margao.,0
Goa,Ponda,Entertainment,A streaming company has announced an event in Ponda.,0
Maharashtra,Mumbai,Healthcare,A medical institution has announced construction of a new healthcare complex in Mumbai. as part of a planned expansion.,1
Goa,Calangute,Residential,Planning authorities have approved a 2000-unit housing project near Calangute. after receiving preliminary clearance.,1
Maharashtra,Nagpur,Residential,A new housing project targeting more than 3500 residents has received preliminary approval in Nagpur.,1
Karnataka,Hubballi,Technology,An IT company announced plans to increase its workforce in Hubballi.,0
Karnataka,Hubballi,Hospitality,A new 300-room hotel project has been announced in Hubballi. following an investment proposal.,1
Maharashtra,Nashik,Hospitality,A tourism company has acquired land for a resort development near Nashik.,1
Karnataka,Belagavi,Finance,A financial institution has increased its workforce in Belagavi.,0
Maharashtra,Nashik,Events,A cultural festival is scheduled to take place in Nashik. according to the company.,0
Maharashtra,Thane,Small Business,A small fitness studio has opened in Thane. following a corporate announcement.,0
Karnataka,Udupi,Retail,A consumer electronics company has opened a showroom in Udupi.,0
Goa,Panaji,Commercial,"A mixed-use development containing offices, retail space and public facilities is proposed near Panaji. following the acquisition of land.",1
Maharashtra,Thane,Senior Living,A new senior living community with residential facilities is planned near Thane.,1
Karnataka,Hassan,Hospitality,A beach resort project with 500 guest rooms is proposed in Hassan.,1
Goa,Mapusa,Transport,A bus operator has introduced a new route connecting Mapusa. according to the company announcement.,0
Goa,Ponda,Residential,Planning authorities have approved a 600-unit housing project near Ponda.,1
Goa,Ponda,Events,A public seminar is scheduled in Ponda. as part of its regional growth strategy.,0
Maharashtra,Navi Mumbai,Transport,A transport operator has announced new routes from Navi Mumbai. following a recent launch.,0
Goa,Calangute,Transport,An airline has announced additional flights from Calangute. according to local reports.,0
Goa,Panaji,Small Business,A local café has expanded its operations in Panaji. as part of its operational expansion.,0
Goa,Calangute,Events,A business networking event will take place in Calangute. according to the company.,0
Maharashtra,Nashik,Logistics,A logistics company has acquired land for a new distribution hub near Nashik.,1
Maharashtra,Mumbai,Industrial,Construction approval has been granted for an industrial development in Mumbai. as part of a planned expansion.,1
Karnataka,Bengaluru,Entertainment,An entertainment brand has expanded its operations in Bengaluru.,0
Karnataka,Manipal,Transport,A logistics company has expanded its delivery network in Manipal.,0
Goa,Vasco da Gama,Industrial,An industrial developer has acquired land for a multi-unit industrial park near Vasco da Gama.,1
Goa,Morjim,Healthcare,A private healthcare group is acquiring land for a new hospital near Morjim. following the acquisition of land.,1
Karnataka,Mysuru,Commercial,"A mixed-use development containing offices, retail space and public facilities is proposed near Mysuru.",1
Goa,Panaji,Events,A music event has been announced in Panaji. following a recent launch.,0
Karnataka,Udupi,Healthcare,A new healthcare campus is expected to serve thousands of patients in the Udupi region.,1
Karnataka,Belagavi,Finance,A banking company has announced expansion of its branch network in Belagavi.,0
Maharashtra,Alibaug,Senior Living,A retirement community with healthcare and accommodation facilities is proposed in Alibaug. following regulatory approval.,1
Karnataka,Tumakuru,Employment,A startup is hiring employees for its Tumakuru office. following the latest business update.,0
Goa,Morjim,Hospitality,A new business hotel is planned near the commercial district of Morjim.,1
Maharashtra,Mumbai,Employment,A startup is hiring employees for its Mumbai office. according to the company.,0
Goa,Panaji,Corporate,A corporate advisory company has increased its presence in Panaji. as part of its market expansion.,0
Maharashtra,Alibaug,Entertainment,A streaming company has announced an event in Alibaug. following a corporate announcement.,0
Goa,Margao,Logistics,A warehouse complex covering a large industrial area is proposed near Margao.,1
Goa,Mapusa,Hospitality,A large eco-resort project is being evaluated near Mapusa. as part of a planned expansion.,1
Karnataka,Tumakuru,Finance,A banking company has announced expansion of its branch network in Tumakuru.,0
Maharashtra,Nagpur,Small Business,A local café has expanded its operations in Nagpur. as part of its operational expansion.,0
Karnataka,Hassan,Events,A cultural festival is scheduled to take place in Hassan.,0
Goa,Baga,Healthcare,A specialty hospital and associated facilities are planned near Baga. following the acquisition of land.,1
Maharashtra,Lonavala,Events,A music event has been announced in Lonavala.,0
Karnataka,Belagavi,Tourism,A tourism company is planning a new destination project near Belagavi.,1
Karnataka,Coorg,Corporate,A management consulting company has announced expansion in Coorg. as part of its business expansion.,0
Karnataka,Hassan,Logistics,A major e-commerce logistics hub is being developed near Hassan.,1
Goa,Anjuna,Residential,"A proposed residential township near Anjuna will include apartments, community facilities and landscaped areas. following the acquisition of land.",1
Goa,Mapusa,Employment,A technology firm plans to recruit additional employees in Mapusa. as part of its business expansion.,0
Karnataka,Bengaluru,Finance,A bank has opened a new branch in Bengaluru. according to the company announcement.,0
Goa,Calangute,Industrial,An industrial developer has acquired land for a multi-unit industrial park near Calangute. following the acquisition of land.,1
Karnataka,Coorg,Small Business,A small fitness studio has opened in Coorg.,0
Goa,Candolim,Entertainment,An entertainment company has launched a new venue in Candolim. according to the company.,0
Karnataka,Coorg,Residential,Planning authorities have approved a 400-unit housing project near Coorg.,1
Goa,Margao,Education,A large educational institution is developing a campus with hostels and dining facilities near Margao.,1
Karnataka,Mangaluru,Finance,An insurance company has opened a new office in Mangaluru. as part of its market expansion.,0
Goa,Ponda,Retail,A clothing company has announced a new retail location in Ponda. as part of its regional growth strategy.,0
Maharashtra,Nagpur,Education,A large educational institution is developing a campus with hostels and dining facilities near Nagpur. after receiving preliminary clearance.,1
Maharashtra,Chhatrapati Sambhajinagar,Residential,Planning authorities have approved a 750-unit housing project near Chhatrapati Sambhajinagar.,1
Goa,Ponda,Transport,A bus operator has introduced a new route connecting Ponda. following the latest business update.,0
Goa,Margao,Commercial,A new business park with multiple commercial buildings is being developed in Margao. following regulatory approval.,1
Goa,Ponda,Corporate,A corporate advisory company has increased its presence in Ponda. following a corporate announcement.,0
Maharashtra,Navi Mumbai,Small Business,A local electronics shop has expanded in Navi Mumbai.,0
Goa,Candolim,Tourism,A new eco-tourism development is being evaluated near Candolim.,1
Goa,Candolim,Retail,A fashion retailer has opened a new store in Candolim. according to local reports.,0
Karnataka,Tumakuru,Industrial,A manufacturing complex is planned on the outskirts of Tumakuru.,1
Karnataka,Hassan,Logistics,A large warehousing and distribution centre is proposed near Hassan.,1
Maharashtra,Kolhapur,Finance,A banking company has announced expansion of its branch network in Kolhapur. according to local reports.,0
Karnataka,Mangaluru,Logistics,A new supply-chain facility with employee amenities is planned near Mangaluru. following an investment proposal.,1
Karnataka,Bengaluru,Transport,A logistics company has expanded its delivery network in Bengaluru. following a corporate announcement.,0
Goa,Ponda,Technology,A software company announced a new digital platform in Ponda. following a recent launch.,0
Maharashtra,Lonavala,Finance,A financial institution has increased its workforce in Lonavala.,0
Maharashtra,Mumbai,Employment,A startup is hiring employees for its Mumbai office. as part of its regional growth strategy.,0
Karnataka,Belagavi,Institutional,A large training centre with residential accommodation is planned in Belagavi. after receiving development permission.,1
Maharashtra,Chhatrapati Sambhajinagar,Logistics,A warehouse complex covering a large industrial area is proposed near Chhatrapati Sambhajinagar.,1
Maharashtra,Nagpur,Events,A trade exhibition will be held in Nagpur. according to the company announcement.,0
Karnataka,Hubballi,Hospitality,"A new hospitality complex with restaurants, accommodation and recreational facilities is planned near Hubballi. following regulatory approval.",1
Karnataka,Bengaluru,Finance,A lending platform has launched services in Bengaluru. as part of its operational expansion.,0
Goa,Calangute,Healthcare,A hospital expansion project will add new patient accommodation and treatment facilities in Calangute. following regulatory approval.,1
Maharashtra,Kolhapur,Small Business,A convenience store has opened a new location in Kolhapur.,0
Karnataka,Coorg,Corporate,A recruitment company has expanded its operations in Coorg. according to the company.,0
Karnataka,Udupi,Events,A cultural festival is scheduled to take place in Udupi. according to the company announcement.,0
Maharashtra,Pune,Small Business,A neighbourhood pharmacy has opened a new branch in Pune. following a recent launch.,0
Maharashtra,Alibaug,Senior Living,A retirement housing development has received approval in Alibaug. following regulatory approval.,1
Karnataka,Belagavi,Education,Planning authorities have approved a new college campus in Belagavi. as part of a major private investment.,1
Karnataka,Belagavi,Logistics,A multi-building logistics park is being developed on the outskirts of Belagavi. after receiving preliminary clearance.,1
Goa,Panaji,Tourism,A major tourism infrastructure project is proposed near Panaji. following regulatory approval.,1
Maharashtra,Kolhapur,Healthcare,A hospital developer has received approval for a new multi-building medical campus in Kolhapur. after receiving preliminary clearance.,1
Goa,Ponda,Logistics,A warehouse complex covering a large industrial area is proposed near Ponda. following a new project announcement.,1
Goa,Baga,Tourism,A tourism company is planning a new destination project near Baga. after planning authority approval.,1
Karnataka,Mysuru,Transport,A bus operator has introduced a new route connecting Mysuru. as part of its market expansion.,0
Karnataka,Bengaluru,Entertainment,A gaming centre has opened in Bengaluru. as part of its operational expansion.,0
Goa,Baga,Hospitality,A tourism company has acquired land for a resort development near Baga. as part of regional infrastructure development.,1
Goa,Baga,Transport,An airline has announced additional flights from Baga. following a corporate announcement.,0
Maharashtra,Navi Mumbai,Small Business,A local bakery has opened a new outlet in Navi Mumbai. following a recent launch.,0
Karnataka,Mysuru,Logistics,A major e-commerce logistics hub is being developed near Mysuru.,1
Goa,Baga,Retail,A consumer electronics company has opened a showroom in Baga. as part of its market expansion.,0
Goa,Anjuna,Corporate,A consulting company has expanded its office space in Anjuna. as part of its market expansion.,0
Karnataka,Udupi,Events,A business conference will be held in Udupi. as part of its market expansion.,0
Maharashtra,Thane,Institutional,A government-supported campus project has received approval in Thane. as part of regional infrastructure development.,1
Goa,Anjuna,Employment,A corporate employer has announced new vacancies in Anjuna. following a recent launch.,0
Goa,Candolim,Industrial,Construction approval has been granted for an industrial development in Candolim. as part of a planned expansion.,1
Goa,Calangute,Commercial,"A mixed-use development containing offices, retail space and public facilities is proposed near Calangute. after planning authority approval.",1
Karnataka,Belagavi,Institutional,A large institutional complex with accommodation facilities is planned near Belagavi. following a new project announcement.,1
Goa,Margao,Transport,A courier company has launched a new service in Margao. as part of its regional growth strategy.,0
Karnataka,Hassan,Residential,A RERA-registered residential development comprising 250 apartments has been announced in Hassan.,1
Karnataka,Coorg,Technology,A technology firm has expanded its office operations in Coorg. as part of its business expansion.,0
Karnataka,Manipal,Technology,A technology company is recruiting engineers for its Manipal office. as part of its business expansion.,0
Maharashtra,Kolhapur,Technology,A technology firm has expanded its office operations in Kolhapur. according to local reports.,0
Goa,Morjim,Residential,A new housing project targeting more than 1200 residents has received preliminary approval in Morjim. following an investment proposal.,1
Goa,Panaji,Transport,An airline has announced additional flights from Panaji.,0
Karnataka,Mangaluru,Finance,A financial institution has increased its workforce in Mangaluru. following a recent launch.,0
Goa,Baga,Small Business,A local electronics shop has expanded in Baga. as part of its regional growth strategy.,0
Karnataka,Tumakuru,Events,A music event has been announced in Tumakuru.,0
Karnataka,Mysuru,Finance,A financial institution has increased its workforce in Mysuru. following a recent launch.,0
Maharashtra,Alibaug,Finance,An insurance company has opened a new office in Alibaug.,0
Maharashtra,Chhatrapati Sambhajinagar,Senior Living,A developer has announced a large assisted-living project near Chhatrapati Sambhajinagar. following the acquisition of land.,1
Goa,Calangute,Education,A new university campus with student accommodation is planned near Calangute. after receiving development permission.,1
Goa,Mapusa,Small Business,A small clothing shop has opened in Mapusa. as part of its business expansion.,0
Karnataka,Bengaluru,Finance,A financial institution has increased its workforce in Bengaluru.,0
Goa,Margao,Hospitality,A hotel expansion will add more than 250 rooms and new guest facilities in Margao. after planning authority approval.,1
Goa,Baga,Healthcare,A new healthcare campus is expected to serve thousands of patients in the Baga region. after planning authority approval.,1
Goa,Mapusa,Employment,A consulting company has announced recruitment in Mapusa.,0
Maharashtra,Alibaug,Healthcare,A large medical facility with residential accommodation for staff is proposed in Alibaug. following an investment proposal.,1
Goa,Baga,Finance,A banking company has announced expansion of its branch network in Baga. according to the company.,0
Goa,Panaji,Institutional,A research and development campus is being developed near Panaji. as part of a planned expansion.,1
Maharashtra,Thane,Small Business,A local café has expanded its operations in Thane. according to local reports.,0
Goa,Baga,Small Business,A local café has expanded its operations in Baga. according to the company.,0
Goa,Morjim,Transport,A transport operator has announced new routes from Morjim. following a recent launch.,0
Karnataka,Bengaluru,Finance,A financial institution has increased its workforce in Bengaluru. as part of its market expansion.,0
Goa,Anjuna,Transport,A transport operator has announced new routes from Anjuna. as part of its market expansion.,0
Karnataka,Hubballi,Healthcare,A new healthcare campus is expected to serve thousands of patients in the Hubballi region.,1
Maharashtra,Pune,Small Business,A local café has expanded its operations in Pune. following the latest business update.,0
Maharashtra,Pune,Transport,A transport operator has announced new routes from Pune. following a corporate announcement.,0
Goa,Calangute,Employment,A retail company plans to recruit staff in Calangute. according to the company.,0
Goa,Ponda,Entertainment,A cinema chain has announced a new screen in Ponda. as part of its regional growth strategy.,0
Goa,Calangute,Corporate,A legal services company has opened a new office in Calangute.,0
Goa,Baga,Commercial,A new business park with multiple commercial buildings is being developed in Baga. following regulatory approval.,1
Karnataka,Udupi,Senior Living,A retirement housing development has received approval in Udupi. after receiving development permission.,1
Karnataka,Mysuru,Technology,A software company has opened a new technology office in Mysuru. according to the company.,0
Karnataka,Hassan,Industrial,An industrial estate with multiple manufacturing units has been approved near Hassan. following a new project announcement.,1
Karnataka,Mysuru,Senior Living,A retirement community with healthcare and accommodation facilities is proposed in Mysuru. following a new project announcement.,1
Karnataka,Hubballi,Transport,A logistics company has expanded its delivery network in Hubballi.,0
Maharashtra,Pune,Corporate,A consulting company has expanded its office space in Pune. according to local reports.,0
Goa,Ponda,Events,A business networking event will take place in Ponda. as part of its regional growth strategy.,0
Maharashtra,Nashik,Entertainment,An entertainment brand has expanded its operations in Nashik. according to the company.,0
Goa,Baga,Education,A university expansion will include new student residences and academic buildings in Baga. after receiving development permission.,1
Maharashtra,Nagpur,Employment,A company has announced hiring for its Nagpur operations.,0
Maharashtra,Thane,Events,A cultural festival is scheduled to take place in Thane. following a corporate announcement.,0
Goa,Morjim,Healthcare,A medical institution has announced construction of a new healthcare complex in Morjim.,1
Maharashtra,Pune,Commercial,A large commercial complex is planned in Pune. following an investment proposal.,1
Karnataka,Mysuru,Industrial,An industrial estate with multiple manufacturing units has been approved near Mysuru. following an investment proposal.,1
Maharashtra,Pune,Residential,A real estate developer has announced a large apartment project in Pune with multiple residential towers.,1
Maharashtra,Lonavala,Small Business,A restaurant has launched a new location in Lonavala. as part of its business expansion.,0
Maharashtra,Thane,Hospitality,A beach resort project with 500 guest rooms is proposed in Thane.,1
Maharashtra,Pune,Healthcare,A medical institution has announced construction of a new healthcare complex in Pune. after planning authority approval.,1
Goa,Morjim,Residential,A mixed-use residential development with 300 apartments is planned on the outskirts of Morjim. after planning authority approval.,1
Maharashtra,Mumbai,Education,A new university campus with student accommodation is planned near Mumbai.,1
Maharashtra,Navi Mumbai,Employment,A startup is hiring employees for its Navi Mumbai office. according to local reports.,0
Karnataka,Mangaluru,Retail,A supermarket chain has launched a retail outlet in Mangaluru. according to the company announcement.,0
Karnataka,Mysuru,Industrial,A large industrial expansion project has been announced near Mysuru. following an investment proposal.,1
Goa,Panaji,Finance,A banking company has announced expansion of its branch network in Panaji. following a corporate announcement.,0
Karnataka,Mysuru,Healthcare,A private healthcare group is acquiring land for a new hospital near Mysuru.,1
Karnataka,Belagavi,Education,A university expansion will include new student residences and academic buildings in Belagavi. following an investment proposal.,1
Maharashtra,Chhatrapati Sambhajinagar,Institutional,A large institutional campus is planned near Chhatrapati Sambhajinagar. after planning authority approval.,1
Karnataka,Coorg,Finance,A bank has opened a new branch in Coorg. following the latest business update.,0
Karnataka,Hubballi,Healthcare,A new healthcare campus is expected to serve thousands of patients in the Hubballi region. following regulatory approval.,1
Karnataka,Mangaluru,Finance,A bank has opened a new branch in Mangaluru. as part of its regional growth strategy.,0
Goa,Candolim,Hospitality,"A new hospitality complex with restaurants, accommodation and recreational facilities is planned near Candolim.",1
Maharashtra,Nashik,Institutional,A large training centre with residential accommodation is planned in Nashik. as part of a major private investment.,1
Karnataka,Belagavi,Institutional,A research and development campus is being developed near Belagavi.,1
Karnataka,Bengaluru,Transport,A railway service has announced schedule changes affecting Bengaluru. according to the company announcement.,0
Goa,Panaji,Logistics,A freight and warehousing facility has received development approval near Panaji. following an investment proposal.,1
Goa,Candolim,Education,A private university has announced a residential campus project in Candolim. after receiving preliminary clearance.,1
Goa,Mapusa,Finance,A financial institution has increased its workforce in Mapusa.,0
Maharashtra,Alibaug,Healthcare,A hospital expansion project will add new patient accommodation and treatment facilities in Alibaug. after receiving development permission.,1
Goa,Anjuna,Events,A music event has been announced in Anjuna. following a recent launch.,0
Goa,Candolim,Corporate,A recruitment company has expanded its operations in Candolim. according to the company.,0
Maharashtra,Chhatrapati Sambhajinagar,Employment,A retail company plans to recruit staff in Chhatrapati Sambhajinagar. as part of its operational expansion.,0
Karnataka,Manipal,Institutional,A government-supported campus project has received approval in Manipal. as part of a planned expansion.,1
Goa,Candolim,Retail,A footwear brand has expanded its retail presence in Candolim. as part of its market expansion.,0
Goa,Panaji,Technology,An IT company announced plans to increase its workforce in Panaji. according to the company.,0
Karnataka,Hubballi,Senior Living,A new senior living community with residential facilities is planned near Hubballi.,1
Maharashtra,Nashik,Industrial,A major industrial company has announced a new production facility near Nashik. after planning authority approval.,1
Karnataka,Coorg,Employment,A financial company has announced recruitment in Coorg. as part of its operational expansion.,0
Karnataka,Mysuru,Tourism,A new destination tourism complex is being planned in Mysuru. as part of a major private investment.,1
Goa,Vasco da Gama,Events,A music event has been announced in Vasco da Gama. as part of its regional growth strategy.,0
Maharashtra,Mumbai,Senior Living,A retirement housing development has received approval in Mumbai. as part of a planned expansion.,1
Maharashtra,Chhatrapati Sambhajinagar,Senior Living,A retirement community with healthcare and accommodation facilities is proposed in Chhatrapati Sambhajinagar. as part of a planned expansion.,1
Goa,Calangute,Healthcare,A private healthcare group is acquiring land for a new hospital near Calangute. after receiving preliminary clearance.,1
Karnataka,Manipal,Finance,A bank has opened a new branch in Manipal. as part of its regional growth strategy.,0
Goa,Panaji,Healthcare,A hospital developer has received approval for a new multi-building medical campus in Panaji. as part of regional infrastructure development.,1
Maharashtra,Lonavala,Events,A business networking event will take place in Lonavala. following a corporate announcement.,0
Maharashtra,Nagpur,Commercial,"A mixed-use development containing offices, retail space and public facilities is proposed near Nagpur. after planning authority approval.",1
Maharashtra,Kolhapur,Healthcare,A healthcare company has announced a major hospital project near Kolhapur. following an investment proposal.,1
Maharashtra,Kolhapur,Small Business,A local bakery has opened a new outlet in Kolhapur. as part of its regional growth strategy.,0
Maharashtra,Navi Mumbai,Technology,A software company has opened a new technology office in Navi Mumbai. as part of its regional growth strategy.,0
Karnataka,Belagavi,Employment,A financial company has announced recruitment in Belagavi. as part of its market expansion.,0
Karnataka,Udupi,Technology,A technology startup has launched a new software product from Udupi. following a recent launch.,0
Goa,Vasco da Gama,Industrial,A new production facility is expected to begin construction in the Vasco da Gama region. following the acquisition of land.,1
Maharashtra,Nashik,Education,A university expansion will include new student residences and academic buildings in Nashik.,1
Maharashtra,Nashik,Transport,A transport operator has announced new routes from Nashik. following a corporate announcement.,0
Goa,Vasco da Gama,Education,A new university development will accommodate several thousand students in Vasco da Gama. as part of a planned expansion.,1
Maharashtra,Thane,Healthcare,A medical institution has announced construction of a new healthcare complex in Thane.,1
Goa,Baga,Employment,A corporate employer has announced new vacancies in Baga. according to local reports.,0
Maharashtra,Lonavala,Events,A business conference will be held in Lonavala.,0
Goa,Calangute,Finance,A banking company has announced expansion of its branch network in Calangute. following a recent launch.,0
Karnataka,Tumakuru,Tourism,A tourism developer has announced a large visitor accommodation project near Tumakuru. following the acquisition of land.,1
Karnataka,Mysuru,Entertainment,A theatre company has announced a performance in Mysuru.,0
Maharashtra,Kolhapur,Entertainment,A music festival will take place in Kolhapur. following a corporate announcement.,0
Karnataka,Hassan,Finance,An insurance company has opened a new office in Hassan.,0
Maharashtra,Chhatrapati Sambhajinagar,Finance,A financial institution has increased its workforce in Chhatrapati Sambhajinagar. following a corporate announcement.,0
Maharashtra,Alibaug,Retail,A fashion retailer has opened a new store in Alibaug. following a recent launch.,0
Maharashtra,Nashik,Residential,A large residential complex with common amenities is under development near Nashik.,1
Goa,Morjim,Senior Living,A new senior living community with residential facilities is planned near Morjim. following the acquisition of land.,1
Maharashtra,Alibaug,Commercial,A developer has announced a multi-building commercial project in Alibaug. following regulatory approval.,1
Karnataka,Mangaluru,Residential,A developer has acquired land for a large residential township in Mangaluru. after receiving development permission.,1
Maharashtra,Thane,Small Business,A restaurant has launched a new location in Thane. as part of its regional growth strategy.,0
Goa,Mapusa,Finance,A banking company has announced expansion of its branch network in Mapusa.,0
Maharashtra,Chhatrapati Sambhajinagar,Retail,A lifestyle brand has opened its latest outlet in Chhatrapati Sambhajinagar. as part of its market expansion.,0
Karnataka,Coorg,Hospitality,A beach resort project with 200 guest rooms is proposed in Coorg. following regulatory approval.,1
Karnataka,Mangaluru,Residential,A new housing project targeting more than 7000 residents has received preliminary approval in Mangaluru.,1
Karnataka,Bengaluru,Education,An educational trust has acquired land for a large institutional campus near Bengaluru. after receiving development permission.,1
Karnataka,Hubballi,Hospitality,A hotel expansion will add more than 150 rooms and new guest facilities in Hubballi. following regulatory approval.,1
Karnataka,Coorg,Residential,A developer has acquired land for a large residential township in Coorg. following regulatory approval.,1
Maharashtra,Alibaug,Commercial,A mixed-use property development with offices and retail facilities is planned in Alibaug. as part of a major private investment.,1
Goa,Margao,Transport,A transport operator has announced new routes from Margao.,0
Karnataka,Manipal,Residential,Planning authorities have approved a 1200-unit housing project near Manipal. as part of a planned expansion.,1
Maharashtra,Navi Mumbai,Hospitality,"A new hospitality complex with restaurants, accommodation and recreational facilities is planned near Navi Mumbai. as part of regional infrastructure development.",1
Karnataka,Belagavi,Small Business,A local bakery has opened a new outlet in Belagavi. as part of its market expansion.,0
Maharashtra,Mumbai,Small Business,A convenience store has opened a new location in Mumbai. according to the company.,0
Maharashtra,Nashik,Retail,A lifestyle brand has opened its latest outlet in Nashik. according to the company.,0
Maharashtra,Thane,Technology,A technology firm has expanded its office operations in Thane.,0
Goa,Morjim,Commercial,A new corporate campus with multiple buildings is planned near Morjim.,1
Karnataka,Tumakuru,Corporate,A professional services firm has opened a new office in Tumakuru. as part of its operational expansion.,0
Karnataka,Tumakuru,Institutional,A new administrative and residential campus is proposed near Tumakuru.,1
Maharashtra,Chhatrapati Sambhajinagar,Logistics,A large warehousing and distribution centre is proposed near Chhatrapati Sambhajinagar. following a new project announcement.,1
Maharashtra,Chhatrapati Sambhajinagar,Logistics,A new supply-chain facility with employee amenities is planned near Chhatrapati Sambhajinagar. after receiving preliminary clearance.,1
Karnataka,Mysuru,Institutional,An institutional development with multiple buildings has been approved near Mysuru. after receiving development permission.,1
Karnataka,Belagavi,Hospitality,A hotel expansion will add more than 750 rooms and new guest facilities in Belagavi.,1
Maharashtra,Pune,Entertainment,An entertainment company has launched a new venue in Pune. according to the company.,0
Maharashtra,Alibaug,Education,A large educational institution is developing a campus with hostels and dining facilities near Alibaug. as part of a major private investment.,1
Karnataka,Bengaluru,Tourism,A major tourism investment has been announced near Bengaluru. as part of regional infrastructure development.,1
Goa,Morjim,Commercial,A new business park with multiple commercial buildings is being developed in Morjim. as part of a planned expansion.,1
Goa,Baga,Industrial,A large manufacturing campus with employee facilities is proposed near Baga. as part of a major private investment.,1
Goa,Mapusa,Commercial,A major commercial township has received development approval in Mapusa. as part of a planned expansion.,1
Maharashtra,Lonavala,Events,A business networking event will take place in Lonavala.,0
Goa,Margao,Transport,A transportation company has increased its fleet operations in Margao. as part of its operational expansion.,0
Goa,Vasco da Gama,Events,A business networking event will take place in Vasco da Gama. following a corporate announcement.,0
Karnataka,Coorg,Logistics,A major e-commerce logistics hub is being developed near Coorg. following the acquisition of land.,1
Karnataka,Tumakuru,Commercial,A mixed-use property development with offices and retail facilities is planned in Tumakuru. following a new project announcement.,1
Maharashtra,Pune,Healthcare,Planning authorities have approved a new medical campus in Pune. following the acquisition of land.,1
Maharashtra,Lonavala,Small Business,A small fitness studio has opened in Lonavala. following a corporate announcement.,0
Maharashtra,Kolhapur,Commercial,A new business park with multiple commercial buildings is being developed in Kolhapur. following an investment proposal.,1
Karnataka,Hubballi,Technology,A software company has opened a new technology office in Hubballi.,0
Karnataka,Udupi,Employment,A business process outsourcing company is hiring in Udupi. according to the company.,0
Goa,Ponda,Residential,A developer has acquired land for a large residential township in Ponda. following the acquisition of land.,1
Goa,Vasco da Gama,Transport,A ride-sharing company has expanded services in Vasco da Gama. according to the company.,0
Maharashtra,Kolhapur,Institutional,A government-supported campus project has received approval in Kolhapur.,1
Goa,Morjim,Corporate,A legal services company has opened a new office in Morjim. according to the company announcement.,0
Goa,Margao,Corporate,A management consulting company has announced expansion in Margao.,0
Maharashtra,Mumbai,Hospitality,A hotel expansion will add more than 300 rooms and new guest facilities in Mumbai. after receiving development permission.,1
